TEAM_ABBR,PLAYER_ID,PLAYER_NAME,GAMES,MIN_sum,MIN,FGM_sum,FGM,FGA_sum,FGA,FG3M_sum,FG3M,FG3A_sum,FG3A,FTM_sum,FTM,FTA_sum,FTA,AST_sum,AST,REB_sum,REB,TOV_sum,TOV,PTS_sum,PTS,shot_raw,scoring_raw,three_raw,free_throw_raw,assist_raw,rebound_raw,turnover_raw,minutes_raw,player_fg_pct,player_fg3_pct,player_ft_pct,shot_weight,scoring_weight,three_weight,free_throw_weight,assist_weight,rebound_weight,turnover_weight,minutes_weight,rotation_rank,rotation_min_raw,locked_star_min,expected_min,availability_weight
ATL,1629638.0,Nickeil Alexander-Walker,78,2603.0,33.37179487179487,548.0,7.0256410256410255,1195.0,15.320512820512821,251.0,3.217948717948718,629.0,8.064102564102564,277.0,3.551282051282051,307.0,3.9358974358974357,286.0,3.6666666666666665,268.0,3.4358974358974357,162.0,2.076923076923077,1624.0,20.82051282051282,1401.58,20.652381993006987,629.0,3.7346299533799527,286.0,268.0,162.0,2603.0,0.4585774058577406,0.3990461049284579,0.9022801302931596,0.15706898986254025,0.1904708158920395,0.19431572443620637,0.2065375204776317,0.11578947368421053,0.07523862998315553,0.1478102189781022,0.13195782216364188,1,33.37179487179487,33.37179487179487,33.4,0.9488636363636362
ATL,1630552.0,Jalen Johnson,72,2535.0,35.208333333333336,600.0,8.333333333333334,1228.0,17.055555555555557,120.0,1.6666666666666667,341.0,4.736111111111111,301.0,4.180555555555555,382.0,5.305555555555555,566.0,7.861111111111111,740.0,10.277777777777779,244.0,3.388888888888889,1621.0,22.51388888888889,1537.58,23.635833333333334,341.0,5.305555555555555,566.0,740.0,244.0,2535.0,0.48859934853420195,0.3519061583577713,0.7879581151832461,0.17230991982822574,0.21798630592890667,0.10534445474204511,0.29341495754058294,0.2291497975708502,0.20774845592363841,0.22262773722627738,0.12851059515360438,2,35.208333333333336,35.208333333333336,35.2,1.0
ATL,1630700.0,Dyson Daniels,76,2523.0,33.19736842105263,402.0,5.2894736842105265,777.0,10.223684210526315,22.0,0.2894736842105263,117.0,1.5394736842105263,75.0,0.9868421052631579,122.0,1.605263157894737,449.0,5.907894736842105,520.0,6.842105263157895,135.0,1.7763157894736843,901.0,11.855263157894736,942.93,12.066180098684208,117.0,1.354440789473684,449.0,520.0,135.0,2523.0,0.5173745173745173,0.18803418803418803,0.6147540983606558,0.10567007420988105,0.11128281323069045,0.03614457831325301,0.07490510325888779,0.18178137651821863,0.145985401459854,0.12317518248175183,0.12790226097536248,3,33.19736842105263,0.0,29.7,0.8437499999999999
ATL,1630168.0,Onyeka Okongwu,74,2300.0,31.08108108108108,413.0,5.581081081081081,860.0,11.621621621621621,144.0,1.945945945945946,383.0,5.175675675675675,153.0,2.0675675675675675,202.0,2.72972972972973,231.0,3.1216216216216215,562.0,7.594594594594595,127.0,1.7162162162162162,1123.0,15.175675675675675,1006.63,13.01630835380835,383.0,2.155866093366093,231.0,562.0,127.0,2300.0,0.48023255813953486,0.37597911227154046,0.7574257425742574,0.1128086568482205,0.12004556534407153,0.11831943157244362,0.11922660155463354,0.09352226720647773,0.15777653003930375,0.11587591240875912,0.11659738416303356,4,31.08108108108108,0.0,27.8,0.7897727272727272
ATL,1642258.0,Zaccharie Risacher,67,1500.0,22.388059701492537,244.0,3.6417910447761193,536.0,8.0,95.0,1.4179104477611941,258.0,3.8507462686567164,58.0,0.8656716417910447,90.0,1.3432835820895523,76.0,1.1343283582089552,257.0,3.8358208955223883,58.0,0.8656716417910447,641.0,9.567164179104477,594.6,6.186397557666214,258.0,0.7632293080054274,76.0,257.0,58.0,1500.0,0.4552238805970149,0.3682170542635659,0.6444444444444445,0.06663424233526909,0.057055316458904985,0.07970342910101946,0.04220913204228835,0.03076923076923077,0.07215047725996632,0.05291970802919708,0.07604177228023928,5,22.388059701492537,0.0,20.0,0.5681818181818181
ATL,203468.0,CJ McCollum,41,1179.0,28.75609756097561,285.0,6.951219512195122,625.0,15.24390243902439,95.0,2.317073170731707,266.0,6.487804878048781,101.0,2.4634146341463414,135.0,3.292682926829268,167.0,4.073170731707317,128.0,3.1219512195121952,77.0,1.8780487804878048,766.0,18.682926829268293,726.15,14.045872713414632,266.0,2.4040327050997776,167.0,128.0,77.0,1179.0,0.456,0.35714285714285715,0.7481481481481481,0.08137648010722442,0.1295409331739894,0.0821748532591906,0.1329510447505176,0.06761133603238867,0.035934868051656375,0.07025547445255474,0.059768833012268076,6,28.75609756097561,0.0,25.7,0.7301136363636362
ATL,1631243.0,Mouhamed Gueye,77,1178.0,15.2987012987013,131.0,1.7012987012987013,290.0,3.7662337662337664,40.0,0.5194805194805194,130.0,1.6883116883116882,40.0,0.5194805194805194,62.0,0.8051948051948052,69.0,0.8961038961038961,275.0,3.5714285714285716,33.0,0.42857142857142855,342.0,4.441558441558442,334.53,2.237951409386068,130.0,0.31338547815820544,69.0,275.0,33.0,1178.0,0.4517241379310345,0.3076923076923077,0.6451612903225806,0.03748932574574094,0.020639964485299547,0.040160642570281124,0.01733126452164662,0.027935222672064778,0.0772038180797305,0.030109489051094892,0.05971813849741458,7,15.2987012987013,0.0,13.7,0.3892045454545454
ATL,1630249.0,Vít Krejčí,46,1025.0,22.282608695652176,143.0,3.108695652173913,308.0,6.695652173913044,101.0,2.1956521739130435,239.0,5.195652173913044,27.0,0.5869565217391305,36.0,0.782608695652174,68.0,1.4782608695652173,97.0,2.108695652173913,30.0,0.6521739130434783,414.0,9.0,340.84,5.735383522727271,239.0,0.4424407114624505,68.0,97.0,30.0,1025.0,0.4642857142857143,0.4225941422594142,0.75,0.03819646006988414,0.05289574729915047,0.07383379672536299,0.02446845032694915,0.027530364372469637,0.027231892195395846,0.02737226277372263,0.05196187772483017,8,22.282608695652176,0.0,19.9,0.565340909090909
ATL,1628379.0,Luke Kennard,46,945.0,20.543478260869566,129.0,2.8043478260869565,240.0,5.217391304347826,74.0,1.608695652173913,149.0,3.239130434782609,32.0,0.6956521739130435,35.0,0.7608695652173914,96.0,2.0869565217391304,99.0,2.152173913043478,32.0,0.6956521739130435,364.0,7.913043478260869,279.4,4.650113636363635,149.0,0.39772727272727265,96.0,99.0,32.0,945.0,0.5375,0.4966442953020134,0.9142857142857143,0.0313111458265627,0.04288662385814804,0.046030274945937595,0.02199564769759248,0.038866396761133605,0.027793374508702975,0.029197080291970802,0.047906316536550746,9,20.543478260869566,0.0,18.4,0.5227272727272726
ATL,1630557.0,Corey Kispert,39,712.0,18.256410256410255,125.0,3.2051282051282053,275.0,7.051282051282051,57.0,1.4615384615384615,161.0,4.128205128205129,51.0,1.3076923076923077,63.0,1.6153846153846154,60.0,1.5384615384615385,88.0,2.2564102564102564,31.0,0.7948717948717948,358.0,9.179487179487179,317.72,4.58122851107226,161.0,0.7480332167832168,60.0,88.0,31.0,712.0,0.45454545454545453,0.35403726708074534,0.8095238095238095,0.035605501975717616,0.04225131670464312,0.049737411183194316,0.04136873740047202,0.024291497975708502,0.024705221785513758,0.028284671532846715,0.03609449457568691,10,18.256410256410255,0.0,16.3,0.4630681818181818
ATL,1630811.0,Keaton Wallace,52,534.0,10.26923076923077,68.0,1.3076923076923077,171.0,3.2884615384615383,38.0,0.7307692307692307,102.0,1.9615384615384615,12.0,0.23076923076923078,18.0,0.34615384615384615,94.0,1.8076923076923077,56.0,1.0769230769230769,28.0,0.5384615384615384,186.0,3.576923076923077,202.42,0.06012692307692308,102.0,0.006923076923076923,94.0,56.0,28.0,534.0,0.39766081871345027,0.37254901960784315,0.6666666666666666,0.022684331203338657,0.0005545328427208684,0.03151065801668211,0.0003828692961866648,0.03805668016194332,0.015721504772599662,0.025547445255474453,0.027070870931765183,11,0.0,0.0,0.0,0.02
ATL,1642854.0,Asa Newell,43,502.0,11.674418604651162,91.0,2.116279069767442,169.0,3.9302325581395348,29.0,0.6744186046511628,75.0,1.744186046511628,16.0,0.37209302325581395,29.0,0.6744186046511628,26.0,0.6046511627906976,96.0,2.2325581395348837,23.0,0.5348837209302325,227.0,5.27906976744186,188.26,0.08448372093023256,75.0,0.013488372093023256,26.0,96.0,23.0,502.0,0.5384615384615384,0.38666666666666666,0.5517241379310345,0.02109748143632317,0.0007791683913567697,0.023169601482854494,0.0007459520654386182,0.010526315789473684,0.02695115103874228,0.020985401459854013,0.02544864645645341,12,0.0,0.0,0.0,0.02
ATL,1629111.0,Jock Landale,23,447.0,19.434782608695652,82.0,3.5652173913043477,159.0,6.913043478260869,25.0,1.0869565217391304,64.0,2.782608695652174,20.0,0.8695652173913043,37.0,1.608695652173913,40.0,1.7391304347826086,95.0,4.130434782608695,14.0,0.6086956521739131,209.0,9.08695652173913,185.28,0.1471478260869565,64.0,0.03217391304347826,40.0,95.0,14.0,447.0,0.5157232704402516,0.390625,0.5405405405405406,0.02076352576501624,0.001357100914606982,0.01977139326536917,0.0017793249416984134,0.016194331983805668,0.026670409882088714,0.012773722627737226,0.022660448139511305,13,0.0,0.0,0.0,0.02
ATL,204001.0,Kristaps Porziņģis,17,413.0,24.294117647058822,96.0,5.647058823529412,210.0,12.352941176470589,31.0,1.8235294117647058,86.0,5.0588235294117645,68.0,4.0,81.0,4.764705882352941,46.0,2.7058823529411766,87.0,5.117647058823529,16.0,0.9411764705882353,291.0,17.11764705882353,257.14,0.2776588235294118,86.0,0.09529411764705882,46.0,87.0,16.0,413.0,0.45714285714285713,0.36046511627906974,0.8395061728395061,0.028816564201296822,0.0025607652751715687,0.026567809700339822,0.005270083253392915,0.01862348178137652,0.02442448062886019,0.014598540145985401,0.020936834634492547,14,0.0,0.0,0.0,0.02
ATL,1630228.0,Jonathan Kuminga,16,353.0,22.0625,69.0,4.3125,145.0,9.0625,18.0,1.125,52.0,3.25,40.0,2.5,57.0,3.5625,33.0,2.0625,85.0,5.3125,21.0,1.3125,196.0,12.25,178.33,0.20015000000000002,52.0,0.07125000000000001,33.0,85.0,21.0,353.0,0.47586206896551725,0.34615384615384615,0.7017543859649122,0.019984669417505107,0.0018459243013082118,0.01606425702811245,0.003940363173254426,0.013360323886639677,0.02386299831555306,0.01916058394160584,0.017895163743282975,15,0.0,0.0,0.0,0.02
ATL,1629216.0,Gabe Vincent,24,319.0,13.291666666666666,31.0,1.2916666666666667,86.0,3.5833333333333335,21.0,0.875,70.0,2.9166666666666665,10.0,0.4166666666666667,12.0,0.5,39.0,1.625,27.0,1.125,15.0,0.625,93.0,3.875,101.03,0.06551666666666665,70.0,0.01,39.0,27.0,15.0,319.0,0.36046511627906974,0.3,0.8333333333333334,0.011321993782597099,0.0006042408550622515,0.02162496138399753,0.0005530334278251825,0.015789473684210527,0.007580011229646266,0.013686131386861315,0.01617155023826422,16,0.0,0.0,0.0,0.02
ATL,1629027.0,Trae Young,10,279.0,27.9,56.0,5.6,135.0,13.5,18.0,1.8,59.0,5.9,63.0,6.3,73.0,7.3,89.0,8.9,15.0,1.5,26.0,2.6,193.0,19.3,189.37,0.31516,59.0,0.146,89.0,15.0,26.0,279.0,0.4148148148148148,0.3050847457627119,0.863013698630137,0.02122187432060193,0.0029066275433439715,0.0182267531665122,0.008074288046247664,0.03603238866396761,0.004211117349803481,0.023722627737226276,0.014143769644124506,17,0.0,0.0,0.0,0.02
ATL,1631132.0,Christian Koloko,14,157.0,11.214285714285714,17.0,1.2142857142857142,39.0,2.7857142857142856,1.0,0.07142857142857142,8.0,0.5714285714285714,9.0,0.6428571428571429,11.0,0.7857142857142857,8.0,0.5714285714285714,36.0,2.5714285714285716,9.0,0.6428571428571429,44.0,3.142857142857143,45.84,0.05337142857142857,8.0,0.015714285714285715,8.0,36.0,9.0,157.0,0.4358974358974359,0.125,0.8181818181818182,0.005137089923728111,0.0004922289132927075,0.002471424158171146,0.0008690525294395725,0.0032388663967611335,0.010106681639528355,0.008211678832116789,0.007959038831998378,18,0.0,0.0,0.0,0.02
ATL,1631216.0,Caleb Houstan,18,75.0,4.166666666666667,14.0,0.7777777777777778,26.0,1.4444444444444444,11.0,0.6111111111111112,21.0,1.1666666666666667,3.0,0.16666666666666666,3.0,0.16666666666666666,4.0,0.2222222222222222,11.0,0.6111111111111112,4.0,0.2222222222222222,42.0,2.3333333333333335,28.32,0.03558888888888889,21.0,0.003333333333333333,4.0,11.0,4.0,75.0,0.5384615384615384,0.5238095238095238,1.0,0.0031736995340309795,0.0003282258049290922,0.006487488415199258,0.00018434447594172749,0.0016194331983805667,0.0030881527231892197,0.0036496350364963502,0.003802088614011964,19,0.0,0.0,0.0,0.02
ATL,1627741.0,Buddy Hield,7,51.0,7.285714285714286,13.0,1.8571428571428572,27.0,3.857142857142857,7.0,1.0,17.0,2.4285714285714284,3.0,0.42857142857142855,3.0,0.42857142857142855,5.0,0.7142857142857143,8.0,1.1428571428571428,6.0,0.8571428571428571,36.0,5.142857142857143,29.57,0.08194285714285714,17.0,0.008571428571428572,5.0,8.0,6.0,51.0,0.48148148148148145,0.4117647058823529,1.0,0.003313781610921471,0.0007557347555264909,0.005251776336113685,0.000474028652421585,0.0020242914979757085,0.0022459292532285235,0.005474452554744526,0.0025854202575281353,20,0.0,0.0,0.0,0.02
ATL,1628396.0,Tony Bradley,3,35.0,11.666666666666666,5.0,1.6666666666666667,11.0,3.6666666666666665,1.0,0.3333333333333333,2.0,0.6666666666666666,0.0,0.0,0.0,0.0,2.0,0.6666666666666666,9.0,3.0,1.0,0.3333333333333333,11.0,3.6666666666666665,11.5,0.062333333333333324,2.0,0.0,2.0,9.0,1.0,35.0,0.45454545454545453,0.5,0.77,0.0012887551073925234,0.0005748819124733708,0.0006178560395427865,0.0,0.0008097165991902834,0.0025266704098820887,0.0009124087591240876,0.0017743080198722497,21,0.0,0.0,0.0,0.02
ATL,1642484.0,RayJ Dennis,3,35.0,11.666666666666666,4.0,1.3333333333333333,11.0,3.6666666666666665,2.0,0.6666666666666666,7.0,2.3333333333333335,0.0,0.0,0.0,0.0,7.0,2.3333333333333335,3.0,1.0,2.0,0.6666666666666666,10.0,3.3333333333333335,12.75,0.058333333333333334,7.0,0.0,7.0,3.0,2.0,35.0,0.36363636363636365,0.2857142857142857,0.77,0.0014288371842830151,0.0005379910945606413,0.002162496138399753,0.0,0.002834008097165992,0.0008422234699606962,0.0018248175182481751,0.0017743080198722497,22,0.0,0.0,0.0,0.02
ATL,1642933.0,Keshon Gilbert,1,26.0,26.0,4.0,4.0,8.0,8.0,0.0,0.0,1.0,1.0,3.0,3.0,3.0,3.0,9.0,9.0,0.0,0.0,2.0,2.0,11.0,11.0,11.57,0.1786,1.0,0.06,9.0,0.0,2.0,26.0,0.5,0.0,1.0,0.001296599703698391,0.0016471750198033804,0.00030892801977139327,0.003318200566951095,0.0036437246963562753,0.0,0.0018248175182481751,0.0013180573861908142,23,0.0,0.0,0.0,0.02
BKN,1629651.0,Nic Claxton,69,1920.0,27.82608695652174,333.0,4.826086956521739,583.0,8.44927536231884,3.0,0.043478260869565216,19.0,0.2753623188405797,141.0,2.0434782608695654,229.0,3.318840579710145,253.0,3.6666666666666665,478.0,6.927536231884058,96.0,1.391304347826087,810.0,11.73913043478261,747.01,11.856890153054314,19.0,2.8742606889701565,253.0,478.0,96.0,1920.0,0.5711835334476844,0.15789473684210525,0.6157205240174672,0.09472333421672965,0.11893676012009183,0.006260296540362438,0.1543845750222784,0.12836123795027904,0.15050377833753148,0.08149405772495756,0.10029775897194797,1,27.82608695652174,27.82608695652174,27.8,0.8660436137071651
BKN,1641730.0,Noah Clowney,66,1782.0,27.0,250.0,3.787878787878788,631.0,9.56060606060606,129.0,1.9545454545454546,392.0,5.9393939393939394,180.0,2.727272727272727,224.0,3.393939393939394,108.0,1.6363636363636365,273.0,4.136363636363637,102.0,1.5454545454545454,809.0,12.257575757575758,756.56,11.917034834324554,392.0,2.854715378079864,108.0,273.0,102.0,1782.0,0.39619651347068147,0.32908163265306123,0.8035714285714286,0.09593430574558438,0.11954007291428982,0.12915980230642504,0.1533347417461752,0.0547945205479452,0.08595717884130982,0.0865874363327674,0.0930888575458392,2,27.0,27.0,27.0,0.8411214953271028
BKN,1629008.0,Michael Porter Jr.,52,1690.0,32.5,444.0,8.538461538461538,958.0,18.423076923076923,176.0,3.3846153846153846,485.0,9.326923076923077,195.0,3.75,227.0,4.365384615384615,158.0,3.0384615384615383,367.0,7.0576923076923075,122.0,2.3461538461538463,1259.0,24.21153846153846,1097.38,24.427884615384617,485.0,4.365384615384615,158.0,367.0,122.0,1690.0,0.46346555323590816,0.3628865979381443,0.8590308370044053,0.13915140694603126,0.2450367183331679,0.15980230642504117,0.2344770087282586,0.08016235413495687,0.11555415617128463,0.1035653650254669,0.0882829232617667,3,32.5,0.0,32.1,1.0
BKN,1629611.0,Terance Mann,63,1531.0,24.3015873015873,168.0,2.6666666666666665,368.0,5.841269841269841,56.0,0.8888888888888888,154.0,2.4444444444444446,63.0,1.0,80.0,1.2698412698412698,190.0,3.015873015873016,200.0,3.1746031746031744,71.0,1.126984126984127,455.0,7.222222222222222,450.7,7.127725856697817,154.0,0.9494140335261829,190.0,200.0,71.0,1531.0,0.45652173913043476,0.36363636363636365,0.7875,0.05715024796385598,0.07149839540357603,0.05074135090609555,0.05099568130636212,0.09639776763064434,0.06297229219143577,0.06027164685908319,0.07997701509690226,4,24.3015873015873,0.0,24.0,0.7476635514018691
BKN,1642962.0,Drake Powell,63,1319.0,20.936507936507937,144.0,2.2857142857142856,358.0,5.682539682539683,51.0,0.8095238095238095,182.0,2.888888888888889,69.0,1.0952380952380953,77.0,1.2222222222222223,91.0,1.4444444444444444,111.0,1.7619047619047619,60.0,0.9523809523809523,408.0,6.476190476190476,414.63,5.510838896306186,182.0,0.7881619937694704,91.0,111.0,60.0,1319.0,0.4022346368715084,0.2802197802197802,0.8961038961038961,0.052576452880527196,0.05527936207637042,0.059967051070840195,0.042334383559484684,0.046169457128361235,0.03494962216624685,0.050933786078098474,0.06890247087708301,5,20.936507936507937,0.0,20.7,0.6448598130841121
BKN,1642856.0,Egor Dëmin,52,1305.0,25.096153846153847,179.0,3.4423076923076925,449.0,8.634615384615385,124.0,2.3846153846153846,322.0,6.1923076923076925,54.0,1.0384615384615385,65.0,1.25,173.0,3.326923076923077,165.0,3.173076923076923,86.0,1.6538461538461537,536.0,10.307692307692308,520.85,9.426139468008628,322.0,0.9657320872274143,173.0,165.0,86.0,1305.0,0.3986636971046771,0.38509316770186336,0.8307692307692308,0.06604549956062655,0.09455383952226927,0.10609555189456343,0.05187216957881523,0.08777270421106037,0.05195214105793451,0.0730050933786078,0.06817113305124589,6,25.096153846153847,0.0,24.8,0.7725856697819314
BKN,1630533.0,Ziaire Williams,56,1280.0,22.857142857142858,184.0,3.2857142857142856,433.0,7.732142857142857,86.0,1.5357142857142858,251.0,4.482142857142857,119.0,2.125,140.0,2.5,60.0,1.0714285714285714,134.0,2.392857142857143,59.0,1.0535714285714286,573.0,10.232142857142858,509.6,8.2636593235425,251.0,1.7601246105919002,60.0,134.0,59.0,1280.0,0.42494226327944573,0.3426294820717131,0.85,0.06461896241930555,0.0828929722710768,0.08270181219110379,0.0945412122968729,0.030441400304414,0.04219143576826197,0.0500848896434635,0.0668651726479653,7,22.857142857142858,0.0,22.6,0.7040498442367601
BKN,1642849.0,Nolan Traore,56,1246.0,22.25,182.0,3.25,479.0,8.553571428571429,61.0,1.0892857142857142,192.0,3.4285714285714284,74.0,1.3214285714285714,94.0,1.6785714285714286,213.0,3.8035714285714284,99.0,1.7678571428571428,129.0,2.3035714285714284,499.0,8.910714285714286,573.61,7.518012906097017,192.0,1.1504227859368046,213.0,99.0,129.0,1246.0,0.37995824634655534,0.3177083333333333,0.7872340425531915,0.07273564174516847,0.075413374506289,0.06326194398682043,0.06179242320794348,0.1080669710806697,0.031171284634760706,0.10950764006791172,0.06508906649950373,8,22.25,0.0,22.0,0.6853582554517134
BKN,1642874.0,Danny Wolf,57,1192.0,20.912280701754387,178.0,3.1228070175438596,440.0,7.719298245614035,68.0,1.1929824561403508,211.0,3.7017543859649122,84.0,1.4736842105263157,109.0,1.912280701754386,127.0,2.2280701754385963,281.0,4.9298245614035086,73.0,1.280701754385965,508.0,8.912280701754385,519.71,6.788081106192272,211.0,1.2271957151445594,127.0,281.0,73.0,1192.0,0.40454545454545454,0.3222748815165877,0.7706422018348624,0.0659009437969727,0.06809141046102593,0.06952224052718287,0.0659161118122647,0.06443429731100964,0.08847607052896725,0.06196943972835314,0.0622681920284177,9,20.912280701754387,0.0,20.6,0.6417445482866044
BKN,1630549.0,Day'Ron Sharpe,62,1159.0,18.693548387096776,214.0,3.4516129032258065,356.0,5.741935483870968,9.0,0.14516129032258066,39.0,0.6290322580645161,103.0,1.6612903225806452,152.0,2.4516129032258065,145.0,2.338709677419355,413.0,6.661290322580645,106.0,1.7096774193548387,540.0,8.709677419354838,459.13,5.593782031956587,39.0,1.412923324289016,145.0,413.0,106.0,1159.0,0.601123595505618,0.23076923076923078,0.6776315789473685,0.05821919979508586,0.056111366733672466,0.012850082372322899,0.07589206079897419,0.07356671740233384,0.13003778337531485,0.0899830220713073,0.060544324296087346,10,18.693548387096776,0.0,18.5,0.5763239875389408
BKN,1642879.0,Ben Saraf,44,916.0,20.818181818181817,120.0,2.727272727272727,303.0,6.886363636363637,19.0,0.4318181818181818,90.0,2.0454545454545454,73.0,1.6590909090909092,88.0,2.0,145.0,3.2954545454545454,92.0,2.090909090909091,99.0,2.25,332.0,7.545454545454546,377.97,0.12937727272727273,90.0,0.04,145.0,92.0,99.0,916.0,0.39603960396039606,0.2111111111111111,0.8295454545454546,0.04792784384934246,0.001297786641583374,0.029654036243822075,0.0021485117980386695,0.07356671740233384,0.028967254408060455,0.08404074702886248,0.04785038917620018,11,0.0,0.0,0.0,0.02
BKN,1630592.0,Jalen Wilson,54,861.0,15.944444444444445,110.0,2.037037037037037,278.0,5.148148148148148,54.0,1.0,152.0,2.814814814814815,69.0,1.2777777777777777,96.0,1.7777777777777777,50.0,0.9259259259259259,114.0,2.111111111111111,38.0,0.7037037037037037,343.0,6.351851851851852,332.74,0.10587407407407406,152.0,0.035555555555555556,50.0,114.0,38.0,861.0,0.39568345323741005,0.35526315789473684,0.71875,0.04219253052472474,0.0010620254711427195,0.050082372322899506,0.0019097882649232617,0.025367833587011668,0.03589420654911839,0.03225806451612903,0.04497727628898292,12,0.0,0.0,0.0,0.02
BKN,1631213.0,Tyrese Martin,37,695.0,18.783783783783782,100.0,2.7027027027027026,255.0,6.891891891891892,51.0,1.3783783783783783,152.0,4.108108108108108,19.0,0.5135135135135135,26.0,0.7027027027027027,69.0,1.864864864864865,106.0,2.864864864864865,33.0,0.8918918918918919,270.0,7.297297297297297,283.69,0.12357297297297297,152.0,0.014054054054054054,69.0,106.0,33.0,695.0,0.39215686274509803,0.3355263157894737,0.7307692307692307,0.03597282858856513,0.0012395635663392784,0.050082372322899506,0.0007548825236352082,0.0350076103500761,0.033375314861460954,0.02801358234295416,0.036305699211199915,13,0.0,0.0,0.0,0.02
BKN,1630623.0,Tyson Etienne,24,380.0,15.833333333333334,58.0,2.4166666666666665,145.0,6.041666666666667,43.0,1.7916666666666667,108.0,4.5,30.0,1.25,36.0,1.5,40.0,1.6666666666666667,27.0,1.125,16.0,0.6666666666666666,189.0,7.875,170.84,0.12800833333333334,108.0,0.03,40.0,27.0,16.0,380.0,0.4,0.39814814814814814,0.8333333333333334,0.021663076019847252,0.0012840547764640896,0.03558484349258649,0.001611383848529002,0.020294266869609334,0.00850125944584383,0.013582342954159592,0.019850598129864703,14,0.0,0.0,0.0,0.02
BKN,1641869.0,Malachi Smith,15,359.0,23.933333333333334,48.0,3.2,99.0,6.6,20.0,1.3333333333333333,46.0,3.066666666666667,8.0,0.5333333333333333,8.0,0.5333333333333333,49.0,3.2666666666666666,51.0,3.4,14.0,0.9333333333333333,124.0,8.266666666666667,114.77,0.13337333333333334,46.0,0.010666666666666666,49.0,51.0,14.0,359.0,0.48484848484848486,0.43478260869565216,1.0,0.014553214907503331,0.0013378712249431978,0.015156507413509062,0.0005729364794769785,0.024860476915271434,0.01605793450881612,0.011884550084889643,0.01875359139110902,15,0.0,0.0,0.0,0.02
BKN,1630604.0,E.J. Liddell,26,349.0,13.423076923076923,54.0,2.076923076923077,111.0,4.269230769230769,18.0,0.6923076923076923,52.0,2.0,21.0,0.8076923076923077,26.0,1.0,24.0,0.9230769230769231,69.0,2.6538461538461537,15.0,0.5769230769230769,147.0,5.653846153846154,128.44,0.09139230769230769,52.0,0.02,24.0,69.0,15.0,349.0,0.4864864864864865,0.34615384615384615,0.8076923076923077,0.016286616038335172,0.0009167585122665199,0.0171334431630972,0.0010742558990193348,0.0121765601217656,0.02172544080604534,0.012733446519524618,0.018231207229796792,16,0.0,0.0,0.0,0.02
BKN,1643052.0,Chaney Johnson,17,345.0,20.294117647058822,51.0,3.0,94.0,5.529411764705882,9.0,0.5294117647058824,30.0,1.7647058823529411,28.0,1.6470588235294117,35.0,2.0588235294117645,36.0,2.1176470588235294,79.0,4.647058823529412,20.0,1.1764705882352942,139.0,8.176470588235293,118.4,0.1302941176470588,30.0,0.041176470588235294,36.0,79.0,20.0,345.0,0.5425531914893617,0.3,0.8,0.015013510891769577,0.0013069835357844924,0.009884678747940691,0.002211703321510395,0.0182648401826484,0.02487405541561713,0.01697792869269949,0.0180222535652719,17,0.0,0.0,0.0,0.02
BKN,1630534.0,Ochai Agbaji,20,323.0,16.15,50.0,2.5,110.0,5.5,22.0,1.1,63.0,3.15,11.0,0.55,14.0,0.7,17.0,0.85,46.0,2.3,12.0,0.6,133.0,6.65,120.41,0.10884,63.0,0.013999999999999999,17.0,46.0,12.0,323.0,0.45454545454545453,0.3492063492063492,0.7857142857142857,0.015268385527685597,0.0010917767478967634,0.020757825370675453,0.0007519791293135342,0.008625063419583967,0.014483627204030227,0.010186757215619695,0.016873008410385,18,0.0,0.0,0.0,0.02
BKN,1631169.0,Josh Minott,16,308.0,19.25,57.0,3.5625,116.0,7.25,30.0,1.875,76.0,4.75,28.0,1.75,35.0,2.1875,13.0,0.8125,40.0,2.5,23.0,1.4375,172.0,10.75,134.65,0.1700625,76.0,0.043750000000000004,13.0,40.0,23.0,308.0,0.49137931034482757,0.39473684210526316,0.8,0.017074064540344373,0.0017059011685886928,0.025041186161449753,0.0023499347791047947,0.006595636732623034,0.012594458438287154,0.019524617996604415,0.016089432168416653,19,0.0,0.0,0.0,0.02
BKN,1630286.0,Trevon Scott,6,183.0,30.5,19.0,3.1666666666666665,50.0,8.333333333333334,6.0,1.0,19.0,3.1666666666666665,4.0,0.6666666666666666,6.0,1.0,10.0,1.6666666666666667,31.0,5.166666666666667,4.0,0.6666666666666666,48.0,8.0,55.14,0.13986666666666667,19.0,0.02,10.0,31.0,4.0,183.0,0.38,0.3157894736842105,0.6666666666666666,0.006991934041994717,0.001403006013161466,0.006260296540362438,0.0010742558990193348,0.0050735667174023336,0.009760705289672544,0.003395585738539898,0.009559630152013792,20,0.0,0.0,0.0,0.02
BOS,1628401.0,Derrick White,77,2623.0,34.064935064935064,437.0,5.675324675324675,1108.0,14.38961038961039,209.0,2.7142857142857144,640.0,8.311688311688311,184.0,2.3896103896103895,204.0,2.6493506493506493,414.0,5.376623376623376,339.0,4.402597402597403,134.0,1.7402597402597402,1267.0,16.454545454545453,1301.26,18.87655844155844,640.0,2.6493506493506493,414.0,339.0,134.0,2623.0,0.3944043321299639,0.3265625,0.9019607843137255,0.15218169272691123,0.1764726653235417,0.1859924440569602,0.16082016869043284,0.2051536174430129,0.0895877378435518,0.14225053078556263,0.13356757307261433,1,34.064935064935064,34.064935064935064,34.1,1.0
BOS,1630202.0,Payton Pritchard,79,2561.0,32.41772151898734,506.0,6.405063291139241,1091.0,13.810126582278482,212.0,2.6835443037974684,562.0,7.113924050632911,121.0,1.5316455696202531,136.0,1.7215189873417722,408.0,5.1645569620253164,312.0,3.949367088607595,109.0,1.379746835443038,1345.0,17.025316455696203,1252.84,17.783978618359995,562.0,1.63569546011359,408.0,312.0,109.0,2561.0,0.46379468377635197,0.37722419928825623,0.8897058823529411,0.14651899844457178,0.16625838425766348,0.16332461493751815,0.09928954473660043,0.20218037661050545,0.0824524312896406,0.11571125265392782,0.13041042876056624,2,32.41772151898734,32.41772151898734,32.4,0.9501466275659823
BOS,1627759.0,Jaylen Brown,71,2442.0,34.394366197183096,736.0,10.366197183098592,1543.0,21.732394366197184,140.0,1.971830985915493,404.0,5.690140845070423,426.0,6.0,536.0,7.549295774647887,364.0,5.126760563380282,492.0,6.929577464788732,259.0,3.647887323943662,2038.0,28.704225352112676,1869.84,28.304830035934078,404.0,7.4828796827888135,364.0,492.0,259.0,2442.0,0.4769928710304601,0.3465346534653465,0.7947761194029851,0.21867683347562186,0.2646154389549167,0.11740773031095612,0.4542237446640972,0.18037661050545095,0.13002114164904863,0.2749469214437367,0.12435074854873206,3,34.394366197183096,0.0,33.8,0.9912023460410556
BOS,1630573.0,Sam Hauser,78,1933.0,24.78205128205128,252.0,3.230769230769231,601.0,7.705128205128205,198.0,2.5384615384615383,504.0,6.461538461538462,17.0,0.21794871794871795,20.0,0.2564102564102564,114.0,1.4615384615384615,300.0,3.8461538461538463,35.0,0.44871794871794873,719.0,9.217948717948717,638.3,7.974904880066168,504.0,0.18347244153695763,114.0,300.0,35.0,1933.0,0.4193011647254576,0.39285714285714285,0.85,0.07464885915772977,0.07455557771529912,0.14646904969485613,0.011137094670820935,0.05649157581764123,0.07928118393234672,0.037154989384288746,0.09843161218046645,4,24.78205128205128,0.0,24.4,0.7155425219941348
BOS,1629674.0,Neemias Queta,76,1927.0,25.355263157894736,326.0,4.2894736842105265,499.0,6.565789473684211,1.0,0.013157894736842105,8.0,0.10526315789473684,123.0,1.618421052631579,175.0,2.3026315789473686,126.0,1.6578947368421053,636.0,8.368421052631579,75.0,0.9868421052631579,776.0,10.210526315789474,607.5,8.584331686988731,8.0,1.6813937336008642,126.0,636.0,75.0,1927.0,0.6533066132264529,0.125,0.7028571428571428,0.07104681488065304,0.08025297076871005,0.0023249055507120024,0.10206350901078445,0.062438057482656094,0.16807610993657504,0.07961783439490445,0.09812608208575212,5,25.355263157894736,0.0,24.9,0.7302052785923753
BOS,1631248.0,Baylor Scheierman,77,1434.0,18.623376623376622,151.0,1.9610389610389611,333.0,4.324675324675325,97.0,1.2597402597402598,243.0,3.155844155844156,28.0,0.36363636363636365,31.0,0.4025974025974026,116.0,1.5064935064935066,269.0,3.4935064935064934,46.0,0.5974025974025974,427.0,5.545454545454546,375.64,3.8627099440149295,243.0,0.21605667060212513,116.0,269.0,46.0,1434.0,0.45345345345345345,0.3991769547325103,0.9032258064516129,0.04393090624159425,0.03611159954302482,0.07061900610287707,0.01311501375684011,0.057482656095143705,0.07108879492600423,0.04883227176220807,0.07302169263672471,6,18.623376623376622,0.0,18.3,0.5366568914956011
BOS,1641775.0,Jordan Walsh,68,1214.0,17.852941176470587,136.0,2.0,267.0,3.926470588235294,48.0,0.7058823529411765,125.0,1.838235294117647,44.0,0.6470588235294118,57.0,0.8382352941176471,54.0,0.7941176470588235,272.0,4.0,35.0,0.5147058823529411,364.0,5.352941176470588,305.58,3.57449715370019,125.0,0.43263757115749524,54.0,272.0,35.0,1214.0,0.5093632958801498,0.384,0.7719298245614035,0.03573742500613984,0.033417163507735645,0.03632664922987504,0.02626184917893774,0.026759167492566897,0.07188160676532769,0.037154989384288746,0.06181892249719931,7,17.852941176470587,0.0,17.6,0.5161290322580645
BOS,1629014.0,Anfernee Simons,49,1201.0,24.510204081632654,250.0,5.1020408163265305,568.0,11.591836734693878,130.0,2.6530612244897958,329.0,6.714285714285714,64.0,1.3061224489795917,72.0,1.469387755102041,116.0,2.36734693877551,118.0,2.4081632653061225,55.0,1.1224489795918366,694.0,14.16326530612245,628.68,10.723122568675564,329.0,1.0384822550721169,116.0,118.0,55.0,1201.0,0.44014084507042256,0.3951367781155015,0.8888888888888888,0.07352380506859087,0.10024804183155797,0.0956117407730311,0.06303766980926155,0.057482656095143705,0.031183932346723044,0.058386411889596604,0.06115694062531826,8,24.510204081632654,0.0,24.1,0.7067448680351907
BOS,1630568.0,Luka Garza,69,1113.0,16.130434782608695,206.0,2.9855072463768115,357.0,5.173913043478261,55.0,0.7971014492753623,127.0,1.8405797101449275,90.0,1.3043478260869565,117.0,1.6956521739130435,66.0,0.9565217391304348,281.0,4.072463768115942,46.0,0.6666666666666666,557.0,8.072463768115941,424.98,4.060551447150324,127.0,0.7906413362233838,66.0,281.0,46.0,1113.0,0.5770308123249299,0.4330708661417323,0.7692307692307693,0.04970119405428795,0.03796117490275,0.036907875617553036,0.04799329718632688,0.03270564915758176,0.07426004228329809,0.04883227176220807,0.056675832569508096,9,16.130434782608695,0.0,15.9,0.4662756598240469
BOS,1642864.0,Hugo González,73,1083.0,14.835616438356164,117.0,1.6027397260273972,246.0,3.3698630136986303,42.0,0.5753424657534246,116.0,1.5890410958904109,13.0,0.1780821917808219,26.0,0.3561643835616438,40.0,0.547945205479452,246.0,3.3698630136986303,38.0,0.5205479452054794,289.0,3.958904109589041,267.44,2.332140762463343,116.0,0.15249266862170086,40.0,246.0,38.0,1083.0,0.47560975609756095,0.3620689655172414,0.5,0.0312769714760195,0.021802655263445613,0.03371113048532404,0.00925656884935445,0.019821605550049554,0.06501057082452431,0.040339702760084924,0.05514818209593645,10,14.835616438356164,0.0,14.6,0.42815249266862165
BOS,1631169.0,Josh Minott,33,524.0,15.878787878787879,69.0,2.090909090909091,136.0,4.121212121212121,34.0,1.0303030303030303,77.0,2.3333333333333335,20.0,0.6060606060606061,26.0,0.7878787878787878,33.0,1.0,118.0,3.5757575757575757,20.0,0.6060606060606061,192.0,5.818181818181818,155.69,0.09215757575757576,77.0,0.01575757575757576,33.0,118.0,20.0,524.0,0.5073529411764706,0.44155844155844154,0.7692307692307693,0.01820786602266481,0.0008615602825084102,0.022377215925603024,0.0009565121144332933,0.01635282457879088,0.031183932346723044,0.021231422505307854,0.02668296160505143,11,0.0,0.0,0.0,0.02
BOS,1628369.0,Jayson Tatum,16,522.0,32.625,118.0,7.375,287.0,17.9375,47.0,2.9375,143.0,8.9375,65.0,4.0625,79.0,4.9375,85.0,5.3125,160.0,10.0,39.0,2.4375,348.0,21.75,343.01,0.36155000000000004,143.0,0.09875,85.0,160.0,39.0,522.0,0.41114982578397213,0.32867132867132864,0.8227848101265823,0.0401148443987042,0.0033800489821946005,0.04155768671897704,0.005994295870979797,0.042120911793855305,0.042283298097251586,0.041401273885350316,0.026581118240146653,12,0.0,0.0,0.0,0.02
BOS,202696.0,Nikola Vučević,16,338.0,21.125,61.0,3.8125,139.0,8.6875,18.0,1.125,53.0,3.3125,15.0,0.9375,19.0,1.1875,32.0,2.0,106.0,6.625,16.0,1.0,155.0,9.6875,155.36,0.1623,53.0,0.02375,32.0,106.0,16.0,338.0,0.43884892086330934,0.33962264150943394,0.7894736842105263,0.018169272691124703,0.00151730590460568,0.015402499273467015,0.0014416660955521032,0.015857284440039643,0.028012684989429177,0.016985138004246284,0.01721152866890722,13,0.0,0.0,0.0,0.02
BOS,1631199.0,Ron Harper Jr.,28,316.0,11.285714285714286,46.0,1.6428571428571428,110.0,3.9285714285714284,28.0,1.0,80.0,2.857142857142857,3.0,0.10714285714285714,4.0,0.14285714285714285,22.0,0.7857142857142857,48.0,1.7142857142857142,8.0,0.2857142857142857,123.0,4.392857142857143,117.26,0.07267142857142857,80.0,0.002857142857142857,22.0,48.0,8.0,316.0,0.41818181818181815,0.35,0.75,0.013713497140584981,0.0006793887102129297,0.023249055507120024,0.00017343351525438835,0.010901883052527254,0.012684989429175475,0.008492569002123142,0.016091251654954678,14,0.0,0.0,0.0,0.02
BOS,1642873.0,Amari Williams,21,144.0,6.857142857142857,10.0,0.47619047619047616,20.0,0.9523809523809523,0.0,0.0,0.0,0.0,10.0,0.47619047619047616,14.0,0.6666666666666666,10.0,0.47619047619047616,40.0,1.9047619047619047,11.0,0.5238095238095238,30.0,1.4285714285714286,28.66,0.02337142857142857,0.0,0.013333333333333332,10.0,40.0,11.0,144.0,0.5,0.35,0.7142857142857143,0.0033517723695136066,0.0002184941871256837,0.0,0.0008093564045204789,0.004955401387512388,0.010570824524312896,0.01167728237791932,0.007332722273143905,15,0.0,0.0,0.0,0.02
BOS,1630214.0,Xavier Tillman,14,114.0,8.142857142857142,14.0,1.0,31.0,2.2142857142857144,3.0,0.21428571428571427,15.0,1.0714285714285714,0.0,0.0,0.0,0.0,5.0,0.35714285714285715,25.0,1.7857142857142858,5.0,0.35714285714285715,31.0,2.2142857142857144,32.25,0.037642857142857145,15.0,0.0,5.0,25.0,5.0,114.0,0.45161290322580644,0.2,0.77,0.0037716210368741736,0.00035191453733262625,0.004359197907585004,0.0,0.002477700693756194,0.0066067653276955605,0.005307855626326964,0.0058050717995722576,16,0.0,0.0,0.0,0.02
BOS,1630625.0,Dalano Banton,4,53.0,13.25,1.0,0.25,8.0,2.0,0.0,0.0,1.0,0.25,4.0,1.0,4.0,1.0,9.0,2.25,4.0,1.0,7.0,1.75,6.0,1.5,12.01,0.030199999999999998,1.0,0.02,9.0,4.0,7.0,53.0,0.125,0.0,1.0,0.0014045633690808938,0.0002823329532907673,0.0002906131938390003,0.0012140346067807185,0.0044598612487611496,0.0010570824524312897,0.0074309978768577496,0.002698849169976576,17,0.0,0.0,0.0,0.02
BOS,1642910.0,John Tonje,5,42.0,8.4,4.0,0.8,14.0,2.8,3.0,0.6,10.0,2.0,4.0,0.8,4.0,0.8,2.0,0.4,6.0,1.2,0.0,0.0,15.0,3.0,16.259999999999998,0.051759999999999994,10.0,0.016,2.0,6.0,0.0,42.0,0.2857142857142857,0.3,1.0,0.0019015986995216763,0.0004838925053751694,0.002906131938390003,0.0009712276854245747,0.0009910802775024777,0.0015856236786469344,0.0,0.0021387106630003055,18,0.0,0.0,0.0,0.02
BOS,1642917.0,Max Shulga,9,37.0,4.111111111111111,2.0,0.2222222222222222,8.0,0.8888888888888888,1.0,0.1111111111111111,4.0,0.4444444444444444,2.0,0.2222222222222222,2.0,0.2222222222222222,2.0,0.2222222222222222,6.0,0.6666666666666666,3.0,0.3333333333333333,7.0,0.7777777777777778,9.38,0.014266666666666667,4.0,0.0044444444444444444,2.0,6.0,3.0,37.0,0.25,0.25,1.0,0.001096986211655186,0.00013337583223890553,0.0011624527753560012,0.00026978546817349295,0.0009910802775024777,0.0015856236786469344,0.0031847133757961785,0.0018841022507383644,19,0.0,0.0,0.0,0.02
BOS,1629646.0,Charles Bassey,5,17.0,3.4,6.0,1.2,7.0,1.4,0.0,0.0,0.0,0.0,2.0,0.4,4.0,0.8,0.0,0.0,6.0,1.2,1.0,0.2,14.0,2.8,8.76,0.04236,0.0,0.016,0.0,6.0,1.0,17.0,0.8571428571428571,0.35,0.5,0.0010244775281555896,0.0003960140364700962,0.0,0.0009712276854245747,0.0,0.0015856236786469344,0.0010615711252653928,0.0008656686016905999,20,0.0,0.0,0.0,0.02
CHA,1642851.0,Kon Knueppel,81,2549.0,31.469135802469136,515.0,6.3580246913580245,1084.0,13.382716049382717,273.0,3.3703703703703702,642.0,7.925925925925926,195.0,2.4074074074074074,226.0,2.7901234567901234,274.0,3.382716049382716,432.0,5.333333333333333,161.0,1.9876543209876543,1498.0,18.493827160493826,1251.94,19.473888888888887,642.0,2.7901234567901234,274.0,432.0,161.0,2549.0,0.47509225092250923,0.4252336448598131,0.8628318584070797,0.1456113293834949,0.17434316996882954,0.181509754028838,0.1474006976718948,0.12696941612604262,0.11461926240382064,0.13597972972972974,0.12949603739077423,1,31.469135802469136,31.469135802469136,31.5,1.0
CHA,1628970.0,Miles Bridges,77,2386.0,30.98701298701299,479.0,6.220779220779221,1042.0,13.532467532467532,148.0,1.922077922077922,445.0,5.779220779220779,208.0,2.7012987012987013,253.0,3.2857142857142856,246.0,3.1948051948051948,450.0,5.8441558441558445,107.0,1.3896103896103895,1314.0,17.064935064935064,1214.82,18.33773654916512,445.0,3.2335600907029476,246.0,450.0,107.0,2386.0,0.4596928982725528,0.3325842696629214,0.8221343873517787,0.14129395590975385,0.16417158063682086,0.12581283573649985,0.17082721274346194,0.11399443929564411,0.11939506500397984,0.09037162162162163,0.12121520016256858,2,30.98701298701299,30.98701298701299,31.0,0.9841269841269841
CHA,1630163.0,LaMelo Ball,72,2014.0,27.97222222222222,506.0,7.027777777777778,1244.0,17.27777777777778,272.0,3.7777777777777777,740.0,10.277777777777779,161.0,2.236111111111111,179.0,2.486111111111111,514.0,7.138888888888889,347.0,4.819444444444445,202.0,2.8055555555555554,1445.0,20.069444444444443,1451.26,17.494503968253966,740.0,2.107275132275132,514.0,347.0,202.0,2014.0,0.4067524115755627,0.3675675675675676,0.8994413407821229,0.16879395009432624,0.15662240327343724,0.2092168504382245,0.11132619380266856,0.2381835032437442,0.09206686123640223,0.17060810810810811,0.10231660231660232,3,27.97222222222222,0.0,26.7,0.8476190476190476
CHA,1641706.0,Brandon Miller,65,1969.0,30.29230769230769,454.0,6.984615384615385,1044.0,16.06153846153846,204.0,3.1384615384615384,533.0,8.2,199.0,3.0615384615384613,223.0,3.4307692307692306,217.0,3.3384615384615386,319.0,4.907692307692308,163.0,2.5076923076923077,1311.0,20.16923076923077,1196.37,19.11006324786325,533.0,3.147594627594627,217.0,319.0,163.0,1969.0,0.43486590038314177,0.3827392120075047,0.8923766816143498,0.139148063113673,0.17108596151220007,0.15069267741023465,0.1662857042998063,0.10055607043558851,0.08463783496948793,0.13766891891891891,0.10003048160942898,4,30.29230769230769,0.0,28.9,0.9174603174603174
CHA,1631217.0,Moussa Diabaté,73,1899.0,26.013698630136986,229.0,3.136986301369863,363.0,4.972602739726027,1.0,0.0136986301369863,2.0,0.0273972602739726,116.0,1.5890410958904109,176.0,2.410958904109589,141.0,1.9315068493150684,635.0,8.698630136986301,73.0,1.0,575.0,7.876712328767123,475.69,7.837101978691019,2.0,1.8981517721243748,141.0,635.0,73.0,1899.0,0.6308539944903582,0.5,0.6590909090909091,0.055326815402043775,0.07016293510401854,0.0005654509471303364,0.10027832095292204,0.06533827618164968,0.16847970283894934,0.06165540540540541,0.0964742938427149,5,26.013698630136986,0.0,24.8,0.7873015873015873
CHA,1642883.0,Sion James,82,1840.0,22.4390243902439,138.0,1.6829268292682926,372.0,4.536585365853658,83.0,1.0121951219512195,236.0,2.8780487804878048,82.0,1.0,98.0,1.1951219512195121,163.0,1.9878048780487805,287.0,3.5,65.0,0.7926829268292683,441.0,5.378048780487805,455.87,5.2327680991095615,236.0,0.8119241192411922,163.0,287.0,65.0,1840.0,0.3709677419354839,0.3516949152542373,0.8367346938775511,0.05302157988885555,0.046847210812168694,0.0667232117613797,0.04289350757635409,0.07553290083410566,0.07614751923587158,0.05489864864864865,0.09347693558219874,6,22.4390243902439,0.0,21.4,0.6793650793650793
CHA,1641750.0,Ryan Kalkbrenner,69,1480.0,21.44927536231884,219.0,3.1739130434782608,291.0,4.217391304347826,0.0,0.0,5.0,0.07246376811594203,83.0,1.2028985507246377,116.0,1.681159420289855,54.0,0.782608695652174,377.0,5.463768115942029,62.0,0.8985507246376812,521.0,7.550724637681159,355.54,5.756081205429031,5.0,1.0940878766965723,54.0,377.0,62.0,1480.0,0.7525773195876289,0.0,0.7155172413793104,0.04135234280317569,0.05153225684290925,0.0014136273678258412,0.05780006470572733,0.025023169601482854,0.10002653223666755,0.052364864864864864,0.07518796992481203,7,21.44927536231884,0.0,20.5,0.6507936507936508
CHA,1629012.0,Collin Sexton,42,938.0,22.333333333333332,202.0,4.809523809523809,414.0,9.857142857142858,57.0,1.3571428571428572,145.0,3.4523809523809526,135.0,3.2142857142857144,154.0,3.6666666666666665,157.0,3.738095238095238,80.0,1.9047619047619047,89.0,2.119047619047619,596.0,14.19047619047619,521.01,9.856764172335602,145.0,2.4793650793650794,157.0,80.0,89.0,938.0,0.48792270531400966,0.3931034482758621,0.8766233766233766,0.06059791900737629,0.08824429066249154,0.04099519366694939,0.13098350239389991,0.07275254865616311,0.02122578933404086,0.07516891891891891,0.0476529160739687,8,22.333333333333332,0.0,21.3,0.6761904761904762
CHA,1630182.0,Josh Green,58,907.0,15.637931034482758,83.0,1.4310344827586208,181.0,3.1206896551724137,58.0,1.0,138.0,2.3793103448275863,25.0,0.43103448275862066,28.0,0.4827586206896552,47.0,0.8103448275862069,102.0,1.7586206896551724,35.0,0.603448275862069,249.0,4.293103448275862,205.07,2.669766830870279,138.0,0.22835249042145594,47.0,102.0,35.0,907.0,0.4585635359116022,0.42028985507246375,0.8928571428571429,0.023851394888471728,0.02390152347213673,0.039016115351993216,0.012063737294965573,0.021779425393883226,0.027062881400902097,0.02956081081081081,0.046078032920138186,9,15.637931034482758,0.0,14.9,0.473015873015873
CHA,1629684.0,Grant Williams,36,713.0,19.805555555555557,78.0,2.1666666666666665,183.0,5.083333333333333,52.0,1.4444444444444444,134.0,3.7222222222222223,44.0,1.2222222222222223,54.0,1.5,56.0,1.5555555555555556,142.0,3.9444444444444446,31.0,0.8611111111111112,252.0,7.0,220.76,5.0825,134.0,0.8999999999999999,56.0,142.0,31.0,713.0,0.4262295081967213,0.3880597014925373,0.8148148148148148,0.025676276079285215,0.04550191111915776,0.03788521345773254,0.04754650823133243,0.025949953660797033,0.03767577606792252,0.026182432432432432,0.036222312538102014,10,19.805555555555557,0.0,18.9,0.6
CHA,1630544.0,Tre Mann,53,671.0,12.660377358490566,109.0,2.056603773584906,303.0,5.716981132075472,50.0,0.9433962264150944,155.0,2.9245283018867925,23.0,0.4339622641509434,27.0,0.5094339622641509,86.0,1.6226415094339623,92.0,1.7358490566037736,54.0,1.0188679245283019,291.0,5.490566037735849,336.38,0.09559245283018868,155.0,0.010188679245283019,86.0,92.0,54.0,671.0,0.35973597359735976,0.3225806451612903,0.8518518518518519,0.039123870934725316,0.0008558070422708364,0.04382244840260108,0.0005382623573358388,0.03985171455050973,0.024409657734146988,0.04560810810810811,0.03408859987807356,11,0.0,0.0,0.0,0.02
CHA,1642275.0,Tidjane Salaün,37,576.0,15.567567567567568,80.0,2.1621621621621623,159.0,4.297297297297297,36.0,0.972972972972973,83.0,2.2432432432432434,26.0,0.7027027027027027,40.0,1.0810810810810811,27.0,0.7297297297297297,149.0,4.027027027027027,26.0,0.7027027027027027,222.0,6.0,183.35,0.09586486486486485,83.0,0.021621621621621623,27.0,149.0,26.0,576.0,0.5031446540880503,0.43373493975903615,0.65,0.021325173125280594,0.0008582458554906347,0.023466214305908964,0.0011422584560079863,0.012511584800741427,0.0395330326346511,0.02195945945945946,0.029262345051818735,12,0.0,0.0,0.0,0.02
CHA,1629632.0,Coby White,21,406.0,19.333333333333332,106.0,5.0476190476190474,230.0,10.952380952380953,43.0,2.0476190476190474,110.0,5.238095238095238,73.0,3.4761904761904763,87.0,4.142857142857143,64.0,3.0476190476190474,62.0,2.9523809523809526,40.0,1.9047619047619047,328.0,15.619047619047619,284.28,0.25130476190476186,110.0,0.08285714285714287,64.0,62.0,40.0,406.0,0.4608695652173913,0.39090909090909093,0.8390804597701149,0.03306419534254031,0.0022498469139225928,0.031099802092168505,0.004377297583202034,0.029657089898053754,0.016449986733881667,0.033783783783783786,0.020625889046941678,13,0.0,0.0,0.0,0.02
CHA,1642862.0,Liam McNeeley,31,366.0,11.806451612903226,38.0,1.2258064516129032,95.0,3.064516129032258,24.0,0.7741935483870968,60.0,1.935483870967742,32.0,1.032258064516129,39.0,1.2580645161290323,24.0,0.7741935483870968,73.0,2.3548387096774195,13.0,0.41935483870967744,132.0,4.258064516129032,118.16,0.06918709677419355,60.0,0.025161290322580646,24.0,73.0,13.0,366.0,0.4,0.4,0.8205128205128205,0.013743018579128198,0.0006194087807204962,0.016963528413910092,0.0013292572193705841,0.011121408711770158,0.019368532767312284,0.01097972972972973,0.01859378175167649,14,0.0,0.0,0.0,0.02
CHA,1626192.0,Pat Connaughton,42,294.0,7.0,38.0,0.9047619047619048,85.0,2.0238095238095237,21.0,0.5,52.0,1.2380952380952381,13.0,0.30952380952380953,20.0,0.47619047619047616,18.0,0.42857142857142855,61.0,1.4523809523809523,11.0,0.2619047619047619,110.0,2.619047619047619,98.3,0.042595238095238096,52.0,0.009523809523809523,18.0,61.0,11.0,294.0,0.4470588235294118,0.40384615384615385,0.65,0.011433130723834646,0.0003813408239860082,0.014701724625388747,0.000503137653241613,0.008341056533827619,0.016184664367206156,0.009290540540540541,0.014935988620199146,15,0.0,0.0,0.0,0.02
CHA,1642354.0,KJ Simpson,14,223.0,15.928571428571429,31.0,2.2142857142857144,89.0,6.357142857142857,12.0,0.8571428571428571,39.0,2.7857142857142856,10.0,0.7142857142857143,16.0,1.1428571428571428,35.0,2.5,29.0,2.0714285714285716,24.0,1.7142857142857142,84.0,6.0,104.79,0.10629999999999999,39.0,0.022857142857142857,35.0,29.0,24.0,223.0,0.34831460674157305,0.3076923076923077,0.625,0.012187973230423527,0.0009516681066338357,0.01102629346904156,0.0012075303677798713,0.016218721037998145,0.007694348633589812,0.02027027027027027,0.011328998171103435,16,0.0,0.0,0.0,0.02
CHA,1641790.0,PJ Hall,12,188.0,15.666666666666666,25.0,2.0833333333333335,50.0,4.166666666666667,2.0,0.16666666666666666,2.0,0.16666666666666666,21.0,1.75,26.0,2.1666666666666665,8.0,0.6666666666666666,66.0,5.5,15.0,1.25,73.0,6.083333333333333,63.44,0.0986,2.0,0.04333333333333333,8.0,66.0,15.0,188.0,0.5,1.0,0.8076923076923077,0.007378614579044455,0.0008827325993800208,0.0005654509471303364,0.002289276322249339,0.0037071362372567192,0.01751127620058371,0.01266891891891892,0.009550904287746393,17,0.0,0.0,0.0,0.02
CHA,203486.0,Mason Plumlee,14,124.0,8.857142857142858,9.0,0.6428571428571429,12.0,0.8571428571428571,0.0,0.0,0.0,0.0,8.0,0.5714285714285714,12.0,0.8571428571428571,16.0,1.1428571428571428,40.0,2.857142857142857,9.0,0.6428571428571429,26.0,1.8571428571428572,21.28,0.028457142857142858,0.0,0.017142857142857144,16.0,40.0,9.0,124.0,0.75,0.35,0.6666666666666666,0.0024750460000325667,0.000254767217902782,0.0,0.0009056477758349035,0.0074142724745134385,0.01061289466702043,0.007601351351351352,0.006299532615322089,18,0.0,0.0,0.0,0.02
CHA,1630214.0,Xavier Tillman,14,72.0,5.142857142857143,6.0,0.42857142857142855,15.0,1.0714285714285714,0.0,0.0,3.0,0.21428571428571427,1.0,0.07142857142857142,4.0,0.2857142857142857,8.0,0.5714285714285714,18.0,1.2857142857142858,3.0,0.21428571428571427,13.0,0.9285714285714286,18.76,0.01712857142857143,3.0,0.005714285714285714,8.0,18.0,3.0,72.0,0.4,0.0,0.25,0.002181948447397131,0.00015334633246256811,0.0008481764206955047,0.0003018825919449678,0.0037071362372567192,0.004775802600159193,0.002533783783783784,0.003657793131477342,19,0.0,0.0,0.0,0.02
CHA,1641810.0,Antonio Reeves,10,69.0,6.9,10.0,1.0,20.0,2.0,7.0,0.7,13.0,1.3,0.0,0.0,0.0,0.0,3.0,0.3,8.0,0.8,1.0,0.1,27.0,2.7,20.75,0.0424,13.0,0.0,3.0,8.0,1.0,69.0,0.5,0.5384615384615384,0.77,0.0024134024671370186,0.00037959292305996835,0.0036754311563471868,0.0,0.0013901760889712697,0.0021225789334040858,0.0008445945945945946,0.0035053850843324527,20,0.0,0.0,0.0,0.02
CHI,1641824.0,Matas Buzelis,77,2248.0,29.194805194805195,446.0,5.792207792207792,963.0,12.506493506493506,173.0,2.2467532467532467,495.0,6.428571428571429,187.0,2.4285714285714284,238.0,3.090909090909091,158.0,2.051948051948052,448.0,5.818181818181818,159.0,2.064935064935065,1252.0,16.25974025974026,1107.22,17.602467532467532,495.0,3.090909090909091,158.0,448.0,159.0,2248.0,0.46313603322949115,0.34949494949494947,0.7857142857142857,0.12645127396900446,0.1397642780916384,0.15160796324655437,0.13557494094830738,0.06816220880069025,0.12193794229722374,0.13327745180217937,0.11443697821217674,1,29.194805194805195,29.194805194805195,29.2,1.0
CHI,1630200.0,Tre Jones,65,1753.0,26.96923076923077,341.0,5.246153846153846,617.0,9.492307692307692,41.0,0.6307692307692307,130.0,2.0,191.0,2.9384615384615387,227.0,3.4923076923076923,350.0,5.384615384615385,204.0,3.1384615384615384,92.0,1.4153846153846155,914.0,14.061538461538461,804.38,14.095621707060063,130.0,3.2291886195995785,350.0,204.0,92.0,1753.0,0.5526742301458671,0.3153846153846154,0.8414096916299559,0.09186509975902513,0.11191978559291862,0.039816232771822356,0.14164022413366914,0.15099223468507333,0.05552531301034295,0.07711651299245599,0.08923844430869476,2,26.96923076923077,26.96923076923077,27.0,0.9246575342465754
CHI,1630581.0,Josh Giddey,54,1733.0,32.092592592592595,321.0,5.944444444444445,717.0,13.277777777777779,103.0,1.9074074074074074,283.0,5.2407407407407405,174.0,3.2222222222222223,228.0,4.222222222222222,494.0,9.148148148148149,448.0,8.296296296296296,196.0,3.6296296296296298,919.0,17.01851851851852,940.82,17.52400684931507,283.0,4.063165905631659,494.0,448.0,196.0,1733.0,0.4476987447698745,0.36395759717314485,0.7631578947368421,0.10744737954111991,0.13914129721017085,0.08667687595712098,0.1782205369091491,0.21311475409836064,0.12193794229722374,0.16429170159262363,0.0882203217267359,3,32.092592592592595,0.0,28.1,0.9623287671232877
CHI,1630171.0,Isaac Okoro,63,1697.0,26.936507936507937,211.0,3.3492063492063493,459.0,7.285714285714286,73.0,1.1587301587301588,221.0,3.507936507936508,89.0,1.4126984126984128,112.0,1.7777777777777777,100.0,1.5873015873015872,173.0,2.746031746031746,46.0,0.7301587301587301,584.0,9.26984126984127,533.28,8.986499238964994,221.0,1.436834094368341,100.0,173.0,46.0,1697.0,0.4596949891067538,0.33031674208144796,0.7946428571428571,0.060903827046287724,0.07135315411821322,0.06768759571209801,0.06302310801357436,0.04314063848144953,0.04708764289602613,0.038558256496227995,0.08638770107920994,4,26.936507936507937,0.0,23.6,0.8082191780821919
CHI,202696.0,Nikola Vučević,48,1481.0,30.854166666666668,333.0,6.9375,660.0,13.75,82.0,1.7083333333333333,218.0,4.541666666666667,62.0,1.2916666666666667,74.0,1.5416666666666667,181.0,3.7708333333333335,431.0,8.979166666666666,69.0,1.4375,810.0,16.875,737.81,16.442337328767124,218.0,1.425513698630137,181.0,431.0,69.0,1481.0,0.5045454545454545,0.3761467889908257,0.8378378378378378,0.0842623999269081,0.13055279906954,0.0667687595712098,0.0625265673717831,0.07808455565142364,0.11731083287969515,0.057837384744341996,0.07539197719405416,5,30.854166666666668,0.0,27.0,0.9246575342465754
CHI,1630172.0,Patrick Williams,72,1476.0,20.5,178.0,2.4722222222222223,478.0,6.638888888888889,95.0,1.3194444444444444,274.0,3.8055555555555554,54.0,0.75,75.0,1.0416666666666667,105.0,1.4583333333333333,215.0,2.986111111111111,75.0,1.0416666666666667,505.0,7.013888888888889,537.25,5.3133813736681885,274.0,0.6385559360730594,105.0,215.0,75.0,1476.0,0.3723849372384937,0.3467153284671533,0.72,0.06135722524868377,0.04218845514394714,0.08392036753445635,0.028008647546419352,0.045297670405522,0.058519324986390855,0.06286672254819782,0.07513744654856444,6,20.5,0.0,17.9,0.613013698630137
CHI,1630245.0,Ayo Dosunmu,45,1190.0,26.444444444444443,250.0,5.555555555555555,486.0,10.8,87.0,1.9333333333333333,193.0,4.288888888888889,90.0,2.0,105.0,2.3333333333333335,164.0,3.6444444444444444,136.0,3.022222222222222,61.0,1.3555555555555556,677.0,15.044444444444444,573.2,12.22111301369863,193.0,1.8458904109589043,164.0,136.0,61.0,1190.0,0.51440329218107,0.45077720207253885,0.8571428571428571,0.06546293441143888,0.09703611352700373,0.05911179173047473,0.08096533288502364,0.07075064710957722,0.037016875340228635,0.05113160100586756,0.060578293626552634,7,26.444444444444443,0.0,23.1,0.791095890410959
CHI,1630188.0,Jalen Smith,53,1094.0,20.641509433962263,195.0,3.6792452830188678,404.0,7.622641509433962,82.0,1.5471698113207548,220.0,4.150943396226415,69.0,1.3018867924528301,93.0,1.7547169811320755,65.0,1.2264150943396226,355.0,6.69811320754717,53.0,1.0,541.0,10.20754716981132,461.17,6.78019029464978,220.0,1.0876841561126906,65.0,355.0,53.0,1094.0,0.48267326732673266,0.37272727272727274,0.7419354838709677,0.05266842544055002,0.0538349751310588,0.06738131699846861,0.047708525517331284,0.028041415012942193,0.09662493195427327,0.04442581726739313,0.05569130523315007,8,20.641509433962263,0.0,18.1,0.6198630136986302
CHI,1628989.0,Kevin Huerter,44,1039.0,23.613636363636363,184.0,4.181818181818182,404.0,9.181818181818182,70.0,1.5909090909090908,223.0,5.068181818181818,41.0,0.9318181818181818,56.0,1.2727272727272727,116.0,2.6363636363636362,169.0,3.840909090909091,49.0,1.1136363636363635,479.0,10.886363636363637,457.64,8.558083748443337,223.0,0.9022415940224159,116.0,169.0,49.0,1039.0,0.45544554455445546,0.31390134529147984,0.7321428571428571,0.0522652779205354,0.06795151843017166,0.06830015313935682,0.03957455468051922,0.05004314063848145,0.04599891126837235,0.04107292539815591,0.052891468132763186,9,23.613636363636363,0.0,20.7,0.708904109589041
CHI,1629632.0,Coby White,29,843.0,29.06896551724138,172.0,5.931034482758621,393.0,13.551724137931034,72.0,2.4827586206896552,208.0,7.172413793103448,124.0,4.275862068965517,154.0,5.310344827586207,136.0,4.689655172413793,108.0,3.7241379310344827,88.0,3.0344827586206895,540.0,18.620689655172413,494.76,16.487803495512516,208.0,4.619272555503071,136.0,108.0,88.0,843.0,0.43765903307888043,0.34615384615384615,0.8051948051948052,0.05650460821598657,0.13091380220509716,0.06370597243491577,0.20261275421473893,0.058671268334771355,0.02939575394665215,0.07376362112321877,0.04291386682956628,10,29.06896551724138,0.0,25.4,0.8698630136986301
CHI,1629012.0,Collin Sexton,26,675.0,25.96153846153846,158.0,6.076923076923077,328.0,12.615384615384615,55.0,2.1153846153846154,134.0,5.153846153846154,83.0,3.1923076923076925,101.0,3.8846153846153846,66.0,2.5384615384615383,75.0,2.8846153846153846,52.0,2.0,454.0,17.46153846153846,388.94,0.2811615384615384,134.0,0.0776923076923077,66.0,75.0,52.0,675.0,0.4817073170731707,0.41044776119402987,0.8217821782178217,0.04441931910325373,0.0022324335709030412,0.04104134762633997,0.0034077773618454645,0.028472821397756688,0.02041371801850844,0.04358759430008382,0.03436163714111179,11,0.0,0.0,0.0,0.02
CHI,1642265.0,Rob Dillingham,30,642.0,21.4,116.0,3.8666666666666667,271.0,9.033333333333333,30.0,1.0,100.0,3.3333333333333335,26.0,0.8666666666666667,35.0,1.1666666666666667,85.0,2.8333333333333335,90.0,3.0,64.0,2.1333333333333333,288.0,9.6,307.65,0.16293333333333335,100.0,0.023333333333333334,85.0,90.0,64.0,642.0,0.4280442804428044,0.3,0.7428571428571429,0.035135505533285365,0.0012936970153982373,0.030627871362940276,0.001023457887550948,0.036669542709232096,0.024496461622210124,0.053646269907795474,0.03268173488087966,12,0.0,0.0,0.0,0.02
CHI,1627824.0,Guerschon Yabusele,26,639.0,24.576923076923077,83.0,3.1923076923076925,205.0,7.884615384615385,49.0,1.8846153846153846,128.0,4.923076923076923,46.0,1.7692307692307692,60.0,2.3076923076923075,45.0,1.7307692307692308,147.0,5.653846153846154,26.0,1.0,261.0,10.038461538461538,242.65,0.16496153846153847,128.0,0.04615384615384615,45.0,147.0,26.0,639.0,0.40487804878048783,0.3828125,0.7666666666666667,0.02771210927239296,0.0013098010431456249,0.03920367534456355,0.002024422195155721,0.019413287316652286,0.040010887316276535,0.02179379715004191,0.032529016493585826,13,0.0,0.0,0.0,0.02
CHI,1631159.0,Leonard Miller,27,625.0,23.14814814814815,127.0,4.703703703703703,229.0,8.481481481481481,31.0,1.1481481481481481,87.0,3.2222222222222223,32.0,1.1851851851851851,42.0,1.5555555555555556,35.0,1.2962962962962963,156.0,5.777777777777778,27.0,1.0,317.0,11.74074074074074,256.23,0.1867185185185185,87.0,0.031111111111111114,35.0,156.0,27.0,625.0,0.5545851528384279,0.3563218390804598,0.7619047619047619,0.029263028060437866,0.0014825523125633461,0.02664624808575804,0.0013646105167345974,0.015099223468507334,0.04246053347849755,0.022632020117351215,0.031816330686214624,14,0.0,0.0,0.0,0.02
CHI,1630208.0,Nick Richards,20,447.0,22.35,68.0,3.4,130.0,6.5,5.0,0.25,18.0,0.9,46.0,2.3,73.0,3.65,8.0,0.4,152.0,7.6,34.0,1.7,187.0,9.35,164.12,0.15273,18.0,0.073,8.0,152.0,34.0,447.0,0.5230769230769231,0.2777777777777778,0.6301369863013698,0.01874350452827172,0.001212682151156543,0.005513016845329249,0.0032019611053379655,0.003451251078515962,0.04137180185084377,0.028499580888516344,0.022755039706780698,15,0.0,0.0,0.0,0.02
CHI,1631207.0,Dalen Terry,34,377.0,11.088235294117647,45.0,1.3235294117647058,102.0,3.0,19.0,0.5588235294117647,46.0,1.3529411764705883,9.0,0.2647058823529412,17.0,0.5,43.0,1.2647058823529411,64.0,1.8823529411764706,21.0,0.6176470588235294,118.0,3.4705882352941178,120.23,0.05774705882352942,46.0,0.01,43.0,64.0,21.0,377.0,0.4411764705882353,0.41304347826086957,0.5294117647058824,0.013730998960724524,0.00045851389718510504,0.014088820826952527,0.0004386248089504063,0.018550474547023296,0.017419706042460535,0.01760268231349539,0.01919161066992466,16,0.0,0.0,0.0,0.02
CHI,1642950.0,Lachlan Olbrich,36,343.0,9.527777777777779,36.0,1.0,77.0,2.138888888888889,2.0,0.05555555555555555,19.0,0.5277777777777778,15.0,0.4166666666666667,40.0,1.1111111111111112,42.0,1.1666666666666667,112.0,3.111111111111111,16.0,0.4444444444444444,89.0,2.4722222222222223,105.1,0.04280555555555556,19.0,0.022222222222222223,42.0,112.0,16.0,343.0,0.4675324675324675,0.10526315789473684,0.375,0.012003060723381413,0.0003398777790385781,0.005819295558958652,0.0009747217976675696,0.0181190681622088,0.030484485574305935,0.013411567476948869,0.017460802280594583,17,0.0,0.0,0.0,0.02
CHI,1641763.0,Julian Phillips,35,336.0,9.6,37.0,1.0571428571428572,88.0,2.5142857142857142,16.0,0.45714285714285713,49.0,1.4,9.0,0.2571428571428571,11.0,0.3142857142857143,7.0,0.2,44.0,1.2571428571428571,7.0,0.2,99.0,2.8285714285714287,94.59,0.04720571428571429,49.0,0.006285714285714286,7.0,44.0,7.0,336.0,0.42045454545454547,0.32653061224489793,0.8181818181818182,0.010802754651043273,0.0003748152108091479,0.015007656967840736,0.00027570702276882684,0.0030198446937014668,0.011976047904191617,0.00586756077116513,0.01710445937690898,18,0.0,0.0,0.0,0.02
CHI,1628975.0,Jevon Carter,23,255.0,11.08695652173913,41.0,1.7826086956521738,103.0,4.478260869565218,32.0,1.391304347826087,78.0,3.391304347826087,10.0,0.43478260869565216,10.0,0.43478260869565216,19.0,0.8260869565217391,26.0,1.1304347826086956,11.0,0.4782608695652174,124.0,5.391304347826087,112.15,0.08804347826086957,78.0,0.008695652173913044,19.0,26.0,11.0,255.0,0.39805825242718446,0.41025641025641024,1.0,0.012808213702447438,0.0006990686480239354,0.023889739663093414,0.0003814128773481794,0.00819672131147541,0.007076755579749592,0.009220452640402346,0.012981062919975564,19,0.0,0.0,0.0,0.02
CHI,1642530.0,Yuki Kawamura,18,211.0,11.722222222222221,17.0,0.9444444444444444,52.0,2.888888888888889,11.0,0.6111111111111112,37.0,2.0555555555555554,17.0,0.9444444444444444,19.0,1.0555555555555556,47.0,2.611111111111111,33.0,1.8333333333333333,14.0,0.7777777777777778,62.0,3.4444444444444446,72.11,0.058100000000000006,37.0,0.021111111111111112,47.0,33.0,14.0,211.0,0.3269230769230769,0.2972972972972973,0.8947368421052632,0.008235401605737713,0.00046131626387870857,0.011332312404287902,0.0009259857077841911,0.020276100086281276,0.008982035928143712,0.01173512154233026,0.010741193239666056,20,0.0,0.0,0.0,0.02
CHI,1628380.0,Zach Collins,10,184.0,18.4,37.0,3.7,64.0,6.4,9.0,0.9,21.0,2.1,14.0,1.4,20.0,2.0,15.0,1.5,56.0,5.6,10.0,1.0,97.0,9.7,76.55,0.1528,21.0,0.04,15.0,56.0,10.0,184.0,0.578125,0.42857142857142855,0.7,0.008742476673404826,0.0012132379538841076,0.006431852986217458,0.0017544992358016253,0.0064710957722174285,0.015242242787152967,0.008382229673093043,0.009366727754021585,21,0.0,0.0,0.0,0.02
CHI,1629014.0,Anfernee Simons,6,170.0,28.333333333333332,35.0,5.833333333333333,80.0,13.333333333333334,16.0,2.6666666666666665,50.0,8.333333333333334,5.0,0.8333333333333334,5.0,0.8333333333333334,18.0,3.0,17.0,2.8333333333333335,13.0,2.1666666666666665,91.0,15.166666666666666,86.7,0.2505,50.0,0.016666666666666666,18.0,17.0,13.0,170.0,0.4375,0.32,1.0,0.009901668551067257,0.0019889797607851372,0.015313935681470138,0.0007310413482506771,0.007765314926660914,0.004627109417528579,0.010896898575020955,0.008654041946650377,22,0.0,0.0,0.0,0.02
CHI,1630644.0,Mac McClung,8,101.0,12.625,16.0,2.0,41.0,5.125,5.0,0.625,20.0,2.5,11.0,1.375,14.0,1.75,9.0,1.125,6.0,0.75,7.0,0.875,48.0,6.0,49.41,0.101475,20.0,0.035,9.0,6.0,7.0,101.0,0.3902439024390244,0.25,0.7857142857142857,0.005642923219241442,0.0008057154539946979,0.006125574272588055,0.0015351868313264222,0.003882657463330457,0.001633097441480675,0.00586756077116513,0.005141519038892282,23,0.0,0.0,0.0,0.02
CHI,1631338.0,Mouhamadou Gueye,2,46.0,23.0,6.0,3.0,11.0,5.5,1.0,0.5,5.0,2.5,3.0,1.5,4.0,2.0,6.0,3.0,6.0,3.0,3.0,1.5,16.0,8.0,14.26,0.12789999999999999,5.0,0.04,6.0,6.0,3.0,46.0,0.5454545454545454,0.2,0.75,0.0016285789335434724,0.0010155309836503755,0.0015313935681470138,0.0017544992358016253,0.0025884383088869713,0.001633097441480675,0.002514668901927913,0.002341681938505396,24,0.0,0.0,0.0,0.02
CHI,1641801.0,Emanuel Miller,5,33.0,6.6,6.0,1.2,13.0,2.6,2.0,0.4,6.0,1.2,1.0,0.2,2.0,0.4,4.0,0.8,3.0,0.6,0.0,0.0,15.0,3.0,14.88,0.049879999999999994,6.0,0.008,4.0,3.0,0.0,33.0,0.46153846153846156,0.3333333333333333,0.5,0.001699386713262754,0.0003960491435846812,0.0018376722817764165,0.000350899847160325,0.001725625539257981,0.0008165487207403375,0.0,0.001679902260232132,25,0.0,0.0,0.0,0.02
CHI,1642855.0,Noa Essengue,2,6.0,3.0,0.0,0.0,3.0,1.5,0.0,0.0,2.0,1.0,0.0,0.0,0.0,0.0,0.0,0.0,0.0,0.0,0.0,0.0,0.0,0.0,3.0,0.0075,2.0,0.0,0.0,0.0,0.0,6.0,0.0,0.0,0.77,0.0003426182889642649,5.955029223907597e-05,0.0006125574272588055,0.0,0.0,0.0,0.0,0.00030543677458766036,26,0.0,0.0,0.0,0.02
CLE,1628378.0,Donovan Mitchell,70,2341.0,33.44285714285714,678.0,9.685714285714285,1403.0,20.042857142857144,224.0,3.2,616.0,8.8,372.0,5.314285714285714,430.0,6.142857142857143,398.0,5.685714285714286,316.0,4.514285714285714,198.0,2.8285714285714287,1952.0,27.885714285714286,1691.7,27.427857142857142,616.0,6.142857142857143,398.0,316.0,198.0,2341.0,0.4832501781895937,0.36363636363636365,0.8651162790697674,0.19778863028129082,0.2324597469121661,0.19903069466882067,0.2486663617845146,0.18298850574712644,0.09093525179856116,0.1909353905496625,0.12369227517700518,1,33.44285714285714,33.44285714285714,33.4,1.0
CLE,1630596.0,Evan Mobley,65,2079.0,31.984615384615385,469.0,7.2153846153846155,859.0,13.215384615384615,62.0,0.9538461538461539,209.0,3.2153846153846155,180.0,2.769230769230769,297.0,4.569230769230769,234.0,3.6,586.0,9.015384615384615,122.0,1.876923076923077,1180.0,18.153846153846153,1048.18,18.681455550437587,209.0,4.37770612620912,234.0,586.0,122.0,2079.0,0.5459837019790454,0.2966507177033493,0.6060606060606061,0.12255014866007177,0.1583312326073034,0.06752827140549272,0.17721204157124235,0.10758620689655173,0.16863309352517986,0.11764705882352941,0.10984888513156504,2,31.984615384615385,31.984615384615385,32.0,0.9580838323353293
CLE,1642281.0,Jaylon Tyson,66,1779.0,26.954545454545453,330.0,5.0,670.0,10.151515151515152,133.0,2.015151515151515,298.0,4.515151515151516,79.0,1.196969696969697,107.0,1.621212121212121,147.0,2.227272727272727,338.0,5.121212121212121,99.0,1.5,872.0,13.212121212121213,753.83,10.181460714933769,298.0,1.160088913082925,147.0,338.0,99.0,1779.0,0.4925373134328358,0.4463087248322148,0.7383177570093458,0.0881356051102119,0.0862910933458041,0.0962843295638126,0.046961061059073966,0.06758620689655172,0.0972661870503597,0.09546769527483125,0.09399767515587024,3,26.954545454545453,0.0,23.9,0.7155688622754491
CLE,1628386.0,Jarrett Allen,56,1523.0,27.196428571428573,337.0,6.017857142857143,528.0,9.428571428571429,1.0,0.017857142857142856,10.0,0.17857142857142858,185.0,3.3035714285714284,261.0,4.660714285714286,100.0,1.7857142857142858,476.0,8.5,75.0,1.3392857142857142,860.0,15.357142857142858,667.84,11.32779886655261,10.0,3.3629704875962365,100.0,476.0,75.0,1523.0,0.6382575757575758,0.1,0.7088122605363985,0.07808190509372659,0.09600667102338703,0.0032310177705977385,0.13613496399011066,0.04597701149425287,0.13697841726618706,0.07232401157184185,0.08047130930994399,4,27.196428571428573,0.0,24.1,0.721556886227545
CLE,1630241.0,Sam Merrill,52,1377.0,26.48076923076923,223.0,4.288461538461538,484.0,9.307692307692308,158.0,3.0384615384615383,375.0,7.211538461538462,59.0,1.1346153846153846,69.0,1.3269230769230769,125.0,2.4038461538461537,133.0,2.5576923076923075,42.0,0.8076923076923077,663.0,12.75,545.61,9.602553546752649,375.0,0.9336135421464763,125.0,133.0,42.0,1377.0,0.4607438016528926,0.42133333333333334,0.855072463768116,0.06379112996853761,0.08138467236292875,0.12116316639741519,0.03779320883414476,0.05747126436781609,0.03827338129496403,0.040501446480231434,0.07275705378843919,5,26.48076923076923,0.0,23.5,0.7035928143712575
CLE,1629731.0,Dean Wade,59,1321.0,22.389830508474578,122.0,2.0677966101694913,278.0,4.711864406779661,71.0,1.2033898305084745,196.0,3.3220338983050848,27.0,0.4576271186440678,38.0,0.6440677966101694,88.0,1.4915254237288136,247.0,4.186440677966102,16.0,0.2711864406779661,342.0,5.796610169491525,316.72,4.5947429716837505,196.0,0.38374099259108896,88.0,247.0,16.0,1321.0,0.43884892086330934,0.3622448979591837,0.7105263157894737,0.037029978709399086,0.03894189701954952,0.06332794830371567,0.01553405431317282,0.04045977011494253,0.07107913669064748,0.015429122468659595,0.06979816125964282,6,22.389830508474578,0.0,19.9,0.5958083832335329
CLE,1641854.0,Craig Porter Jr.,64,1147.0,17.921875,116.0,1.8125,258.0,4.03125,33.0,0.515625,93.0,1.453125,24.0,0.375,40.0,0.625,205.0,3.203125,220.0,3.4375,59.0,0.921875,289.0,4.515625,326.85,2.937661863772455,93.0,0.2975299401197605,205.0,220.0,59.0,1147.0,0.4496124031007752,0.3548387096774194,0.6,0.03821434876599865,0.02489761157093919,0.030048465266558966,0.012044181723739937,0.09425287356321839,0.06330935251798561,0.05689488910318226,0.06060445947373983,7,17.921875,0.0,15.9,0.4760479041916168
CLE,1629631.0,De'Andre Hunter,43,1126.0,26.186046511627907,204.0,4.744186046511628,482.0,11.209302325581396,73.0,1.697674418604651,237.0,5.511627906976744,119.0,2.7674418604651163,137.0,3.186046511627907,89.0,2.0697674418604652,182.0,4.232558139534884,71.0,1.6511627906976745,600.0,13.953488372093023,564.53,10.422553961843755,237.0,2.2130622475978274,89.0,182.0,71.0,1126.0,0.42323651452282157,0.3080168776371308,0.8686131386861314,0.06600320118974824,0.08833443471465484,0.07657512116316639,0.08958602238580667,0.04091954022988506,0.05237410071942446,0.06846673095467695,0.059494874775441194,8,26.186046511627907,0.0,23.2,0.6946107784431138
CLE,1641772.0,Nae'Qwan Tomlin,64,1007.0,15.734375,150.0,2.34375,314.0,4.90625,27.0,0.421875,115.0,1.796875,47.0,0.734375,61.0,0.953125,53.0,0.828125,186.0,2.90625,29.0,0.453125,374.0,5.84375,354.09,2.907999625748503,115.0,0.39951347305389223,53.0,186.0,29.0,1007.0,0.47770700636942676,0.23478260869565218,0.7704918032786885,0.041399170122540796,0.024646214740775517,0.03715670436187399,0.01617253332087092,0.02436781609195402,0.05352517985611511,0.027965284474445518,0.053207228151748914,9,15.734375,0.0,14.0,0.4191616766467066
CLE,201935.0,James Harden,26,880.0,33.84615384615385,164.0,6.3076923076923075,352.0,13.538461538461538,80.0,3.076923076923077,184.0,7.076923076923077,126.0,4.846153846153846,150.0,5.769230769230769,199.0,7.653846153846154,124.0,4.769230769230769,83.0,3.1923076923076925,534.0,20.53846153846154,467.75,18.720635651773378,184.0,5.181943804698296,199.0,124.0,83.0,880.0,0.4659090909090909,0.43478260869565216,0.84,0.054687965841504864,0.15866329633335655,0.059450726978998385,0.20976804163262588,0.09149425287356322,0.035683453237410075,0.08003857280617165,0.04649688259537145,10,33.84615384615385,0.0,30.0,0.8982035928143713
CLE,1629636.0,Darius Garland,26,790.0,30.384615384615383,170.0,6.538461538461538,377.0,14.5,59.0,2.269230769230769,164.0,6.3076923076923075,68.0,2.6153846153846154,79.0,3.0384615384615383,180.0,6.923076923076923,63.0,2.423076923076923,73.0,2.8076923076923075,467.0,17.96153846153846,456.76,0.2947230769230769,164.0,0.06076923076923077,180.0,63.0,73.0,790.0,0.4509283819628647,0.3597560975609756,0.8607594936708861,0.05340304709303209,0.0024978711065131555,0.05298869143780291,0.002459973131785985,0.08275862068965517,0.0181294964028777,0.0703953712632594,0.041741519602663,11,0.0,0.0,0.0,0.02
CLE,1628418.0,Thomas Bryant,60,734.0,12.233333333333333,135.0,2.25,267.0,4.45,47.0,0.7833333333333333,131.0,2.183333333333333,53.0,0.8833333333333333,66.0,1.1,33.0,0.55,205.0,3.4166666666666665,28.0,0.4666666666666667,370.0,6.166666666666667,304.29,0.09867000000000001,131.0,0.022000000000000002,33.0,205.0,28.0,734.0,0.5056179775280899,0.35877862595419846,0.803030303030303,0.03557669936058047,0.0008362593952694811,0.04232633279483037,0.0008905725515073314,0.015172413793103448,0.058992805755395686,0.02700096432015429,0.038782627073866635,12,0.0,0.0,0.0,0.02
CLE,1631165.0,Keon Ellis,29,721.0,24.862068965517242,86.0,2.9655172413793105,175.0,6.0344827586206895,38.0,1.3103448275862069,107.0,3.689655172413793,31.0,1.0689655172413792,38.0,1.3103448275862069,46.0,1.5862068965517242,80.0,2.7586206896551726,20.0,0.6896551724137931,241.0,8.310344827586206,203.22,0.1327793103448276,107.0,0.02620689655172414,46.0,80.0,20.0,721.0,0.49142857142857144,0.35514018691588783,0.8157894736842105,0.023759889723806774,0.0011253465670747367,0.0345718901453958,0.0010608701240526204,0.021149425287356322,0.02302158273381295,0.019286403085824494,0.038095741308253196,13,0.0,0.0,0.0,0.02
CLE,203471.0,Dennis Schröder,30,640.0,21.333333333333332,83.0,2.7666666666666666,207.0,6.9,18.0,0.6,62.0,2.066666666666667,62.0,2.066666666666667,72.0,2.4,130.0,4.333333333333333,68.0,2.2666666666666666,45.0,1.5,246.0,8.2,271.18,0.13817999999999997,62.0,0.048,130.0,68.0,45.0,640.0,0.40096618357487923,0.2903225806451613,0.8611111111111112,0.03170557472346187,0.0011711191166346089,0.020032310177705976,0.0019430673851069046,0.059770114942528735,0.019568345323741007,0.04339440694310511,0.0338159146148156,14,0.0,0.0,0.0,0.02
CLE,1642878.0,Tyrese Proctor,50,549.0,10.98,93.0,1.86,225.0,4.5,46.0,0.92,131.0,2.62,40.0,0.8,45.0,0.9,74.0,1.48,64.0,1.28,40.0,0.8,272.0,5.44,263.3,0.08976,131.0,0.018000000000000002,74.0,64.0,40.0,549.0,0.41333333333333333,0.3511450381679389,0.8888888888888888,0.030784268104902687,0.0007607443328203975,0.04232633279483037,0.0007286502694150894,0.03402298850574713,0.01841726618705036,0.03857280617164899,0.029007714255521504,15,0.0,0.0,0.0,0.02
CLE,1626204.0,Larry Nance Jr.,35,449.0,12.82857142857143,52.0,1.4857142857142858,124.0,3.5428571428571427,21.0,0.6,63.0,1.8,6.0,0.17142857142857143,13.0,0.37142857142857144,34.0,0.9714285714285714,93.0,2.657142857142857,20.0,0.5714285714285714,131.0,3.742857142857143,138.22,0.06344571428571429,63.0,0.007428571428571429,34.0,93.0,20.0,449.0,0.41935483870967744,0.3333333333333333,0.46153846153846156,0.01616027929152924,0.0005377224552651434,0.020355411954765753,0.00030071280959987815,0.015632183908045976,0.026762589928057554,0.019286403085824494,0.023723977596956568,16,0.0,0.0,0.0,0.02
CLE,1629622.0,Max Strus,12,288.0,24.0,47.0,3.9166666666666665,106.0,8.833333333333334,33.0,2.75,82.0,6.833333333333333,7.0,0.5833333333333334,9.0,0.75,24.0,2.0,65.0,5.416666666666667,9.0,0.75,134.0,11.166666666666666,115.96,0.17981666666666665,82.0,0.015,24.0,65.0,9.0,288.0,0.44339622641509435,0.4024390243902439,0.7777777777777778,0.013557705011183118,0.0015240030092838806,0.026494345718901455,0.0006072085578459077,0.011034482758620689,0.01870503597122302,0.008678881388621022,0.01521716157666702,17,0.0,0.0,0.0,0.02
CLE,1642400.0,Tristan Enaruna,9,86.0,9.555555555555555,14.0,1.5555555555555556,28.0,3.111111111111111,3.0,0.3333333333333333,10.0,1.1111111111111112,6.0,0.6666666666666666,8.0,0.8888888888888888,7.0,0.7777777777777778,14.0,1.5555555555555556,3.0,0.3333333333333333,37.0,4.111111111111111,33.269999999999996,0.06684444444444444,10.0,0.017777777777777778,7.0,14.0,3.0,86.0,0.5,0.3,0.75,0.0038898313704903618,0.0005665277661724489,0.0032310177705977385,0.0007196545870766314,0.003218390804597701,0.004028776978417266,0.0028929604628736743,0.004544013526365846,18,0.0,0.0,0.0,0.02
CLE,1642434.0,Riley Minix,6,50.0,8.333333333333334,10.0,1.6666666666666667,17.0,2.8333333333333335,3.0,0.5,9.0,1.5,3.0,0.5,3.0,0.5,4.0,0.6666666666666666,4.0,0.6666666666666666,3.0,0.5,26.0,4.333333333333333,19.32,0.06726666666666667,9.0,0.01,4.0,4.0,3.0,50.0,0.5882352941176471,0.3333333333333333,1.0,0.00225883805464003,0.0005701062327805861,0.0029079159935379646,0.00040480570523060514,0.0018390804597701149,0.0011510791366906475,0.0028929604628736743,0.0026418683292824684,19,0.0,0.0,0.0,0.02
CLE,1630846.0,Olivier Sarr,4,39.0,9.75,5.0,1.25,7.0,1.75,2.0,0.5,3.0,0.75,2.0,0.5,5.0,1.25,5.0,1.25,11.0,2.75,2.0,0.5,14.0,3.5,10.45,0.0535,3.0,0.025,5.0,11.0,2.0,39.0,0.7142857142857143,0.6666666666666666,0.4,0.0012217835233430802,0.00045342938732053544,0.0009693053311793214,0.001012014263076513,0.0022988505747126436,0.0031654676258992807,0.0019286403085824494,0.0020606572968403254,20,0.0,0.0,0.0,0.02
DAL,1642843.0,Cooper Flagg,70,2349.0,33.55714285714286,559.0,7.985714285714286,1194.0,17.057142857142857,72.0,1.0285714285714285,244.0,3.4857142857142858,283.0,4.042857142857143,342.0,4.885714285714286,316.0,4.514285714285714,466.0,6.6571428571428575,161.0,2.3,1473.0,21.042857142857144,1423.48,22.46742857142857,244.0,4.885714285714286,316.0,466.0,161.0,2349.0,0.46817420435510887,0.29508196721311475,0.827485380116959,0.17946018726653143,0.20953806130404304,0.10086812732534105,0.2394038383579023,0.17545807884508607,0.13562281722933645,0.15877712031558186,0.12910140148392416,1,33.55714285714286,33.55714285714286,33.6,1.0
DAL,1631108.0,Max Christie,77,2243.0,29.12987012987013,320.0,4.1558441558441555,725.0,9.415584415584416,180.0,2.3376623376623376,446.0,5.792207792207792,125.0,1.6233766233766234,139.0,1.8051948051948052,151.0,1.9610389610389611,249.0,3.2337662337662336,96.0,1.2467532467532467,945.0,12.272727272727273,823.91,12.368456052875695,446.0,1.5634276437847867,151.0,249.0,96.0,2243.0,0.4413793103448276,0.40358744394618834,0.8992805755395683,0.10387152814986364,0.11535197694762454,0.1843737081438611,0.0766091828192545,0.0838423098278734,0.07246798603026776,0.09467455621301775,0.12327562517175047,2,29.12987012987013,29.12987012987013,29.1,0.8660714285714286
DAL,1630230.0,Naji Marshall,74,2183.0,29.5,419.0,5.662162162162162,821.0,11.094594594594595,62.0,0.8378378378378378,213.0,2.8783783783783785,228.0,3.081081081081081,300.0,4.054054054054054,241.0,3.2567567567567566,348.0,4.702702702702703,119.0,1.6081081081081081,1128.0,15.243243243243244,1013.25,14.052540218790217,213.0,3.4266409266409266,241.0,348.0,119.0,2183.0,0.510353227771011,0.29107981220657275,0.76,0.12774189644238976,0.13105825726700726,0.08805291442744936,0.1679080974732403,0.13381454747362576,0.10128055878928988,0.11735700197238659,0.11997801593844462,3,29.5,0.0,28.4,0.8452380952380951
DAL,1629023.0,P.J. Washington,56,1732.0,30.928571428571427,296.0,5.285714285714286,658.0,11.75,76.0,1.3571428571428572,234.0,4.178571428571429,125.0,2.232142857142857,182.0,3.25,98.0,1.75,394.0,7.035714285714286,94.0,1.6785714285714286,793.0,14.160714285714286,762.58,14.422338435374149,234.0,2.8824404761904763,98.0,394.0,94.0,1732.0,0.44984802431610943,0.3247863247863248,0.6868131868131868,0.09613956613771289,0.13450710772759036,0.09673418768085985,0.1412418478616157,0.05441421432537479,0.11466821885913853,0.09270216962524655,0.0951909865347623,4,30.928571428571427,0.0,29.8,0.8869047619047619
DAL,202691.0,Klay Thompson,69,1494.0,21.652173913043477,286.0,4.144927536231884,728.0,10.55072463768116,202.0,2.927536231884058,527.0,7.63768115942029,36.0,0.5217391304347826,47.0,0.6811594202898551,96.0,1.391304347826087,143.0,2.072463768115942,63.0,0.9130434782608695,810.0,11.73913043478261,772.68,8.018563017598343,527.0,0.42369737750172526,96.0,143.0,63.0,1494.0,0.39285714285714285,0.38330170777988615,0.7659574468085106,0.09741288778002044,0.0747835536145212,0.21785861926415875,0.020761504366451196,0.053303720155469185,0.04161816065192084,0.0621301775147929,0.08211046990931574,5,21.652173913043477,0.0,20.9,0.6220238095238094
DAL,1629655.0,Daniel Gafford,55,1192.0,21.672727272727272,207.0,3.7636363636363637,316.0,5.745454545454545,0.0,0.0,0.0,0.0,110.0,2.0,161.0,2.9272727272727272,58.0,1.0545454545454545,378.0,6.872727272727273,63.0,1.1454545454545455,524.0,9.527272727272727,401.34000000000003,6.599502976190475,0.0,1.820833333333333,58.0,378.0,63.0,1192.0,0.6550632911392406,0.35,0.6832298136645962,0.05059751563601156,0.06154896875736622,0.0,0.08922226383245893,0.03220433092726263,0.110011641443539,0.0621301775147929,0.06551250343500961,6,21.672727272727272,0.0,20.9,0.6220238095238094
DAL,1642948.0,Ryan Nembhard,60,1170.0,19.5,162.0,2.7,390.0,6.5,48.0,0.8,135.0,2.25,25.0,0.4166666666666667,31.0,0.5166666666666667,316.0,5.266666666666667,133.0,2.216666666666667,85.0,1.4166666666666667,397.0,6.616666666666666,482.64,4.74019246031746,135.0,0.2890873015873016,316.0,133.0,85.0,1170.0,0.4153846153846154,0.35555555555555557,0.8064516129032258,0.06084712449933875,0.04420847428913435,0.055808185200496074,0.014165504893090628,0.17545807884508607,0.038707799767171126,0.08382642998027613,0.06430338004946413,7,19.5,0.0,18.8,0.5595238095238095
DAL,203939.0,Dwight Powell,62,906.0,14.612903225806452,65.0,1.0483870967741935,101.0,1.6290322580645162,2.0,0.03225806451612903,7.0,0.11290322580645161,78.0,1.2580645161290323,112.0,1.8064516129032258,68.0,1.096774193548387,257.0,4.145161290322581,41.0,0.6612903225806451,210.0,3.3870967741935485,167.28,1.9946572580645159,7.0,0.7580645161290321,68.0,257.0,41.0,906.0,0.6435643564356436,0.2857142857142857,0.6964285714285714,0.021089232111406817,0.018602779285226478,0.0028937577511368336,0.037145756847646594,0.03775680177679067,0.07479627473806752,0.04043392504930966,0.04979389942291838,8,14.612903225806452,0.0,14.1,0.4196428571428571
DAL,1628997.0,Caleb Martin,58,859.0,14.810344827586206,85.0,1.4655172413793103,189.0,3.2586206896551726,20.0,0.3448275862068966,57.0,0.9827586206896551,37.0,0.6379310344827587,61.0,1.0517241379310345,81.0,1.396551724137931,143.0,2.4655172413793105,40.0,0.6896551724137931,227.0,3.913793103448276,236.09,2.3082671387520524,57.0,0.4476087848932676,81.0,143.0,40.0,859.0,0.4497354497354497,0.3508771929824561,0.6065573770491803,0.02976420856756358,0.021527600263120894,0.023563455973542785,0.021933182114127314,0.044975013881177126,0.04161816065192084,0.03944773175542406,0.047210772190162134,9,14.810344827586206,0.0,14.3,0.4255952380952381
DAL,203076.0,Anthony Davis,20,625.0,31.25,169.0,8.45,334.0,16.7,10.0,0.5,37.0,1.85,59.0,2.95,81.0,4.05,56.0,2.8,221.0,11.05,41.0,2.05,407.0,20.35,383.64,19.12201041666667,37.0,3.628125,56.0,221.0,41.0,625.0,0.5059880239520959,0.2702702702702703,0.7283950617283951,0.048366050975729984,0.17833767572491194,0.015295576684580404,0.17778097535952775,0.031093836757357024,0.06431897555296857,0.04043392504930966,0.0343500961802693,10,31.25,0.0,30.1,0.8958333333333334
DAL,203114.0,Khris Middleton,29,611.0,21.06896551724138,97.0,3.3448275862068964,240.0,8.275862068965518,34.0,1.1724137931034482,87.0,3.0,61.0,2.103448275862069,67.0,2.310344827586207,65.0,2.2413793103448274,97.0,3.3448275862068964,51.0,1.7586206896551724,289.0,9.96551724137931,285.73,0.16604827586206894,87.0,0.046206896551724136,65.0,97.0,51.0,611.0,0.4041666666666667,0.39080459770114945,0.9104477611940298,0.03602239533233065,0.0015486166428170176,0.03596527490698636,0.002264174232503653,0.03609106052193226,0.028230500582072177,0.05029585798816568,0.03358065402583127,11,0.0,0.0,0.0,0.02
DAL,1630619.0,Moussa Cisse,37,530.0,14.324324324324325,66.0,1.7837837837837838,115.0,3.108108108108108,0.0,0.0,0.0,0.0,38.0,1.027027027027027,81.0,2.189189189189189,9.0,0.24324324324324326,216.0,5.837837837837838,30.0,0.8108108108108109,170.0,4.594594594594595,152.89,0.07549189189189189,0.0,0.04378378378378378,9.0,216.0,30.0,530.0,0.5739130434782609,0.35,0.4691358024691358,0.019275063949742877,0.0007040603076098099,0.0,0.002145439803207374,0.004997223764575236,0.06286379511059371,0.029585798816568046,0.02912888156086837,12,0.0,0.0,0.0,0.02
DAL,1626156.0,D'Angelo Russell,26,494.0,19.0,94.0,3.6153846153846154,232.0,8.923076923076923,33.0,1.2692307692307692,112.0,4.3076923076923075,43.0,1.6538461538461537,60.0,2.3076923076923075,104.0,4.0,61.0,2.3461538461538463,49.0,1.8846153846153846,264.0,10.153846153846153,284.4,0.17153846153846153,112.0,0.04615384615384615,104.0,61.0,49.0,494.0,0.4051724137931034,0.29464285714285715,0.7166666666666667,0.03585472030418519,0.0015998197815817925,0.04630012401818934,0.002261574721329711,0.05774569683509161,0.017753201396973225,0.048323471400394474,0.027150316020884857,13,0.0,0.0,0.0,0.02
DAL,1628963.0,Marvin Bagley III,22,469.0,21.318181818181817,100.0,4.545454545454546,165.0,7.5,16.0,0.7272727272727273,33.0,1.5,26.0,1.1818181818181819,47.0,2.1363636363636362,29.0,1.3181818181818181,150.0,6.818181818181818,17.0,0.7727272727272727,242.0,11.0,192.93,0.1742,33.0,0.042727272727272725,29.0,150.0,17.0,469.0,0.6060606060606061,0.48484848484848486,0.5531914893617021,0.02432296479706909,0.0016246420974753936,0.01364200082678793,0.0020936699314128083,0.016102165463631316,0.043655413271245634,0.016765285996055226,0.025776312173674085,14,0.0,0.0,0.0,0.02
DAL,1630702.0,Jaden Hardy,34,429.0,12.617647058823529,78.0,2.2941176470588234,194.0,5.705882352941177,46.0,1.3529411764705883,124.0,3.6470588235294117,31.0,0.9117647058823529,40.0,1.1764705882352942,29.0,0.8529411764705882,47.0,1.3823529411764706,27.0,0.7941176470588235,233.0,6.852941176470588,218.85,0.11335294117647057,124.0,0.023529411764705882,29.0,47.0,27.0,429.0,0.4020618556701031,0.3709677419354839,0.775,0.027590736774159387,0.0010571639501030198,0.051260851591566764,0.0011529596618543624,0.016102165463631316,0.013678696158323633,0.026627218934911243,0.023577906018136852,15,0.0,0.0,0.0,0.02
DAL,1642967.0,John Poulakidas,13,254.0,19.53846153846154,39.0,3.0,91.0,7.0,31.0,2.3846153846153846,77.0,5.923076923076923,6.0,0.46153846153846156,7.0,0.5384615384615384,11.0,0.8461538461538461,30.0,2.3076923076923075,4.0,0.3076923076923077,115.0,8.846153846153847,96.83,0.14233846153846152,77.0,0.010769230769230769,11.0,30.0,4.0,254.0,0.42857142857142855,0.4025974025974026,0.8571428571428571,0.012207498477687245,0.001327491714725986,0.031831335262505166,0.0005277007683102659,0.006107717934480844,0.008731082654249126,0.0039447731755424065,0.013959879087661446,16,0.0,0.0,0.0,0.02
DAL,1642358.0,AJ Johnson,22,239.0,10.863636363636363,30.0,1.3636363636363635,93.0,4.2272727272727275,5.0,0.22727272727272727,32.0,1.4545454545454546,25.0,1.1363636363636365,28.0,1.2727272727272727,25.0,1.1363636363636365,24.0,1.0909090909090908,12.0,0.5454545454545454,90.0,4.090909090909091,111.57,0.07302727272727273,32.0,0.025454545454545455,25.0,24.0,12.0,239.0,0.3225806451612903,0.15625,0.8928571428571429,0.014065791646757883,0.000681074520875683,0.01322860686233981,0.001247292725096992,0.0138811771238201,0.006984866123399301,0.011834319526627219,0.013135476779334982,17,0.0,0.0,0.0,0.02
DAL,1641890.0,Tyler Smith,12,167.0,13.916666666666666,21.0,1.75,50.0,4.166666666666667,10.0,0.8333333333333334,35.0,2.9166666666666665,4.0,0.3333333333333333,6.0,0.5,5.0,0.4166666666666667,33.0,2.75,6.0,0.5,56.0,4.666666666666667,53.89,0.07793333333333334,35.0,0.01,5.0,33.0,6.0,167.0,0.42,0.2857142857142857,0.6666666666666666,0.006793990426134107,0.000726829931859447,0.014468788755684168,0.0004900078562881041,0.00277623542476402,0.00960419091967404,0.005917159763313609,0.009178345699367959,18,0.0,0.0,0.0,0.02
DAL,1626145.0,Tyus Jones,8,134.0,16.75,13.0,1.625,34.0,4.25,4.0,0.5,19.0,2.375,1.0,0.125,2.0,0.25,30.0,3.75,9.0,1.125,5.0,0.625,31.0,3.875,42.38,0.0683,19.0,0.005,30.0,9.0,5.0,134.0,0.38235294117647056,0.21052631578947367,0.5,0.005342908039702421,0.0006369865399401228,0.007854485324514262,0.00024500392814405205,0.01665741254858412,0.002619324796274738,0.004930966469428008,0.007364660621049739,19,0.0,0.0,0.0,0.02
DAL,1641726.0,Dereck Lively II,7,115.0,16.428571428571427,11.0,1.5714285714285714,18.0,2.5714285714285716,0.0,0.0,0.0,0.0,8.0,1.1428571428571428,10.0,1.4285714285714286,13.0,1.8571428571428572,37.0,5.285714285714286,10.0,1.4285714285714286,30.0,4.285714285714286,25.65,0.06742857142857142,0.0,0.028571428571428574,13.0,37.0,10.0,115.0,0.6111111111111112,0.35,0.8,0.0032337326856622718,0.0006288593324654631,0.0,0.0014000224465374404,0.007218212104386452,0.010768335273573923,0.009861932938856016,0.006320417697169552,20,0.0,0.0,0.0,0.02
DEN,1627750.0,Jamal Murray,75,2653.0,35.373333333333335,657.0,8.76,1360.0,18.133333333333333,245.0,3.2666666666666666,563.0,7.506666666666667,346.0,4.613333333333333,390.0,5.2,535.0,7.133333333333334,330.0,4.4,171.0,2.28,1905.0,25.4,1665.35,25.65533333333333,563.0,5.2,535.0,330.0,171.0,2653.0,0.48308823529411765,0.4351687388987567,0.8871794871794871,0.1923299017649056,0.22480524891166603,0.1940710099965529,0.21214293187513109,0.2268871925360475,0.09243697478991597,0.17220543806646527,0.13422037842760295,1,35.373333333333335,35.373333333333335,35.4,1.0
DEN,203999.0,Nikola Jokić,65,2265.0,34.84615384615385,644.0,9.907692307692308,1132.0,17.415384615384614,112.0,1.7230769230769232,295.0,4.538461538461538,399.0,6.138461538461539,480.0,7.384615384615385,697.0,10.723076923076922,836.0,12.861538461538462,243.0,3.7384615384615385,1799.0,27.676923076923078,1517.45,26.5348109517601,295.0,7.2594524119947845,697.0,836.0,243.0,2265.0,0.568904593639576,0.37966101694915255,0.83125,0.17524905241129854,0.23251168493235058,0.10168907273354016,0.2961618304785703,0.2955894826123834,0.23417366946778712,0.24471299093655588,0.11459071132247294,2,34.84615384615385,34.84615384615385,34.8,0.983050847457627
DEN,203501.0,Tim Hardaway Jr.,80,2129.0,26.6125,348.0,4.35,779.0,9.7375,224.0,2.8,550.0,6.875,159.0,1.9875,196.0,2.45,108.0,1.35,206.0,2.575,43.0,0.5375,1079.0,13.4875,892.24,8.711359110169491,550.0,1.515677966101695,108.0,206.0,43.0,2129.0,0.4467265725288832,0.4072727272727273,0.8112244897959183,0.10304406374078685,0.0763334168251135,0.18958979662185454,0.061834686059105595,0.04580152671755725,0.057703081232493,0.0433031218529708,0.10771020945057169,3,26.6125,0.0,21.9,0.6186440677966102
DEN,1628971.0,Bruce Brown,82,1996.0,24.341463414634145,248.0,3.024390243902439,522.0,6.365853658536586,57.0,0.6951219512195121,148.0,1.8048780487804879,96.0,1.170731707317073,126.0,1.5365853658536586,174.0,2.1219512195121952,318.0,3.8780487804878048,91.0,1.1097560975609757,649.0,7.914634146341464,620.94,5.372467961967756,148.0,0.8681273253410501,174.0,318.0,91.0,1996.0,0.47509578544061304,0.38513513513513514,0.7619047619047619,0.07171184988254752,0.047076332307516795,0.0510168907273354,0.03541674539207041,0.0737913486005089,0.08907563025210084,0.09164149043303121,0.1009814833552565,4,24.341463414634145,0.0,20.0,0.5649717514124294
DEN,1629661.0,Cameron Johnson,54,1648.0,30.51851851851852,228.0,4.222222222222222,475.0,8.796296296296296,110.0,2.037037037037037,256.0,4.7407407407407405,94.0,1.7407407407407407,112.0,2.074074074074074,132.0,2.4444444444444446,206.0,3.814814814814815,47.0,0.8703703703703703,660.0,12.222222222222221,557.28,9.590153797865662,256.0,1.470600544046872,132.0,206.0,47.0,1648.0,0.48,0.4296875,0.8392857142857143,0.06435980884231339,0.08403386865487422,0.08824543260944502,0.05999567519832043,0.05597964376590331,0.057703081232493,0.0473313192346425,0.0833754932712739,5,30.51851851851852,0.0,25.1,0.7090395480225989
DEN,1631212.0,Peyton Watson,54,1596.0,29.555555555555557,285.0,5.277777777777778,581.0,10.75925925925926,81.0,1.5,197.0,3.6481481481481484,138.0,2.5555555555555554,189.0,3.5,111.0,2.0555555555555554,264.0,4.888888888888889,93.0,1.7222222222222223,789.0,14.61111111111111,691.91,10.630550847457627,197.0,2.402542372881356,111.0,264.0,93.0,1596.0,0.4905335628227194,0.41116751269035534,0.7301587301587301,0.0799081168103737,0.09315036364099087,0.06790761806273699,0.09801584287255485,0.047073791348600506,0.07394957983193277,0.09365558912386707,0.08074471314378225,6,29.555555555555557,0.0,24.3,0.6864406779661018
DEN,1642461.0,Spencer Jones,63,1417.0,22.49206349206349,132.0,2.0952380952380953,262.0,4.158730158730159,57.0,0.9047619047619048,144.0,2.2857142857142856,31.0,0.49206349206349204,51.0,0.8095238095238095,51.0,0.8095238095238095,209.0,3.3174603174603177,31.0,0.49206349206349204,352.0,5.587301587301587,297.19,3.7920354676710604,144.0,0.42305622814097393,51.0,209.0,31.0,1417.0,0.5038167938931297,0.3958333333333333,0.6078431372549019,0.034322228663951904,0.033227768515642964,0.04963805584281282,0.017259305497280872,0.021628498727735368,0.05854341736694678,0.03121852970795569,0.07168875847414753,7,22.49206349206349,0.0,18.5,0.5225988700564972
DEN,1631128.0,Christian Braun,44,1399.0,31.795454545454547,202.0,4.590909090909091,389.0,8.840909090909092,43.0,0.9772727272727273,143.0,3.25,79.0,1.7954545454545454,101.0,2.2954545454545454,120.0,2.727272727272727,211.0,4.795454545454546,43.0,0.9772727272727273,526.0,11.954545454545455,463.44,9.99058936825886,143.0,1.692411402157165,120.0,211.0,43.0,1399.0,0.519280205655527,0.3006993006993007,0.7821782178217822,0.05352230442485235,0.08754269143669975,0.04929334712168218,0.06904483015240817,0.05089058524173028,0.05910364145658263,0.0433031218529708,0.07077810381463119,8,31.795454545454547,0.0,26.1,0.7372881355932204
DEN,203932.0,Aaron Gordon,36,1003.0,27.86111111111111,198.0,5.5,398.0,11.055555555555555,61.0,1.6944444444444444,157.0,4.361111111111111,125.0,3.4722222222222223,163.0,4.527777777777778,96.0,2.6666666666666665,209.0,5.805555555555555,38.0,1.0555555555555556,582.0,16.166666666666668,493.72,10.607062931575642,157.0,2.9289861895794096,96.0,209.0,38.0,1003.0,0.49748743718592964,0.3885350318471338,0.7668711656441718,0.05701931671983019,0.09294455042049354,0.0541192692175112,0.1194930226306047,0.04071246819338423,0.05854341736694678,0.038267875125881166,0.05074370130527168,9,27.86111111111111,0.0,22.9,0.6468926553672316
DEN,202685.0,Jonas Valančiūnas,65,871.0,13.4,227.0,3.4923076923076923,390.0,6.0,8.0,0.12307692307692308,26.0,0.4,105.0,1.6153846153846154,136.0,2.0923076923076924,78.0,1.2,329.0,5.061538461538461,73.0,1.123076923076923,567.0,8.723076923076922,469.34000000000003,2.6766666666666667,26.0,0.6501521077792265,78.0,329.0,73.0,871.0,0.5820512820512821,0.3076923076923077,0.7720588235294118,0.05420369057215649,0.023454332416400468,0.008962426749396759,0.026524071982515638,0.03307888040712468,0.09215686274509804,0.07351460221550855,0.04406556713548518,10,13.4,0.0,11.0,0.3107344632768362
DEN,1631124.0,Julian Strawther,57,861.0,15.105263157894736,149.0,2.6140350877192984,319.0,5.5964912280701755,58.0,1.0175438596491229,150.0,2.6315789473684212,57.0,1.0,70.0,1.2280701754385965,61.0,1.0701754385964912,114.0,2.0,36.0,0.631578947368421,413.0,7.245614035087719,365.05,0.11763157894736842,150.0,0.02456140350877193,61.0,114.0,36.0,861.0,0.4670846394984326,0.38666666666666666,0.8142857142857143,0.04215932424972456,0.0010307485013565257,0.05170630816959669,0.0010020246444844248,0.02586938083121289,0.031932773109243695,0.03625377643504532,0.04355964788019832,11,0.0,0.0,0.0,0.02
DEN,1629618.0,Jalen Pickett,50,806.0,16.12,98.0,1.96,232.0,4.64,49.0,0.98,127.0,2.54,15.0,0.3,19.0,0.38,115.0,2.3,114.0,2.28,34.0,0.68,260.0,5.2,269.11,0.086436,127.0,0.0076,115.0,114.0,34.0,806.0,0.4224137931034483,0.3858267716535433,0.7894736842105263,0.03107929255949425,0.0007573967659068459,0.04377800758359186,0.0003100550542790377,0.04877014418999152,0.031932773109243695,0.03423967774420947,0.04077709197612061,12,0.0,0.0,0.0,0.02
DEN,1630192.0,Zeke Nnaji,52,627.0,12.057692307692308,71.0,1.3653846153846154,151.0,2.9038461538461537,14.0,0.2692307692307692,54.0,1.0384615384615385,34.0,0.6538461538461539,44.0,0.8461538461538461,29.0,0.5576923076923077,136.0,2.6153846153846154,27.0,0.5192307692307693,190.0,3.6538461538461537,177.61,0.060226923076923074,54.0,0.016923076923076923,29.0,136.0,27.0,627.0,0.47019867549668876,0.25925925925925924,0.7727272727272727,0.02051203281740468,0.000527739330359826,0.01861427094105481,0.0006904059913095982,0.012298558100084818,0.0380952380952381,0.027190332326283987,0.03172113730648588,13,0.0,0.0,0.0,0.02
DEN,1641747.0,DaRon Holmes II,25,209.0,8.36,31.0,1.24,61.0,2.44,20.0,0.8,45.0,1.8,11.0,0.44,14.0,0.56,16.0,0.64,35.0,1.4,12.0,0.48,93.0,3.72,71.16,0.058072,45.0,0.011200000000000002,16.0,35.0,12.0,209.0,0.5081967213114754,0.4444444444444444,0.7857142857142857,0.008218209871552936,0.0005088567840916095,0.015511892450879007,0.00045692323788489774,0.006785411365564037,0.00980392156862745,0.012084592145015106,0.010573712435495295,14,0.0,0.0,0.0,0.02
DEN,1626145.0,Tyus Jones,11,92.0,8.363636363636363,9.0,0.8181818181818182,26.0,2.3636363636363638,6.0,0.5454545454545454,16.0,1.4545454545454546,0.0,0.0,1.0,0.09090909090909091,13.0,1.1818181818181819,14.0,1.2727272727272727,6.0,0.5454545454545454,24.0,2.1818181818181817,29.69,0.0382,16.0,0.0018181818181818182,13.0,14.0,6.0,92.0,0.34615384615384615,0.375,0.0,0.003428873680247424,0.0003347280815590901,0.005515339538090314,7.417585030598989e-05,0.00551314673452078,0.00392156862745098,0.006042296072507553,0.0046544571486390775,15,0.0,0.0,0.0,0.02
DEN,1642938.0,Curtis Jones,10,87.0,8.7,11.0,1.1,27.0,2.7,6.0,0.6,18.0,1.8,1.0,0.1,2.0,0.2,10.0,1.0,11.0,1.1,2.0,0.2,29.0,2.9,30.38,0.048740000000000006,18.0,0.004,10.0,11.0,2.0,87.0,0.4074074074074074,0.3333333333333333,0.5,0.003508561212728755,0.00042708499202068206,0.0062047569803516025,0.00016318687067317774,0.004240882103477523,0.0030812324929971988,0.002014098690835851,0.004401497520995649,16,0.0,0.0,0.0,0.02
DEN,1631223.0,David Roddy,5,73.0,14.6,15.0,3.0,30.0,6.0,3.0,0.6,11.0,2.2,7.0,1.4,7.0,1.4,4.0,0.8,20.0,4.0,2.0,0.4,40.0,8.0,34.08,0.12908,11.0,0.027999999999999997,4.0,20.0,2.0,73.0,0.5,0.2727272727272727,1.0,0.003935871169512705,0.0011310654651216585,0.003791795932437091,0.0011423080947122442,0.0016963528413910093,0.0056022408963585435,0.002014098690835851,0.0036932105635940505,17,0.0,0.0,0.0,0.02
DEN,1642354.0,KJ Simpson,6,34.0,5.666666666666667,3.0,0.5,10.0,1.6666666666666667,0.0,0.0,1.0,0.16666666666666666,1.0,0.16666666666666666,2.0,0.3333333333333333,8.0,1.3333333333333333,8.0,1.3333333333333333,1.0,0.16666666666666666,7.0,1.1666666666666667,12.88,0.023066666666666666,1.0,0.006666666666666666,8.0,8.0,1.0,34.0,0.3,0.0,0.5,0.001487500606318182,0.00020212201783498287,0.0003447087211306446,0.0002719781177886296,0.0033927056827820186,0.002240896358543417,0.0010070493454179255,0.0017201254679753111,18,0.0,0.0,0.0,0.02
DET,1630595.0,Cade Cunningham,64,2172.0,33.9375,548.0,8.5625,1189.0,18.578125,125.0,1.953125,366.0,5.71875,310.0,4.84375,382.0,5.96875,634.0,9.90625,355.0,5.546875,236.0,3.6875,1531.0,23.921875,1515.58,24.73921875,366.0,5.96875,634.0,355.0,236.0,2172.0,0.4608915054667788,0.34153005464480873,0.8115183246073299,0.17683537967719767,0.24230906350901968,0.15211970074812967,0.2749518756951904,0.2854570013507429,0.09750068662455369,0.2103386809269162,0.11331976835185475,1,33.9375,33.9375,33.9,1.0
DET,1629130.0,Duncan Robinson,77,2113.0,27.441558441558442,318.0,4.12987012987013,698.0,9.064935064935066,220.0,2.857142857142857,536.0,6.961038961038961,83.0,1.077922077922078,110.0,1.4285714285714286,159.0,2.064935064935065,205.0,2.6623376623376624,54.0,0.7012987012987013,939.0,12.194805194805195,786.15,11.194605217791057,536.0,1.1546565528866413,159.0,205.0,54.0,2113.0,0.45558739255014324,0.41044776119402987,0.7545454545454545,0.09172668795657699,0.10964591623072724,0.2227763923524522,0.053189526282709926,0.07158937415578569,0.056303213402911285,0.0481283422459893,0.11024156101633015,2,27.441558441558442,27.441558441558442,27.4,0.8082595870206489
DET,1631105.0,Jalen Duren,70,1978.0,28.257142857142856,522.0,7.457142857142857,803.0,11.471428571428572,0.0,0.0,0.0,0.0,321.0,4.585714285714285,430.0,6.142857142857143,138.0,1.9714285714285715,737.0,10.528571428571428,130.0,1.8571428571428572,1365.0,19.5,1026.7,15.920273914875686,0.0,5.0375052675937635,138.0,737.0,130.0,1978.0,0.6500622665006227,0.35,0.7465116279069768,0.11979366599887756,0.15593162832276594,0.0,0.23205386758522428,0.062134173795587576,0.20241691842900303,0.11586452762923351,0.10319820524860437,3,28.257142857142856,0.0,27.8,0.8200589970501475
DET,1641709.0,Ausar Thompson,73,1900.0,26.027397260273972,303.0,4.1506849315068495,577.0,7.904109589041096,6.0,0.0821917808219178,24.0,0.3287671232876712,109.0,1.4931506849315068,191.0,2.6164383561643834,228.0,3.1232876712328768,418.0,5.726027397260274,110.0,1.5068493150684932,721.0,9.876712328767123,718.04,9.084498323029056,24.0,1.9758354548026025,228.0,418.0,110.0,1900.0,0.5251299826689775,0.25,0.5706806282722513,0.08377972526914779,0.08897840725477357,0.00997506234413965,0.09101732596658181,0.10265646105357946,0.1148036253776435,0.09803921568627451,0.09912871080502948,4,26.027397260273972,0.0,25.6,0.7551622418879057
DET,202699.0,Tobias Harris,63,1749.0,27.761904761904763,309.0,4.904761904761905,659.0,10.46031746031746,82.0,1.3015873015873016,223.0,3.5396825396825395,136.0,2.1587301587301586,157.0,2.492063492063492,157.0,2.492063492063492,323.0,5.126984126984127,63.0,1.0,836.0,13.26984126984127,767.33,12.03624877089479,223.0,2.0068829891838744,157.0,323.0,63.0,1749.0,0.46889226100151743,0.36771300448430494,0.8662420382165605,0.08953080133526709,0.11788942073351068,0.09268495428096425,0.09244753795633538,0.07068887888338586,0.08871189233726998,0.05614973262032086,0.09125058694631398,5,27.761904761904763,0.0,27.3,0.8053097345132744
DET,1641842.0,Ronald Holland II,78,1542.0,19.76923076923077,235.0,3.0128205128205128,544.0,6.9743589743589745,50.0,0.6410256410256411,198.0,2.5384615384615383,120.0,1.5384615384615385,149.0,1.9102564102564104,95.0,1.2179487179487178,315.0,4.038461538461538,96.0,1.2307692307692308,640.0,8.205128205128204,633.31,5.638200589970501,198.0,1.0988200589970503,95.0,315.0,96.0,1542.0,0.4319852941176471,0.25252525252525254,0.8053691275167785,0.0738935683390953,0.05522353468950003,0.08229426433915212,0.05061740502998765,0.04277352543899145,0.08651469376544905,0.0855614973262032,0.08045077476913445,6,19.76923076923077,0.0,19.5,0.5752212389380531
DET,1642450.0,Daniss Jenkins,72,1452.0,20.166666666666668,232.0,3.2222222222222223,568.0,7.888888888888889,73.0,1.0138888888888888,195.0,2.7083333333333335,134.0,1.8611111111111112,161.0,2.236111111111111,278.0,3.861111111111111,166.0,2.3055555555555554,115.0,1.5972222222222223,671.0,9.319444444444445,708.34,6.296202064896756,195.0,1.306047197640118,278.0,166.0,115.0,1452.0,0.4084507042253521,0.37435897435897436,0.8322981366459627,0.0826479452358478,0.06166835102699793,0.08104738154613467,0.06016337201886451,0.12516884286357496,0.04559187036528426,0.10249554367201426,0.07575520425731726,7,20.166666666666668,0.0,19.8,0.584070796460177
DET,1629750.0,Javonte Green,82,1445.0,17.621951219512194,185.0,2.2560975609756095,414.0,5.048780487804878,94.0,1.146341463414634,247.0,3.0121951219512195,105.0,1.2804878048780488,125.0,1.524390243902439,56.0,0.6829268292682927,230.0,2.8048780487804876,45.0,0.5487804878048781,569.0,6.939024390243903,483.0,4.178686236419887,247.0,0.7779336642923953,56.0,230.0,45.0,1445.0,0.4468599033816425,0.3805668016194332,0.84,0.056355644957103206,0.04092827501454277,0.1026600166251039,0.03583569761903693,0.025213867627194957,0.0631694589398517,0.040106951871657755,0.07538999321750926,8,17.621951219512194,0.0,17.3,0.5103244837758113
DET,1630191.0,Isaiah Stewart,58,1314.0,22.655172413793103,221.0,3.810344827586207,402.0,6.931034482758621,40.0,0.6896551724137931,120.0,2.0689655172413794,99.0,1.706896551724138,131.0,2.2586206896551726,66.0,1.1379310344827587,290.0,5.0,67.0,1.1551724137931034,581.0,10.017241379310345,476.14,7.457377682839997,120.0,1.4857593327230192,66.0,290.0,67.0,1314.0,0.5497512437810945,0.3333333333333333,0.7557251908396947,0.05555523144901681,0.07304152248389101,0.04987531172069826,0.06844185388294512,0.029716343989194056,0.07964844822850865,0.059714795008912656,0.06855532947253092,9,22.655172413793103,0.0,22.3,0.6578171091445428
DET,1627747.0,Caris LeVert,60,1154.0,19.233333333333334,163.0,2.716666666666667,391.0,6.516666666666667,60.0,1.0,180.0,3.0,57.0,0.95,84.0,1.4,159.0,2.65,117.0,1.95,82.0,1.3666666666666667,443.0,7.383333333333334,467.71,5.044553097345132,180.0,0.7805309734513274,159.0,117.0,82.0,1154.0,0.41687979539641945,0.3333333333333333,0.6785714285714286,0.054571632925231345,0.049409035474866136,0.07481296758104738,0.035955343277677125,0.07158937415578569,0.032134029112881074,0.07308377896613191,0.06020764856263369,10,19.233333333333334,0.0,18.9,0.5575221238938053
DET,1630194.0,Paul Reed,65,899.0,13.830769230769231,209.0,3.2153846153846155,339.0,5.2153846153846155,13.0,0.2,40.0,0.6153846153846154,73.0,1.123076923076923,110.0,1.6923076923076923,80.0,1.2307692307692308,294.0,4.523076923076923,58.0,0.8923076923076924,504.0,7.753846153846154,407.4,0.12284615384615385,40.0,0.033846153846153845,80.0,294.0,58.0,899.0,0.616519174041298,0.325,0.6636363636363637,0.04753476139860009,0.001203220554171562,0.01662510390689942,0.001559131055089924,0.03601981089599279,0.08074704751441912,0.05169340463458111,0.046903532112485,11,0.0,0.0,0.0,0.02
DET,1628989.0,Kevin Huerter,25,511.0,20.44,85.0,3.4,192.0,7.68,30.0,1.2,102.0,4.08,14.0,0.56,15.0,0.6,62.0,2.48,71.0,2.84,23.0,0.92,214.0,8.56,214.1,0.14244,102.0,0.012,62.0,71.0,23.0,511.0,0.4427083333333333,0.29411764705882354,0.9333333333333333,0.024980835580363965,0.0013951331024236475,0.04239401496259352,0.0005527828286227912,0.027915353444394417,0.019500137324910738,0.020499108734402853,0.026660405905984244,12,0.0,0.0,0.0,0.02
DET,1631204.0,Marcus Sasser,38,458.0,12.052631578947368,69.0,1.8157894736842106,177.0,4.657894736842105,44.0,1.1578947368421053,106.0,2.789473684210526,15.0,0.39473684210526316,18.0,0.47368421052631576,75.0,1.9736842105263157,39.0,1.0263157894736843,31.0,0.8157894736842105,197.0,5.184210526315789,203.67,0.08654210526315788,106.0,0.009473684210526315,75.0,39.0,31.0,458.0,0.3898305084745763,0.41509433962264153,0.8333333333333334,0.02376388034868159,0.0008476393976836795,0.04405652535328346,0.0004364074962811509,0.03376857271499325,0.010711343037627026,0.027629233511586453,0.02389523660458079,13,0.0,0.0,0.0,0.02
DET,1642404.0,Chaz Lanier,33,264.0,8.0,28.0,0.8484848484848485,89.0,2.696969696969697,19.0,0.5757575757575758,67.0,2.0303030303030303,5.0,0.15151515151515152,6.0,0.18181818181818182,17.0,0.5151515151515151,23.0,0.696969696969697,3.0,0.09090909090909091,80.0,2.4242424242424243,95.89,0.04297575757575758,67.0,0.0036363636363636364,17.0,23.0,3.0,264.0,0.3146067415730337,0.2835820895522388,0.8333333333333334,0.011188287360117238,0.00042092742204207547,0.027847049044056525,0.0001675099480675125,0.00765420981539847,0.006316945893985169,0.00267379679144385,0.013773673501330411,14,0.0,0.0,0.0,0.02
DET,1642449.0,Tolu Smith,15,137.0,9.133333333333333,18.0,1.2,36.0,2.4,0.0,0.0,0.0,0.0,20.0,1.3333333333333333,30.0,2.0,13.0,0.8666666666666667,49.0,3.2666666666666666,7.0,0.4666666666666667,56.0,3.7333333333333334,52.45,0.06119999999999999,0.0,0.04,13.0,49.0,7.0,137.0,0.5,0.35,0.6666666666666666,0.0061197796645964045,0.0005994253430800843,0.0,0.0018426094287426374,0.00585321927059883,0.013457841252403187,0.006238859180035651,0.007147701779099494,15,0.0,0.0,0.0,0.02
DET,1631111.0,Wendell Moore Jr.,6,60.0,10.0,4.0,0.6666666666666666,7.0,1.1666666666666667,0.0,0.0,1.0,0.16666666666666666,2.0,0.3333333333333333,2.0,0.3333333333333333,4.0,0.6666666666666666,6.0,1.0,1.0,0.16666666666666666,10.0,1.6666666666666667,8.879999999999999,0.02656666666666667,1.0,0.006666666666666666,4.0,6.0,1.0,60.0,0.5714285714285714,0.0,1.0,0.00103610378306227,0.00026020806014968807,0.00041562759767248546,0.0003071015714571062,0.0018009905447996398,0.0016478989288656962,0.00089126559714795,0.0031303803412114574,16,0.0,0.0,0.0,0.02
DET,1642403.0,Isaac Jones,4,19.0,4.75,2.0,0.5,5.0,1.25,0.0,0.0,1.0,0.25,2.0,0.5,2.0,0.5,0.0,0.0,3.0,0.75,1.0,0.25,6.0,1.5,5.88,0.025349999999999998,1.0,0.01,0.0,3.0,1.0,19.0,0.4,0.0,1.0,0.0006860687212169085,0.0002482913798542506,0.00041562759767248546,0.00046065235718565934,0.0,0.0008239494644328481,0.00089126559714795,0.0009912871080502948,17,0.0,0.0,0.0,0.02
GSW,1641764.0,Brandin Podziemski,82,2334.0,28.463414634146343,394.0,4.804878048780488,866.0,10.560975609756097,153.0,1.8658536585365855,412.0,5.024390243902439,192.0,2.341463414634146,241.0,2.9390243902439024,304.0,3.707317073170732,419.0,5.109756097560975,131.0,1.5975609756097562,1133.0,13.817073170731707,1048.04,13.87367535744323,412.0,2.625774141753957,304.0,419.0,131.0,2334.0,0.45496535796766746,0.3713592233009709,0.7966804979253111,0.12277551096912806,0.12680788230974321,0.11489124372559956,0.12422567006484714,0.12908704883227176,0.12173155142359093,0.10790774299835255,0.119215445908673,1,28.463414634146343,28.463414634146343,28.5,0.8934169278996865
GSW,203110.0,Draymond Green,68,1870.0,27.5,205.0,3.014705882352941,491.0,7.220588235294118,101.0,1.4852941176470589,310.0,4.5588235294117645,59.0,0.8676470588235294,84.0,1.2352941176470589,376.0,5.529411764705882,375.0,5.514705882352941,181.0,2.661764705882353,570.0,8.382352941176471,621.96,9.565035496957405,310.0,1.0649087221095337,376.0,375.0,181.0,1870.0,0.4175152749490835,0.3258064516129032,0.7023809523809523,0.07286120453642886,0.08742614082691202,0.08644729503625209,0.050380951452888824,0.15966029723991507,0.10894828588030216,0.14909390444810544,0.09551537439983655,2,27.5,27.5,27.5,0.8620689655172414
GSW,1630541.0,Moses Moody,60,1541.0,25.683333333333334,245.0,4.083333333333333,557.0,9.283333333333333,151.0,2.5166666666666666,377.0,6.283333333333333,87.0,1.45,113.0,1.8833333333333333,98.0,1.6333333333333333,200.0,3.3333333333333335,57.0,0.95,728.0,12.133333333333333,631.22,11.3386802507837,377.0,1.5527168234064788,98.0,200.0,57.0,1541.0,0.4398563734290844,0.4005305039787798,0.7699115044247787,0.0739459925517471,0.103637572146143,0.10513106525376464,0.07345920760716551,0.041613588110403395,0.05810575246949448,0.04695222405271829,0.0787107978343038,3,25.683333333333334,0.0,26.3,0.8244514106583073
GSW,1630611.0,Gui Santos,68,1398.0,20.558823529411764,230.0,3.3823529411764706,460.0,6.764705882352941,78.0,1.1470588235294117,222.0,3.264705882352941,87.0,1.2794117647058822,120.0,1.7647058823529411,159.0,2.338235294117647,266.0,3.911764705882353,102.0,1.5,625.0,9.191176470588236,552.55,6.945141065830722,222.0,1.1617186059376727,159.0,266.0,102.0,1398.0,0.5,0.35135135135135137,0.725,0.06472998033089548,0.0634798356030388,0.0619074177356386,0.05496103794860597,0.06751592356687898,0.07728065078442765,0.08401976935749589,0.07140668096843396,4,20.558823529411764,0.0,21.0,0.658307210031348
GSW,1642954.0,Will Richard,69,1376.0,19.942028985507246,162.0,2.347826086956522,346.0,5.0144927536231885,71.0,1.0289855072463767,212.0,3.072463768115942,46.0,0.6666666666666666,54.0,0.782608695652174,93.0,1.3478260869565217,172.0,2.4927536231884058,53.0,0.7681159420289855,441.0,6.391304347826087,393.01,5.265945209213574,212.0,0.5004770342101676,93.0,172.0,53.0,1376.0,0.4682080924855491,0.33490566037735847,0.8518518518518519,0.04604023087475385,0.04813168415255268,0.05911879531511433,0.02367762479574727,0.03949044585987261,0.04997094712376525,0.04365733113673806,0.07028297068137705,5,19.942028985507246,0.0,20.4,0.6394984326018809
GSW,201939.0,Stephen Curry,43,1331.0,30.953488372093023,374.0,8.69767441860465,799.0,18.58139534883721,190.0,4.4186046511627906,484.0,11.255813953488373,204.0,4.744186046511628,221.0,5.1395348837209305,203.0,4.72093023255814,154.0,3.5813953488372094,121.0,2.813953488372093,1142.0,26.558139534883722,946.99,25.73819530509586,484.0,5.1073120944813,203.0,154.0,121.0,1331.0,0.46808510638297873,0.3925619834710744,0.9230769230769231,0.11093773246503434,0.23525172364385394,0.13496932515337423,0.24162750979923703,0.08619957537154989,0.04474142940151075,0.09967051070840198,0.06798447236694248,6,30.953488372093023,0.0,31.7,0.9937304075235109
GSW,1630311.0,Pat Spencer,66,1225.0,18.560606060606062,186.0,2.8181818181818183,436.0,6.606060606060606,60.0,0.9090909090909091,168.0,2.5454545454545454,44.0,0.6666666666666666,57.0,0.8636363636363636,232.0,3.515151515151515,158.0,2.393939393939394,85.0,1.2878787878787878,476.0,7.212121212121212,519.0799999999999,5.315108767930084,168.0,0.5143915645483044,232.0,158.0,85.0,1225.0,0.42660550458715596,0.35714285714285715,0.7719298245614035,0.06080904567941585,0.04858104790130919,0.046848856664807585,0.024335922791529213,0.09851380042462846,0.04590354445090064,0.0700164744645799,0.06257023189294106,7,18.560606060606062,0.0,19.0,0.5956112852664577
GSW,202710.0,Jimmy Butler III,38,1185.0,31.18421052631579,240.0,6.315789473684211,462.0,12.157894736842104,32.0,0.8421052631578947,85.0,2.236842105263158,248.0,6.526315789473684,287.0,7.552631578947368,185.0,4.868421052631579,211.0,5.552631578947368,60.0,1.5789473684210527,760.0,20.0,634.53,20.655263157894737,85.0,7.552631578947368,185.0,211.0,60.0,1185.0,0.5194805194805194,0.3764705882352941,0.8641114982578397,0.07433375155074312,0.18879281171862383,0.023703290574456217,0.3573158497253479,0.07855626326963906,0.06130156885531668,0.04942339373970346,0.060527122280110326,8,31.18421052631579,0.0,31.9,1.0
GSW,1642366.0,Quinten Post,67,1161.0,17.328358208955223,193.0,2.8805970149253732,439.0,6.552238805970149,93.0,1.3880597014925373,277.0,4.134328358208955,34.0,0.5074626865671642,43.0,0.6417910447761194,94.0,1.4029850746268657,269.0,4.014925373134329,56.0,0.835820895522388,513.0,7.656716417910448,481.42,4.970252421279184,277.0,0.3561034950638656,94.0,269.0,56.0,1161.0,0.4396355353075171,0.33574007220216606,0.7906976744186046,0.0563972620231648,0.045428999010644185,0.07724484104852203,0.01684729641567468,0.03991507430997877,0.07815223707147008,0.04612850082372323,0.059301256512411894,9,17.328358208955223,0.0,17.7,0.554858934169279
GSW,1627780.0,Gary Payton II,73,1142.0,15.643835616438356,242.0,3.315068493150685,415.0,5.684931506849315,37.0,0.5068493150684932,127.0,1.7397260273972603,26.0,0.3561643835616438,40.0,0.547945205479452,123.0,1.6849315068493151,265.0,3.6301369863013697,62.0,0.8493150684931506,547.0,7.493150684931507,463.35,4.201829346845881,127.0,0.2748314510241766,123.0,265.0,62.0,1142.0,0.5831325301204819,0.29133858267716534,0.65,0.05428040247275437,0.03840547422169547,0.03541550474065811,0.013002306868467779,0.05222929936305733,0.07699012202208018,0.051070840197693576,0.058330779446317295,10,15.643835616438356,0.0,16.0,0.5015673981191223
GSW,1629001.0,De'Anthony Melton,49,1127.0,23.0,215.0,4.387755102040816,528.0,10.775510204081632,72.0,1.469387755102041,245.0,5.0,100.0,2.0408163265306123,121.0,2.4693877551020407,125.0,2.5510204081632653,158.0,3.2244897959183674,91.0,1.8571428571428572,602.0,12.285714285714286,612.49,0.20673877551020411,245.0,0.04938775510204081,125.0,158.0,91.0,1127.0,0.4071969696969697,0.2938775510204082,0.8264462809917356,0.07175181549700513,0.0018896295061202682,0.06832124930284439,0.0023365402503550447,0.05307855626326964,0.04590354445090064,0.07495881383855024,0.05756461334150577,11,0.0,0.0,0.0,0.02
GSW,201143.0,Al Horford,45,970.0,21.555555555555557,138.0,3.066666666666667,324.0,7.2,74.0,1.6444444444444444,205.0,4.555555555555555,22.0,0.4888888888888889,26.0,0.5777777777777777,116.0,2.577777777777778,219.0,4.866666666666666,42.0,0.9333333333333333,372.0,8.266666666666667,364.44,0.13647111111111113,205.0,0.011555555555555555,116.0,219.0,42.0,970.0,0.42592592592592593,0.36097560975609755,0.8461538461538461,0.042693320119068956,0.0012473704444275614,0.057166759620747354,0.0005466946334164053,0.04925690021231423,0.06362579895409645,0.03459637561779242,0.04954540811114516,12,0.0,0.0,0.0,0.02
GSW,1627741.0,Buddy Hield,44,769.0,17.477272727272727,130.0,2.9545454545454546,300.0,6.818181818181818,67.0,1.5227272727272727,195.0,4.431818181818182,27.0,0.6136363636363636,34.0,0.7727272727272727,66.0,1.5,108.0,2.4545454545454546,42.0,0.9545454545454546,354.0,8.045454545454545,331.46,0.13233636363636364,195.0,0.015454545454545455,66.0,108.0,42.0,769.0,0.43333333333333335,0.3435897435897436,0.7941176470588235,0.0388297878571688,0.0012095781105542602,0.05437813720022309,0.0007311562842020107,0.02802547770700637,0.03137710633352702,0.03459637561779242,0.03927878230667075,13,0.0,0.0,0.0,0.02
GSW,1630228.0,Jonathan Kuminga,20,478.0,23.9,88.0,4.4,194.0,9.7,17.0,0.85,53.0,2.65,49.0,2.45,66.0,3.3,50.0,2.5,117.0,5.85,46.0,2.3,242.0,12.1,235.54,0.20096,53.0,0.066,50.0,117.0,46.0,478.0,0.4536082474226804,0.32075471698113206,0.7424242424242424,0.02759297722765202,0.0018368104609925294,0.014779698828778583,0.0031224674254744693,0.021231422505307854,0.03399186519465427,0.03789126853377265,0.024415159873327204,14,0.0,0.0,0.0,0.02
GSW,1631218.0,Trayce Jackson-Davis,36,410.0,11.38888888888889,60.0,1.6666666666666667,102.0,2.8333333333333335,1.0,0.027777777777777776,1.0,0.027777777777777776,29.0,0.8055555555555556,52.0,1.4444444444444444,32.0,0.8888888888888888,112.0,3.111111111111111,18.0,0.5,150.0,4.166666666666667,132.88,0.06734444444444444,1.0,0.028888888888888888,32.0,112.0,18.0,410.0,0.5882352941176471,1.0,0.5576923076923077,0.015566590872082875,0.0006155403067540097,0.0002788622420524261,0.0013667365835410134,0.013588110403397028,0.03253922138291691,0.014827018121911038,0.020941873531514967,15,0.0,0.0,0.0,0.02
GSW,204001.0,Kristaps Porziņģis,15,357.0,23.8,77.0,5.133333333333334,178.0,11.866666666666667,23.0,1.5333333333333334,74.0,4.933333333333334,65.0,4.333333333333333,77.0,5.133333333333334,35.0,2.3333333333333335,80.0,5.333333333333333,25.0,1.6666666666666667,242.0,16.133333333333333,220.63,0.26422666666666667,74.0,0.10266666666666668,35.0,80.0,25.0,357.0,0.43258426966292135,0.3108108108108108,0.8441558441558441,0.025846304516162287,0.0024150791471263906,0.02063580591187953,0.004857171550738064,0.014861995753715499,0.023242300987797792,0.02059308072487644,0.01823475329451425,16,0.0,0.0,0.0,0.02
GSW,1643018.0,LJ Cryer,18,291.0,16.166666666666668,47.0,2.611111111111111,117.0,6.5,37.0,2.0555555555555554,94.0,5.222222222222222,17.0,0.9444444444444444,19.0,1.0555555555555556,18.0,1.0,28.0,1.5555555555555556,14.0,0.7777777777777778,148.0,8.222222222222221,129.86,0.13348888888888888,94.0,0.021111111111111112,18.0,28.0,14.0,291.0,0.4017094017094017,0.39361702127659576,0.8947368421052632,0.015212804715899175,0.0012201123981756595,0.026213050752928055,0.0009987690418184329,0.007643312101910828,0.008134805345729227,0.011532125205930808,0.014863622433343548,17,0.0,0.0,0.0,0.02
GSW,1642502.0,Malevy Leons,25,276.0,11.04,32.0,1.28,72.0,2.88,4.0,0.16,16.0,0.64,15.0,0.6,19.0,0.76,23.0,0.92,53.0,2.12,13.0,0.52,83.0,3.32,86.11,0.055911999999999996,16.0,0.0152,23.0,53.0,13.0,276.0,0.4444444444444444,0.25,0.7894736842105263,0.010087591360588925,0.00051104571305242,0.004461795872838818,0.0007191137101092717,0.009766454352441613,0.015398024404416037,0.01070840197693575,0.014097456328532026,18,0.0,0.0,0.0,0.02
GSW,203552.0,Seth Curry,10,132.0,13.2,24.0,2.4,49.0,4.9,12.0,1.2,25.0,2.5,11.0,1.1,12.0,1.2,10.0,1.0,12.0,1.2,2.0,0.2,71.0,7.1,56.78,0.11234,25.0,0.024,10.0,12.0,2.0,132.0,0.4897959183673469,0.48,0.9166666666666666,0.006651648327188935,0.0010268077586977546,0.006971556051310652,0.0011354427001725343,0.004246284501061571,0.003486345148169669,0.0016474464579901153,0.006742261722341404,19,0.0,0.0,0.0,0.02
GSW,1630209.0,Omer Yurtseven,9,104.0,11.555555555555555,11.0,1.2222222222222223,26.0,2.888888888888889,0.0,0.0,4.0,0.4444444444444444,12.0,1.3333333333333333,18.0,2.0,8.0,0.8888888888888888,30.0,3.3333333333333335,9.0,1.0,34.0,3.7777777777777777,35.92,0.06417777777777778,4.0,0.04,8.0,30.0,9.0,104.0,0.4230769230769231,0.0,0.6666666666666666,0.004207946599377009,0.0005865964051825046,0.0011154489682097045,0.001892404500287557,0.003397027600849257,0.008715862870424172,0.007413509060955519,0.005312084993359893,20,0.0,0.0,0.0,0.02
GSW,1629646.0,Charles Bassey,5,101.0,20.2,21.0,4.2,31.0,6.2,0.0,0.0,0.0,0.0,11.0,2.2,13.0,2.6,5.0,1.0,36.0,7.2,4.0,0.8,53.0,10.6,37.97,0.16392,0.0,0.052000000000000005,5.0,36.0,4.0,101.0,0.6774193548387096,0.35,0.8461538461538461,0.004448099453740117,0.0014982582144003557,0.0,0.0024601258503738244,0.0021231422505307855,0.010459035444509006,0.0032948929159802307,0.005158851772397589,21,0.0,0.0,0.0,0.02
HOU,1641708.0,Amen Thompson,79,2954.0,37.392405063291136,557.0,7.050632911392405,1044.0,13.215189873417721,25.0,0.31645569620253167,116.0,1.4683544303797469,304.0,3.848101265822785,390.0,4.936708860759493,420.0,5.3164556962025316,614.0,7.772151898734177,190.0,2.4050632911392404,1443.0,18.265822784810126,1320.6,20.20632911392405,116.0,4.936708860759493,420.0,614.0,190.0,2954.0,0.5335249042145593,0.21551724137931033,0.7794871794871795,0.15135417633689885,0.18667745244464481,0.04496124031007752,0.2290029922567677,0.2016322611617859,0.15560060821084643,0.16101694915254236,0.1482782853127196,1,37.392405063291136,36.0,36.0,1.0
HOU,201142.0,Kevin Durant,78,2841.0,36.42307692307692,716.0,9.179487179487179,1376.0,17.641025641025642,186.0,2.3846153846153846,450.0,5.769230769230769,408.0,5.230769230769231,467.0,5.987179487179487,372.0,4.769230769230769,426.0,5.461538461538462,246.0,3.1538461538461537,2026.0,25.974358974358974,1674.48,26.053461538461537,450.0,5.987179487179487,372.0,426.0,246.0,2841.0,0.5203488372093024,0.41333333333333333,0.8736616702355461,0.19191241950068938,0.24069655601190154,0.1744186046511628,0.27773199846577684,0.1785885741718675,0.10795742524075012,0.20847457627118643,0.14260616403975504,2,36.42307692307692,36.0,36.0,1.0
HOU,1631095.0,Jabari Smith Jr.,77,2705.0,35.12987012987013,438.0,5.688311688311688,974.0,12.64935064935065,177.0,2.2987012987012987,488.0,6.337662337662338,162.0,2.103896103896104,209.0,2.7142857142857144,143.0,1.8571428571428572,529.0,6.87012987012987,105.0,1.3636363636363635,1215.0,15.779220779220779,1101.71,15.508965367965367,488.0,2.3825396825396825,143.0,529.0,105.0,2705.0,0.44969199178644764,0.36270491803278687,0.7751196172248804,0.1262671585734703,0.1432805597009183,0.18914728682170542,0.1105207400033181,0.06865098415746519,0.13405980739989865,0.08898305084745763,0.13577954020680655,3,35.12987012987013,0.0,31.6,0.8777777777777778
HOU,1630578.0,Alperen Sengun,72,2401.0,33.34722222222222,583.0,8.097222222222221,1123.0,15.597222222222221,40.0,0.5555555555555556,131.0,1.8194444444444444,260.0,3.611111111111111,376.0,5.222222222222222,445.0,6.180555555555555,640.0,8.88888888888889,227.0,3.1527777777777777,1466.0,20.36111111111111,1399.69,17.658680555555556,131.0,4.351851851851852,445.0,640.0,227.0,2401.0,0.5191451469278717,0.3053435114503817,0.6914893617021277,0.16041869383385884,0.16314083973685825,0.050775193798449615,0.20187277071447735,0.21363418146903504,0.16218955904713633,0.1923728813559322,0.12052002810962754,4,33.34722222222222,0.0,30.0,0.8333333333333334
HOU,1642263.0,Reed Sheppard,82,2150.0,26.21951219512195,407.0,4.963414634146342,946.0,11.536585365853659,227.0,2.768292682926829,576.0,7.024390243902439,69.0,0.8414634146341463,86.0,1.048780487804878,277.0,3.3780487804878048,238.0,2.902439024390244,123.0,1.5,1110.0,13.536585365853659,1053.0900000000001,9.61140379403794,576.0,0.6875338753387534,277.0,238.0,123.0,2150.0,0.43023255813953487,0.3940972222222222,0.8023255813953488,0.12069481262958114,0.08879556324020292,0.22325581395348837,0.031893174009504664,0.1329812770043207,0.06031424227065383,0.10423728813559321,0.10792089147675936,5,26.21951219512195,0.0,23.6,0.6555555555555556
HOU,1631106.0,Tari Eason,60,1553.0,25.883333333333333,241.0,4.016666666666667,580.0,9.666666666666666,93.0,1.55,260.0,4.333333333333333,52.0,0.8666666666666667,67.0,1.1166666666666667,90.0,1.5,376.0,6.266666666666667,81.0,1.35,627.0,10.45,631.98,7.963745833333334,260.0,0.7227314814814816,90.0,376.0,81.0,1553.0,0.41551724137931034,0.3576923076923077,0.7761194029850746,0.07243132845781716,0.07357357072140727,0.10077519379844961,0.03352591301727347,0.04320691310609698,0.0952863659401926,0.06864406779661017,0.07795402068065456,6,25.883333333333333,0.0,23.3,0.6472222222222223
HOU,1629006.0,Josh Okogie,78,1360.0,17.435897435897434,125.0,1.6025641025641026,294.0,3.769230769230769,62.0,0.7948717948717948,161.0,2.0641025641025643,41.0,0.5256410256410257,69.0,0.8846153846153846,69.0,0.8846153846153846,200.0,2.5641025641025643,41.0,0.5256410256410257,353.0,4.5256410256410255,341.61,2.664638888888889,161.0,0.3857905982905983,69.0,200.0,41.0,1360.0,0.42517006802721086,0.38509316770186336,0.5942028985507246,0.03915197650950176,0.02461743529258525,0.0624031007751938,0.017895971564238406,0.033125300048007685,0.05068423720223011,0.03474576271186441,0.06826623832948499,7,17.435897435897434,0.0,15.7,0.4361111111111111
HOU,203991.0,Clint Capela,75,925.0,12.333333333333334,118.0,1.5733333333333333,227.0,3.026666666666667,1.0,0.013333333333333334,2.0,0.02666666666666667,45.0,0.6,78.0,1.04,50.0,0.6666666666666666,345.0,4.6,41.0,0.5466666666666666,282.0,3.76,273.82,1.4775538888888888,2.0,0.3206666666666667,50.0,345.0,41.0,925.0,0.5198237885462555,0.5,0.5769230769230769,0.03138255381233503,0.013650475268037957,0.0007751937984496124,0.014875016585922936,0.02400384061449832,0.08743030917384693,0.03474576271186441,0.04643108121674531,8,12.333333333333334,0.0,11.1,0.30833333333333335
HOU,1628988.0,Aaron Holiday,57,779.0,13.666666666666666,105.0,1.8421052631578947,252.0,4.421052631578948,67.0,1.1754385964912282,170.0,2.982456140350877,35.0,0.6140350877192983,41.0,0.7192982456140351,60.0,1.0526315789473684,58.0,1.0175438596491229,38.0,0.6666666666666666,312.0,5.473684210526316,285.04,2.157145467836257,170.0,0.24576023391812868,60.0,58.0,38.0,779.0,0.4166666666666667,0.3941176470588235,0.8536585365853658,0.032668479799386384,0.01992892515101581,0.06589147286821706,0.011400273042699992,0.028804608737397985,0.01469842878864673,0.03220338983050847,0.039102499749021184,9,13.666666666666666,0.0,12.3,0.3416666666666667
HOU,203500.0,Steven Adams,32,730.0,22.8125,70.0,2.1875,139.0,4.34375,0.0,0.0,0.0,0.0,47.0,1.46875,81.0,2.53125,48.0,1.5,276.0,8.625,35.0,1.09375,187.0,5.84375,186.64,4.524592013888888,0.0,1.44140625,48.0,276.0,35.0,730.0,0.5035971223021583,0.35,0.5802469135802469,0.021390840126850524,0.04180073014460243,0.0,0.0668636441033357,0.023043686989918388,0.06994424733907754,0.029661016949152543,0.03664290733862062,10,22.8125,0.0,20.5,0.5694444444444444
HOU,1627827.0,Dorian Finney-Smith,37,619.0,16.72972972972973,44.0,1.1891891891891893,132.0,3.5675675675675675,27.0,0.7297297297297297,100.0,2.7027027027027026,8.0,0.21621621621621623,9.0,0.24324324324324326,36.0,0.972972972972973,93.0,2.5135135135135136,22.0,0.5945945945945946,123.0,3.324324324324324,144.96,0.05826486486486486,100.0,0.0048648648648648655,36.0,93.0,22.0,619.0,0.3333333333333333,0.27,0.8888888888888888,0.016613888688321112,0.0005382836475977905,0.03875968992248062,0.00022567030837777113,0.01728276524243879,0.023568170299037,0.01864406779661017,0.031071177592611184,11,0.0,0.0,0.0,0.02
HOU,1630256.0,Jae'Sean Tate,45,404.0,8.977777777777778,56.0,1.2444444444444445,109.0,2.422222222222222,10.0,0.2222222222222222,32.0,0.7111111111111111,7.0,0.15555555555555556,11.0,0.24444444444444444,25.0,0.5555555555555556,73.0,1.6222222222222222,16.0,0.35555555555555557,129.0,2.8666666666666667,120.09,0.04704888888888888,32.0,0.004888888888888889,25.0,73.0,16.0,404.0,0.5137614678899083,0.3125,0.6363636363636364,0.01376353402718324,0.00043466414253723345,0.012403100775193798,0.0002267847296537107,0.01200192030724916,0.018499746578813987,0.013559322033898305,0.02027908844493525,12,0.0,0.0,0.0,0.02
HOU,1631120.0,JD Davison,28,219.0,7.821428571428571,24.0,0.8571428571428571,64.0,2.2857142857142856,8.0,0.2857142857142857,32.0,1.1428571428571428,13.0,0.4642857142857143,19.0,0.6785714285714286,35.0,1.25,34.0,1.2142857142857142,7.0,0.25,69.0,2.4642857142857144,81.11,0.042492857142857145,32.0,0.013571428571428573,35.0,34.0,7.0,219.0,0.375,0.25,0.6842105263157895,0.009296030018692917,0.0003925729544341924,0.012403100775193798,0.0006295485190062425,0.016802688430148822,0.008616320324379118,0.005932203389830509,0.010992872201586186,13,0.0,0.0,0.0,0.02
HOU,201145.0,Jeff Green,30,176.0,5.866666666666666,25.0,0.8333333333333334,68.0,2.2666666666666666,12.0,0.4,44.0,1.4666666666666666,5.0,0.16666666666666666,5.0,0.16666666666666666,8.0,0.26666666666666666,25.0,0.8333333333333334,4.0,0.13333333333333333,67.0,2.2333333333333334,72.2,0.0385,44.0,0.003333333333333333,8.0,25.0,4.0,176.0,0.36764705882352944,0.2727272727272727,1.0,0.00827485349956391,0.0003556846906035127,0.017054263565891473,0.00015462595203662093,0.003840614498319731,0.0063355296502787635,0.003389830508474576,0.008834454372051,14,0.0,0.0,0.0,0.02
HOU,1642384.0,Isaiah Crawford,14,94.0,6.714285714285714,10.0,0.7142857142857143,24.0,1.7142857142857142,3.0,0.21428571428571427,13.0,0.9285714285714286,5.0,0.35714285714285715,6.0,0.42857142857142855,5.0,0.35714285714285715,16.0,1.1428571428571428,4.0,0.2857142857142857,28.0,2.0,27.89,0.03351428571428571,13.0,0.008571428571428572,5.0,16.0,4.0,94.0,0.4166666666666667,0.23076923076923078,0.8333333333333334,0.0031964773421445628,0.0003096238531190503,0.0050387596899224806,0.000397609590951311,0.002400384061449832,0.0040547389761784085,0.003389830508474576,0.004718401766890874,15,0.0,0.0,0.0,0.02
HOU,1641803.0,Tristen Newton,1,12.0,12.0,4.0,4.0,9.0,9.0,2.0,2.0,5.0,5.0,2.0,2.0,3.0,3.0,0.0,0.0,3.0,3.0,0.0,0.0,12.0,12.0,10.32,0.1956,5.0,0.06,0.0,3.0,0.0,12.0,0.4444444444444444,0.4,0.6666666666666666,0.0011827768437049798,0.0018070629995336903,0.001937984496124031,0.002783267136659177,0.0,0.0007602635580334517,0.0,0.00060234916173075,16,0.0,0.0,0.0,0.02
IND,1627783.0,Pascal Siakam,62,2058.0,33.193548387096776,559.0,9.016129032258064,1155.0,18.629032258064516,105.0,1.6935483870967742,293.0,4.725806451612903,262.0,4.225806451612903,378.0,6.096774193548387,236.0,3.806451612903226,411.0,6.629032258064516,138.0,2.225806451612903,1485.0,23.951612903225808,1380.32,24.678870967741936,293.0,6.096774193548387,236.0,411.0,138.0,2058.0,0.48398268398268396,0.3583617747440273,0.6931216931216931,0.16284713496779796,0.22090581824241406,0.09792780748663102,0.26799676334167516,0.10568741603224362,0.12435703479576399,0.12421242124212421,0.10782207785403677,1,33.193548387096776,33.193548387096776,33.2,1.0
IND,1641716.0,Jarace Walker,76,1956.0,25.736842105263158,307.0,4.0394736842105265,733.0,9.644736842105264,133.0,1.75,356.0,4.684210526315789,137.0,1.8026315789473684,183.0,2.4078947368421053,192.0,2.526315789473684,391.0,5.144736842105263,139.0,1.8289473684210527,884.0,11.631578947368421,861.52,10.4580421686747,356.0,1.863942612555485,192.0,391.0,139.0,1956.0,0.41882673942701226,0.37359550561797755,0.7486338797814208,0.10164024553542461,0.09361215776461176,0.11898395721925134,0.08193358837991734,0.08598298253470667,0.11830559757942512,0.1251125112511251,0.102478126473516,2,25.736842105263158,25.736842105263158,25.7,0.7740963855421686
IND,1629614.0,Andrew Nembhard,57,1786.0,31.333333333333332,333.0,5.842105263157895,753.0,13.210526315789474,107.0,1.8771929824561404,296.0,5.192982456140351,193.0,3.3859649122807016,234.0,4.105263157894737,437.0,7.666666666666667,160.0,2.807017543859649,137.0,2.4035087719298245,966.0,16.94736842105263,965.21,16.57795735573874,296.0,3.69720989220038,437.0,160.0,137.0,1786.0,0.44223107569721115,0.3614864864864865,0.8247863247863247,0.11387336497498281,0.14839281907361881,0.09893048128342247,0.16251877682349364,0.19570085087326466,0.048411497730711045,0.12331233123312331,0.09357154083931472,3,31.333333333333332,0.0,29.9,0.9006024096385541
IND,1630643.0,Jay Huff,82,1723.0,21.01219512195122,291.0,3.548780487804878,611.0,7.451219512195122,119.0,1.451219512195122,373.0,4.548780487804878,82.0,1.0,99.0,1.2073170731707317,121.0,1.475609756097561,324.0,3.951219512195122,76.0,0.926829268292683,783.0,9.548780487804878,684.81,6.460769908903908,373.0,0.7272994416691154,121.0,324.0,76.0,1723.0,0.4762684124386252,0.3190348525469169,0.8282828282828283,0.08079238618385426,0.05783172435513457,0.12466577540106952,0.031970004162822446,0.054187192118226604,0.09803328290468986,0.06840684068406841,0.09027086498664012,4,21.01219512195122,0.0,20.0,0.6024096385542168
IND,1641767.0,Ben Sheppard,65,1390.0,21.384615384615383,168.0,2.5846153846153848,387.0,5.953846153846154,84.0,1.2923076923076924,232.0,3.5692307692307694,39.0,0.6,51.0,0.7846153846153846,114.0,1.7538461538461538,195.0,3.0,41.0,0.6307692307692307,459.0,7.061538461538461,437.94,5.45128081556997,232.0,0.4821130676552362,114.0,195.0,41.0,1390.0,0.43410852713178294,0.3620689655172414,0.7647058823529411,0.05166720346571624,0.048795572966312324,0.07754010695187166,0.02119231213008577,0.05105239587998209,0.059001512859304085,0.0369036903690369,0.07282443547964583,5,21.384615384615383,0.0,20.4,0.6144578313253011
IND,1630174.0,Aaron Nesmith,45,1334.0,29.644444444444446,212.0,4.711111111111111,512.0,11.377777777777778,105.0,2.3333333333333335,277.0,6.155555555555556,92.0,2.0444444444444443,111.0,2.466666666666667,86.0,1.9111111111111112,187.0,4.155555555555556,63.0,1.4,621.0,13.8,582.34,13.332349732262383,277.0,2.102610441767068,86.0,187.0,63.0,1334.0,0.4140625,0.37906137184115524,0.8288288288288288,0.06870319967626888,0.11934069555082773,0.09258021390374331,0.09242474381916141,0.03851321092700403,0.05658093797276853,0.05670567056705671,0.06989050138837953,6,29.644444444444446,0.0,28.3,0.8524096385542168
IND,204456.0,T.J. McConnell,56,962.0,17.178571428571427,242.0,4.321428571428571,450.0,8.035714285714286,16.0,0.2857142857142857,50.0,0.8928571428571429,25.0,0.44642857142857145,29.0,0.5178571428571429,287.0,5.125,124.0,2.2142857142857144,64.0,1.1428571428571428,525.0,9.375,534.51,5.014296471600687,50.0,0.25580895008605853,287.0,124.0,64.0,962.0,0.5377777777777778,0.32,0.8620689655172413,0.06306032087605605,0.044884033245154185,0.016711229946524065,0.011244630107744817,0.12852664576802508,0.03751891074130106,0.0576057605760576,0.05040079635353906,7,17.178571428571427,0.0,16.4,0.49397590361445776
IND,1630695.0,Micah Potter,47,907.0,19.29787234042553,151.0,3.2127659574468086,293.0,6.23404255319149,71.0,1.5106382978723405,168.0,3.574468085106383,85.0,1.8085106382978724,101.0,2.148936170212766,69.0,1.4680851063829787,233.0,4.957446808510638,47.0,1.0,458.0,9.74468085106383,354.69,5.76479876954627,168.0,1.1909766726480389,69.0,233.0,47.0,907.0,0.515358361774744,0.4226190476190476,0.8415841584158416,0.041845550525768126,0.051601938794285165,0.05614973262032086,0.05235192961925121,0.03090013434841021,0.07049924357034795,0.0423042304230423,0.04751925394247394,8,19.29787234042553,0.0,18.4,0.5542168674698794
IND,1631245.0,Quenton Jackson,49,898.0,18.3265306122449,154.0,3.142857142857143,328.0,6.6938775510204085,42.0,0.8571428571428571,118.0,2.4081632653061225,98.0,2.0,119.0,2.4285714285714284,140.0,2.857142857142857,114.0,2.326530612244898,62.0,1.2653061224489797,448.0,9.142857142857142,415.36,5.298138984509466,118.0,1.2801204819277108,140.0,114.0,62.0,898.0,0.4695121951219512,0.3559322033898305,0.8235294117647058,0.04900326444608827,0.047424767894160454,0.03943850267379679,0.05627043661991729,0.06269592476489028,0.034493192133131616,0.0558055805580558,0.04704772882066328,9,18.3265306122449,0.0,17.5,0.5271084337349398
IND,1631097.0,Bennedict Mathurin,28,891.0,31.821428571428573,155.0,5.535714285714286,358.0,12.785714285714286,58.0,2.0714285714285716,156.0,5.571428571428571,129.0,4.607142857142857,146.0,5.214285714285714,63.0,2.25,151.0,5.392857142857143,64.0,2.2857142857142856,497.0,17.75,437.99,17.308418674698796,156.0,4.758820998278829,63.0,151.0,64.0,891.0,0.4329608938547486,0.3717948717948718,0.8835616438356164,0.05167310235637086,0.15493133356118285,0.05213903743315508,0.20918416598251272,0.02821316614420063,0.04568835098335855,0.0576057605760576,0.04668098705925499,10,31.821428571428573,0.0,30.3,0.9126506024096385
IND,1641738.0,Kobe Brown,27,667.0,24.703703703703702,94.0,3.4814814814814814,187.0,6.925925925925926,39.0,1.4444444444444444,90.0,3.3333333333333335,26.0,0.9629629629629629,33.0,1.2222222222222223,53.0,1.962962962962963,132.0,4.888888888888889,38.0,1.4074074074074074,253.0,9.37037037037037,214.77,0.14976296296296296,90.0,0.024444444444444446,53.0,132.0,38.0,667.0,0.5026737967914439,0.43333333333333335,0.7878787878787878,0.025338094917869747,0.0013405601058081448,0.030080213903743314,0.0010745078929983685,0.02373488580385132,0.03993948562783661,0.034203420342034205,0.034945250694189765,11,0.0,0.0,0.0,0.02
IND,1630679.0,Ethan Thompson,32,655.0,20.46875,74.0,2.3125,196.0,6.125,38.0,1.1875,116.0,3.625,37.0,1.15625,47.0,1.46875,57.0,1.78125,69.0,2.15625,25.0,0.78125,223.0,6.96875,230.93,0.11748124999999998,116.0,0.029375000000000002,57.0,69.0,25.0,655.0,0.37755102040816324,0.3275862068965517,0.7872340425531915,0.027244616377444058,0.0010515996332779636,0.03877005347593583,0.0012912410191429258,0.025526197939991044,0.020877458396369137,0.022502250225022502,0.034316550531775555,12,0.0,0.0,0.0,0.02
IND,1642277.0,Johnny Furphy,35,640.0,18.285714285714285,70.0,2.0,149.0,4.257142857142857,23.0,0.6571428571428571,71.0,2.0285714285714285,17.0,0.4857142857142857,35.0,1.0,41.0,1.1714285714285715,153.0,4.371428571428571,29.0,0.8285714285714286,180.0,5.142857142857143,174.65,0.0852,71.0,0.02,41.0,153.0,29.0,640.0,0.4697986577181208,0.323943661971831,0.4857142857142857,0.020604825056599857,0.0007626433048276428,0.023729946524064172,0.0008791428215441196,0.018360949395432154,0.04629349470499244,0.026102610261026102,0.033530675328757795,13,0.0,0.0,0.0,0.02
IND,1630543.0,Isaiah Jackson,38,639.0,16.81578947368421,96.0,2.526315789473684,165.0,4.342105263157895,0.0,0.0,1.0,0.02631578947368421,51.0,1.3421052631578947,74.0,1.9473684210526316,31.0,0.8157894736842105,211.0,5.552631578947368,43.0,1.131578947368421,243.0,6.394736842105263,205.31,0.10273157894736841,1.0,0.03894736842105263,31.0,211.0,43.0,639.0,0.5818181818181818,0.0,0.6891891891891891,0.024222024806014982,0.0009195721934105979,0.00033422459893048126,0.0017120149682701277,0.013882669055082848,0.06384266263237519,0.0387038703870387,0.03347828364855661,14,0.0,0.0,0.0,0.02
IND,1642880.0,Kam Jones,37,616.0,16.64864864864865,68.0,1.837837837837838,169.0,4.5675675675675675,22.0,0.5945945945945946,75.0,2.027027027027027,4.0,0.10810810810810811,8.0,0.21621621621621623,119.0,3.2162162162162162,60.0,1.6216216216216217,36.0,0.972972972972973,162.0,4.378378378378378,202.27,0.07585405405405406,75.0,0.004324324324324324,119.0,60.0,36.0,616.0,0.40236686390532544,0.29333333333333333,0.5,0.023863372254213873,0.0006789857566708737,0.025066844919786096,0.00019008493438791777,0.05329153605015674,0.018154311649016642,0.032403240324032405,0.032273275003929375,15,0.0,0.0,0.0,0.02
IND,1643007.0,Taelon Peter,38,492.0,12.947368421052632,60.0,1.5789473684210527,158.0,4.157894736842105,41.0,1.0789473684210527,125.0,3.289473684210526,10.0,0.2631578947368421,16.0,0.42105263157894735,40.0,1.0526315789473684,59.0,1.5526315789473684,27.0,0.7105263157894737,171.0,4.5,175.04,0.07571578947368421,125.0,0.008421052631578947,40.0,59.0,27.0,492.0,0.379746835443038,0.328,0.625,0.020650836403705918,0.0006777481210310396,0.04177807486631016,0.00037016539854489245,0.017913121361397222,0.0178517397881997,0.024302430243024302,0.025776706658982552,16,0.0,0.0,0.0,0.02
IND,1630167.0,Obi Toppin,24,425.0,17.708333333333332,100.0,4.166666666666667,199.0,8.291666666666666,37.0,1.5416666666666667,105.0,4.375,42.0,1.75,46.0,1.9166666666666667,55.0,2.2916666666666665,106.0,4.416666666666667,28.0,1.1666666666666667,279.0,11.625,232.99,0.18517499999999998,105.0,0.03833333333333334,55.0,106.0,28.0,425.0,0.5025125628140703,0.3523809523809524,0.9130434782608695,0.027487650672414547,0.001657540774312896,0.035093582887700536,0.0016850237412928961,0.024630541871921183,0.03207261724659607,0.025202520252025202,0.022266464085503222,17,0.0,0.0,0.0,0.02
IND,1628396.0,Tony Bradley,37,418.0,11.297297297297296,59.0,1.5945945945945945,106.0,2.864864864864865,1.0,0.02702702702702703,2.0,0.05405405405405406,32.0,0.8648648648648649,43.0,1.162162162162162,20.0,0.5405405405405406,107.0,2.891891891891892,17.0,0.4594594594594595,151.0,4.081081081081081,129.92000000000002,0.06585405405405405,2.0,0.023243243243243242,20.0,107.0,17.0,418.0,0.5566037735849056,0.5,0.7441860465116279,0.015327677476973682,0.0005894736316911034,0.0006684491978609625,0.0010217065223350578,0.008956560680698611,0.03237518910741301,0.0153015301530153,0.021899722324094935,18,0.0,0.0,0.0,0.02
IND,1641771.0,Jalen Slawson,13,311.0,23.923076923076923,34.0,2.6153846153846154,77.0,5.923076923076923,15.0,1.1538461538461537,40.0,3.076923076923077,12.0,0.9230769230769231,17.0,1.3076923076923077,36.0,2.769230769230769,57.0,4.384615384615385,17.0,1.3076923076923077,95.0,7.3076923076923075,93.48,0.12018461538461538,40.0,0.026153846153846156,36.0,57.0,17.0,311.0,0.44155844155844154,0.375,0.7058823529411765,0.01102856596788408,0.0010757980312953313,0.013368983957219251,0.0011496483050961565,0.0161218092252575,0.017246596066565808,0.0153015301530153,0.01629381254256824,19,0.0,0.0,0.0,0.02
IND,1642484.0,RayJ Dennis,13,167.0,12.846153846153847,22.0,1.6923076923076923,72.0,5.538461538461538,12.0,0.9230769230769231,38.0,2.923076923076923,8.0,0.6153846153846154,9.0,0.6923076923076923,26.0,2.0,21.0,1.6153846153846154,14.0,1.0769230769230769,64.0,4.923076923076923,82.46,0.08829230769230768,38.0,0.013846153846153847,26.0,21.0,14.0,167.0,0.3055555555555556,0.3157894736842105,0.8888888888888888,0.009728450467605062,0.0007903232080906179,0.01270053475935829,0.0006086373379920829,0.011643528884908196,0.006354009077155824,0.012601260126012601,0.008749410593597736,20,0.0,0.0,0.0,0.02
IND,1627826.0,Ivica Zubac,5,118.0,23.6,25.0,5.0,53.0,10.6,0.0,0.0,0.0,0.0,8.0,1.6,10.0,2.0,9.0,1.8,36.0,7.2,4.0,0.8,58.0,11.6,59.65,0.1966,0.0,0.04,9.0,36.0,4.0,118.0,0.4716981132075472,0.35,0.8,0.007037376550965825,0.0017598083771022837,0.0,0.0017582856430882392,0.004030452306314375,0.010892586989409985,0.0036003600360036,0.006182218263739718,21,0.0,0.0,0.0,0.02
IND,1630644.0,Mac McClung,3,34.0,11.333333333333334,7.0,2.3333333333333335,18.0,6.0,2.0,0.6666666666666666,10.0,3.3333333333333335,3.0,1.0,4.0,1.3333333333333333,1.0,0.3333333333333333,4.0,1.3333333333333333,2.0,0.6666666666666666,19.0,6.333333333333333,20.01,0.10893333333333333,10.0,0.026666666666666665,1.0,4.0,2.0,34.0,0.3888888888888889,0.2,0.75,0.0023607360399803216,0.0009750854147796309,0.0033422459893048127,0.0011721904287254926,0.0004478280340349306,0.001210287443267776,0.0018001800180018,0.0017813171268402578,22,0.0,0.0,0.0,0.02
LAC,1627739.0,Kris Dunn,82,2231.0,27.20731707317073,227.0,2.768292682926829,477.0,5.817073170731708,80.0,0.975609756097561,214.0,2.6097560975609757,62.0,0.7560975609756098,81.0,0.9878048780487805,295.0,3.597560975609756,271.0,3.3048780487804876,111.0,1.353658536585366,596.0,7.2682926829268295,586.39,8.476826988830636,214.0,0.8370184636425804,295.0,271.0,111.0,2231.0,0.4758909853249476,0.37383177570093457,0.7654320987654321,0.07345612975800653,0.07352301061083474,0.08096859629209231,0.033796160757614276,0.16015200868621063,0.08366779870330349,0.10402999062792877,0.11702685690306336,1,27.20731707317073,27.20731707317073,27.2,0.8473520249221184
LAC,202695.0,Kawhi Leonard,65,2087.0,32.10769230769231,635.0,9.76923076923077,1258.0,19.353846153846153,172.0,2.646153846153846,445.0,6.846153846153846,371.0,5.707692307692308,416.0,6.4,234.0,3.6,413.0,6.3538461538461535,133.0,2.046153846153846,1813.0,27.892307692307693,1499.54,27.092846153846153,445.0,6.4,234.0,413.0,133.0,2087.0,0.5047694753577107,0.3865168539325843,0.8918269230769231,0.18784495782213392,0.23498740954269848,0.1683692773363602,0.2584117773309871,0.1270358306188925,0.12750849027477618,0.1246485473289597,0.10947335291649182,2,32.10769230769231,32.10769230769231,32.1,1.0
LAC,1628381.0,John Collins,69,1869.0,27.08695652173913,364.0,5.27536231884058,659.0,9.55072463768116,89.0,1.289855072463768,219.0,3.1739130434782608,118.0,1.710144927536232,154.0,2.2318840579710146,70.0,1.0144927536231885,367.0,5.318840579710145,95.0,1.3768115942028984,935.0,13.55072463768116,744.26,10.907462413652986,219.0,1.6895570906135717,70.0,367.0,95.0,1869.0,0.5523520485584219,0.4063926940639269,0.7662337662337663,0.09323225009583032,0.09460491240802324,0.08286038592508513,0.06821897666994135,0.038002171552660155,0.11330657610373572,0.08903467666354264,0.09803818715904322,3,27.08695652173913,0.0,24.3,0.7570093457943925
LAC,201572.0,Brook Lopez,75,1635.0,21.8,232.0,3.0933333333333333,542.0,7.226666666666667,114.0,1.52,317.0,4.226666666666667,56.0,0.7466666666666667,74.0,0.9866666666666667,97.0,1.2933333333333332,273.0,3.64,61.0,0.8133333333333334,634.0,8.453333333333333,598.81,6.021429906542055,317.0,0.5993769470404984,97.0,273.0,61.0,1635.0,0.4280442804428044,0.35962145110410093,0.7567567567567568,0.07501196313100818,0.05222634076340407,0.11993946273174423,0.02420094721499314,0.05266015200868621,0.08428527323247915,0.05716963448922212,0.08576374318086445,4,21.8,0.0,19.5,0.6074766355140186
LAC,201935.0,James Harden,44,1563.0,35.52272727272727,323.0,7.340909090909091,771.0,17.522727272727273,135.0,3.0681818181818183,389.0,8.840909090909092,337.0,7.659090909090909,374.0,8.5,358.0,8.136363636363637,212.0,4.818181818181818,162.0,3.6818181818181817,1118.0,25.40909090909091,1025.06,25.094396771452846,389.0,8.42056074766355,358.0,212.0,162.0,1563.0,0.41893644617380027,0.34704370179948585,0.9010695187165776,0.12840761331151992,0.217654035234066,0.1471812334468407,0.339995635769888,0.19435396308360478,0.06545230009262118,0.15182755388940955,0.08198699118757868,5,35.52272727272727,0.0,31.8,0.9906542056074766
LAC,1642920.0,Kobe Sanders,68,1353.0,19.897058823529413,179.0,2.6323529411764706,384.0,5.647058823529412,80.0,1.1764705882352942,196.0,2.8823529411764706,57.0,0.8382352941176471,69.0,1.0147058823529411,109.0,1.6029411764705883,153.0,2.25,81.0,1.1911764705882353,495.0,7.279411764705882,441.61,4.747237493128091,196.0,0.5626717976910389,109.0,153.0,81.0,1353.0,0.4661458333333333,0.40816326530612246,0.8260869565217391,0.055319772612822976,0.04117474534272139,0.07415815361331819,0.02271890926490046,0.059174809989142235,0.04723680148193887,0.07591377694470477,0.07097146454049517,6,19.897058823529413,0.0,17.8,0.5545171339563862
LAC,1627884.0,Derrick Jones Jr.,50,1347.0,26.94,189.0,3.78,379.0,7.58,55.0,1.1,153.0,3.06,71.0,1.42,93.0,1.86,69.0,1.38,173.0,3.46,40.0,0.8,504.0,10.08,437.17,8.831110903426792,153.0,1.3964485981308412,69.0,173.0,40.0,1347.0,0.49868073878627966,0.35947712418300654,0.7634408602150538,0.054763580972233016,0.07659586087030365,0.05788876276958002,0.05638418190536812,0.03745928338762215,0.053411546773695584,0.03748828491096532,0.07065673520772137,7,26.94,0.0,24.1,0.7507788161993769
LAC,1627826.0,Ivica Zubac,43,1332.0,30.976744186046513,263.0,6.116279069767442,429.0,9.976744186046512,0.0,0.0,0.0,0.0,93.0,2.1627906976744184,132.0,3.0697674418604652,96.0,2.2325581395348837,473.0,11.0,82.0,1.9069767441860466,619.0,14.395348837209303,511.08,13.482452727667898,0.0,2.6489893501412736,96.0,473.0,82.0,1332.0,0.6130536130536131,0.35,0.7045454545454546,0.06402216749385559,0.11693886359395296,0.0,0.10695781970325982,0.05211726384364821,0.1460327261500463,0.07685098406747891,0.06986991187578682,8,30.976744186046513,0.0,27.7,0.8629283489096573
LAC,1641757.0,Jordan Miller,60,1322.0,22.033333333333335,212.0,3.533333333333333,399.0,6.65,38.0,0.6333333333333333,110.0,1.8333333333333333,136.0,2.2666666666666666,175.0,2.9166666666666665,136.0,2.2666666666666666,182.0,3.033333333333333,63.0,1.05,598.0,9.966666666666667,510.0,6.700659397715472,110.0,1.7899792315680163,136.0,182.0,63.0,1322.0,0.531328320802005,0.34545454545454546,0.7771428571428571,0.06388687763533371,0.058117577797324474,0.04161937192584184,0.07227370540860087,0.0738327904451683,0.056190182154986106,0.059044048734770385,0.06934536298783046,9,22.033333333333335,0.0,19.7,0.6137071651090342
LAC,201587.0,Nicolas Batum,74,1292.0,17.45945945945946,96.0,1.2972972972972974,238.0,3.2162162162162162,92.0,1.2432432432432432,228.0,3.081081081081081,9.0,0.12162162162162163,11.0,0.14864864864864866,64.0,0.8648648648648649,184.0,2.4864864864864864,37.0,0.5,293.0,3.9594594594594597,258.84000000000003,2.6904319272543566,228.0,0.07224046476382924,64.0,184.0,37.0,1292.0,0.40336134453781514,0.40350877192982454,0.8181818181818182,0.032424469425744666,0.023335223827959477,0.08626560726447219,0.0029168417023183843,0.03474484256243214,0.05680765668416178,0.03467666354264293,0.0677717163239614,10,17.45945945945946,0.0,15.6,0.4859813084112149
LAC,1631097.0,Bennedict Mathurin,26,727.0,27.96153846153846,136.0,5.230769230769231,319.0,12.26923076923077,17.0,0.6538461538461539,82.0,3.1538461538461537,163.0,6.269230769230769,190.0,7.3076923076923075,66.0,2.5384615384615383,142.0,5.461538461538462,54.0,2.076923076923077,452.0,17.384615384615383,419.1,0.2860384615384615,82.0,0.14615384615384616,66.0,142.0,54.0,727.0,0.4263322884012539,0.2073170731707317,0.8578947368421053,0.05249998120974188,0.0024809293466186767,0.031025349981082105,0.005901230491933599,0.035830618892508145,0.043840691571472676,0.05060918462980318,0.03813470415442719,11,0.0,0.0,0.0,0.02
LAC,1629636.0,Darius Garland,19,552.0,29.05263157894737,139.0,7.315789473684211,295.0,15.526315789473685,63.0,3.3157894736842106,144.0,7.578947368421052,37.0,1.9473684210526316,43.0,2.263157894736842,121.0,6.368421052631579,44.0,2.3157894736842106,57.0,3.0,378.0,19.894736842105264,344.17,0.3213473684210527,144.0,0.04526315789473684,121.0,44.0,57.0,552.0,0.4711864406779661,0.4375,0.8604651162790697,0.04311362093284863,0.002787178033634034,0.05448354143019296,0.001827583293623757,0.06568946796959826,0.013584439641864773,0.053420805998125584,0.028955098615190935,12,0.0,0.0,0.0,0.02
LAC,1642353.0,Cam Christie,54,479.0,8.87037037037037,53.0,0.9814814814814815,139.0,2.574074074074074,12.0,0.2222222222222222,49.0,0.9074074074074074,38.0,0.7037037037037037,50.0,0.9259259259259259,31.0,0.5740740740740741,78.0,1.4444444444444444,22.0,0.4074074074074074,156.0,2.888888888888889,168.75,0.049574074074074076,49.0,0.018518518518518517,31.0,78.0,22.0,479.0,0.381294964028777,0.24489795918367346,0.76,0.02113904039404424,0.00042997635541848603,0.018539538403329548,0.000747719263110495,0.016829533116178068,0.024081506637851188,0.020618556701030927,0.025125891733109525,13,0.0,0.0,0.0,0.02
LAC,1642949.0,Yanic Konan Niederhäuser,40,425.0,10.625,64.0,1.6,100.0,2.5,1.0,0.025,5.0,0.125,47.0,1.175,62.0,1.55,12.0,0.3,117.0,2.925,23.0,0.575,176.0,4.4,130.28,0.06871000000000001,5.0,0.031000000000000003,12.0,117.0,23.0,425.0,0.64,0.2,0.7580645161290323,0.016319965526139756,0.0005959501197472639,0.0018917896329928112,0.0012516820464469687,0.006514657980456026,0.03612225995677678,0.02155576382380506,0.022293327738145196,14,0.0,0.0,0.0,0.02
LAC,1641738.0,Kobe Brown,33,295.0,8.93939393939394,33.0,1.0,84.0,2.5454545454545454,13.0,0.3939393939393939,49.0,1.4848484848484849,21.0,0.6363636363636364,26.0,0.7878787878787878,27.0,0.8181818181818182,53.0,1.606060606060606,15.0,0.45454545454545453,100.0,3.0303030303030303,102.19,0.050824242424242425,49.0,0.01575757575757576,27.0,53.0,15.0,295.0,0.39285714285714285,0.2653061224489796,0.8076923076923077,0.01280117652069559,0.0004408195802472892,0.018539538403329548,0.0006362411184285666,0.014657980456026058,0.016363075023155295,0.014058106841611996,0.015474192194712548,15,0.0,0.0,0.0,0.02
LAC,1630543.0,Isaiah Jackson,17,269.0,15.823529411764707,55.0,3.235294117647059,72.0,4.235294117647059,0.0,0.0,2.0,0.11764705882352941,17.0,1.0,31.0,1.8235294117647058,21.0,1.2352941176470589,79.0,4.647058823529412,15.0,0.8823529411764706,127.0,7.470588235294118,90.89,0.11483529411764706,2.0,0.036470588235294116,21.0,79.0,15.0,269.0,0.7638888888888888,0.0,0.5483870967741935,0.011385643741716628,0.0009960137866485814,0.0007567158531971245,0.0014725671134670217,0.011400651465798045,0.024390243902439025,0.014058106841611996,0.014110365086026018,16,0.0,0.0,0.0,0.02
LAC,203078.0,Bradley Beal,6,121.0,20.166666666666668,18.0,3.0,48.0,8.0,7.0,1.1666666666666667,19.0,3.1666666666666665,6.0,1.0,8.0,1.3333333333333333,10.0,1.6666666666666667,5.0,0.8333333333333334,9.0,1.5,49.0,8.166666666666666,54.02,0.14093333333333333,19.0,0.026666666666666665,10.0,5.0,9.0,121.0,0.375,0.3684210526315789,0.75,0.006766998293844563,0.0012223728260279587,0.007188800605372683,0.0010767157388791126,0.0054288816503800215,0.0015436863229391787,0.008434864104967198,0.0063470415442719265,17,0.0,0.0,0.0,0.02
LAC,1631102.0,TyTy Washington Jr.,15,86.0,5.733333333333333,9.0,0.6,19.0,1.2666666666666666,3.0,0.2,8.0,0.5333333333333333,0.0,0.0,0.0,0.0,17.0,1.1333333333333333,6.0,0.4,3.0,0.2,21.0,1.4,23.25,0.023133333333333336,8.0,0.0,17.0,6.0,3.0,86.0,0.47368421052631576,0.375,0.77,0.0029124900098460955,0.00020064492461291475,0.003026863412788498,0.0,0.009229098805646038,0.0018524235875270144,0.0028116213683223993,0.004511120436424675,18,0.0,0.0,0.0,0.02
LAC,1642951.0,Sean Pedulla,7,31.0,4.428571428571429,5.0,0.7142857142857143,15.0,2.142857142857143,3.0,0.42857142857142855,10.0,1.4285714285714286,0.0,0.0,0.0,0.0,5.0,0.7142857142857143,3.0,0.42857142857142855,1.0,0.14285714285714285,13.0,1.8571428571428572,16.25,0.033,10.0,0.0,5.0,3.0,1.0,31.0,0.3333333333333333,0.3,0.77,0.00203561129720426,0.0002862225869838409,0.0037835792659856224,0.0,0.0027144408251900108,0.0009262117937635072,0.0009372071227741331,0.0016261015526647083,19,0.0,0.0,0.0,0.02
LAC,1641807.0,Norchad Omier,6,23.0,3.8333333333333335,7.0,1.1666666666666667,10.0,1.6666666666666667,0.0,0.0,1.0,0.16666666666666666,3.0,0.5,3.0,0.5,2.0,0.3333333333333333,7.0,1.1666666666666667,0.0,0.0,17.0,2.8333333333333335,11.82,0.04343333333333334,1.0,0.01,2.0,7.0,0.0,23.0,0.7,0.0,1.0,0.001480672340489499,0.0003767151826666108,0.00037835792659856227,0.0004037684020796673,0.0010857763300760044,0.00216116085211485,0.0,0.0012064624422996222,20,0.0,0.0,0.0,0.02
LAC,1631116.0,Patrick Baldwin Jr.,2,12.0,6.0,3.0,1.5,4.0,2.0,2.0,1.0,3.0,1.5,2.0,1.0,2.0,1.0,0.0,0.0,1.0,0.5,1.0,0.5,10.0,5.0,4.88,0.0722,3.0,0.02,0.0,1.0,1.0,12.0,0.75,0.6666666666666666,1.0,0.0006113097310988793,0.0006262203266737367,0.0011350737797956867,0.0008075368041593346,0.0,0.00030873726458783575,0.0009372071227741331,0.000629458665547629,21,0.0,0.0,0.0,0.02
LAC,1630625.0,Dalano Banton,2,9.0,4.5,3.0,1.5,4.0,2.0,0.0,0.0,0.0,0.0,0.0,0.0,0.0,0.0,2.0,1.0,1.0,0.5,1.0,0.5,6.0,3.0,4.5,0.046,0.0,0.0,2.0,1.0,1.0,9.0,0.75,0.35,0.77,0.0005637077438411797,0.0003989769394320206,0.0,0.0,0.0010857763300760044,0.00030873726458783575,0.0009372071227741331,0.0004720939991607218,22,0.0,0.0,0.0,0.02
LAC,1642484.0,RayJ Dennis,1,4.0,4.0,0.0,0.0,0.0,0.0,0.0,0.0,0.0,0.0,0.0,0.0,0.0,0.0,0.0,0.0,2.0,2.0,1.0,1.0,0.0,0.0,0.0,0.0,0.0,0.0,0.0,2.0,1.0,4.0,0.45,0.35,0.77,0.0,0.0,0.0,0.0,0.0,0.0006174745291756715,0.0009372071227741331,0.000209819555182543,23,0.0,0.0,0.0,0.02
LAL,1629029.0,Luka Dončić,64,2293.0,35.828125,693.0,10.828125,1457.0,22.765625,254.0,3.96875,694.0,10.84375,503.0,7.859375,645.0,10.078125,530.0,8.28125,495.0,7.734375,255.0,3.984375,2143.0,33.484375,1873.3,32.260625,694.0,10.078125,530.0,495.0,255.0,2293.0,0.4756348661633493,0.3659942363112392,0.7798449612403101,0.2256694309656093,0.28798223998981726,0.2594392523364486,0.37460813322006153,0.2509469696969697,0.1478494623655914,0.22666666666666666,0.11697189205733816,1,35.828125,35.828125,35.8,1.0
LAL,1631222.0,Jake LaRavia,82,2064.0,25.170731707317074,240.0,2.926829268292683,523.0,6.378048780487805,78.0,0.9512195121951219,243.0,2.9634146341463414,116.0,1.4146341463414633,152.0,1.853658536585366,145.0,1.7682926829268293,326.0,3.975609756097561,87.0,1.0609756097560976,674.0,8.21951219512195,626.13,7.398186401417085,243.0,1.3048099196075762,145.0,326.0,87.0,2064.0,0.4588910133843212,0.32098765432098764,0.7631578947368421,0.07542753473042062,0.06604169298463057,0.09084112149532711,0.048500331975562194,0.06865530303030302,0.09737156511350059,0.07733333333333334,0.10529000663163801,2,25.170731707317074,25.170731707317074,25.2,0.7039106145251397
LAL,2544.0,LeBron James,60,1988.0,33.13333333333333,473.0,7.883333333333334,919.0,15.316666666666666,77.0,1.2833333333333334,243.0,4.05,233.0,3.8833333333333333,316.0,5.266666666666667,432.0,7.2,364.0,6.066666666666666,179.0,2.9833333333333334,1256.0,20.933333333333334,1166.04,16.69825977653631,243.0,4.148603351955307,432.0,364.0,179.0,1988.0,0.514689880304679,0.3168724279835391,0.7373417721518988,0.14046846916304867,0.14906103816583816,0.09084112149532711,0.15420532660057973,0.20454545454545456,0.1087216248506571,0.15911111111111112,0.10141304902310871,3,33.13333333333333,0.0,28.2,0.7877094972067039
LAL,1629028.0,Deandre Ayton,72,1963.0,27.26388888888889,403.0,5.597222222222222,601.0,8.347222222222221,0.0,0.0,0.0,0.0,91.0,1.2638888888888888,141.0,1.9583333333333333,59.0,0.8194444444444444,575.0,7.986111111111111,83.0,1.1527777777777777,897.0,12.458333333333334,677.79,8.591272501551831,0.0,1.2690875232774674,59.0,575.0,83.0,1963.0,0.670549084858569,0.35,0.6453900709219859,0.08165082133891012,0.07669206344761818,0.0,0.04717251552127439,0.02793560606060606,0.17174432497013142,0.07377777777777778,0.10013773402030302,4,27.26388888888889,0.0,23.2,0.6480446927374302
LAL,1629060.0,Rui Hachimura,68,1927.0,28.33823529411765,307.0,4.514705882352941,597.0,8.779411764705882,116.0,1.7058823529411764,262.0,3.8529411764705883,50.0,0.7352941176470589,72.0,1.0588235294117647,57.0,0.8382352941176471,226.0,3.323529411764706,42.0,0.6176470588235294,780.0,11.470588235294118,642.93,8.622600640814987,262.0,0.7127834373973054,57.0,226.0,42.0,1927.0,0.5142378559463987,0.44274809160305345,0.6944444444444444,0.07745136777383184,0.07697172162906124,0.09794392523364485,0.026494459323890426,0.026988636363636364,0.06750298685782556,0.037333333333333336,0.09830128041626282,5,28.33823529411765,0.0,24.1,0.6731843575418995
LAL,203935.0,Marcus Smart,62,1769.0,28.532258064516128,188.0,3.032258064516129,476.0,7.67741935483871,97.0,1.564516129032258,293.0,4.725806451612903,106.0,1.7096774193548387,129.0,2.0806451612903225,185.0,2.9838709677419355,172.0,2.774193548387097,92.0,1.4838709677419355,579.0,9.338709677419354,579.01,7.735580284735989,293.0,1.4122814921607496,185.0,172.0,92.0,1769.0,0.3949579831932773,0.3310580204778157,0.8217054263565892,0.06975116490866248,0.06905352075538954,0.10953271028037383,0.05249509540312126,0.08759469696969698,0.05137395459976105,0.08177777777777778,0.09024128959853084,6,28.532258064516128,0.0,24.3,0.6787709497206704
LAL,1630559.0,Austin Reaves,51,1763.0,34.568627450980394,373.0,7.313725490196078,762.0,14.941176470588236,118.0,2.3137254901960786,328.0,6.431372549019608,323.0,6.333333333333333,371.0,7.2745098039215685,280.0,5.490196078431373,240.0,4.705882352941177,151.0,2.9607843137254903,1187.0,23.274509803921568,995.24,18.814518567203418,328.0,5.974038777522183,280.0,240.0,151.0,1763.0,0.489501312335958,0.3597560975609756,0.8706199460916442,0.11989283322170127,0.16795233202435625,0.12261682242990654,0.22205752699354725,0.13257575757575757,0.07168458781362007,0.13422222222222221,0.08993521399785748,7,34.568627450980394,0.0,29.4,0.8212290502793297
LAL,1629637.0,Jaxson Hayes,66,1209.0,18.318181818181817,198.0,3.0,262.0,3.9696969696969697,3.0,0.045454545454545456,3.0,0.045454545454545456,98.0,1.4848484848484849,150.0,2.272727272727273,59.0,0.8939393939393939,271.0,4.106060606060606,31.0,0.4696969696969697,497.0,7.53030303030303,342.75,3.529873031995937,3.0,0.990350431691214,59.0,271.0,31.0,1209.0,0.7557251908396947,1.0,0.6533333333333333,0.04128980807316639,0.03151026189461109,0.0011214953271028037,0.03681174091902291,0.02793560606060606,0.08094384707287933,0.027555555555555555,0.06167423353568331,8,18.318181818181817,0.0,15.6,0.4357541899441341
LAL,1629020.0,Jarred Vanderbilt,65,1128.0,17.353846153846153,113.0,1.7384615384615385,240.0,3.6923076923076925,29.0,0.4461538461538462,99.0,1.523076923076923,33.0,0.5076923076923077,56.0,0.8615384615384616,84.0,1.2923076923076924,292.0,4.492307692307692,56.0,0.8615384615384616,288.0,4.430769230769231,285.64,2.437579716373013,99.0,0.3561667382896434,84.0,292.0,56.0,1128.0,0.4708333333333333,0.29292929292929293,0.5892857142857143,0.03440998038809408,0.0217596425014966,0.03700934579439252,0.01323886704578099,0.03977272727272727,0.08721624850657109,0.049777777777777775,0.05754221292659287,9,17.353846153846153,0.0,14.8,0.41340782122905034
LAL,1628379.0,Luke Kennard,32,737.0,23.03125,107.0,3.34375,203.0,6.34375,43.0,1.34375,96.0,3.0,31.0,0.96875,34.0,1.0625,78.0,2.4375,83.0,2.59375,28.0,0.875,288.0,9.0,237.46,5.498299581005588,96.0,0.5817039106145252,78.0,83.0,28.0,737.0,0.5270935960591133,0.4479166666666667,0.9117647058823529,0.028605916338596906,0.049081895638198675,0.03588785046728972,0.02162217833596198,0.036931818181818184,0.024790919952210274,0.024888888888888887,0.03759628628271183,10,23.03125,0.0,19.6,0.5474860335195532
LAL,1629216.0,Gabe Vincent,29,558.0,19.24137931034483,45.0,1.5517241379310345,130.0,4.482758620689655,38.0,1.3103448275862069,103.0,3.5517241379310347,10.0,0.3448275862068966,11.0,0.3793103448275862,37.0,1.2758620689655173,27.0,0.9310344827586207,12.0,0.41379310344827586,138.0,4.758620689655173,144.09,0.08035172413793103,103.0,0.007586206896551724,37.0,27.0,12.0,558.0,0.34615384615384615,0.36893203883495146,0.9090909090909091,0.01735798233482872,0.0007172790206105817,0.03850467289719626,0.00028198249215388753,0.017518939393939392,0.008064516129032258,0.010666666666666666,0.02846503086262307,11,0.0,0.0,0.0,0.02
LAL,1642261.0,Dalton Knecht,54,552.0,10.222222222222221,87.0,1.6111111111111112,191.0,3.537037037037037,38.0,0.7037037037037037,111.0,2.0555555555555554,16.0,0.2962962962962963,22.0,0.4074074074074074,21.0,0.3888888888888889,75.0,1.3888888888888888,23.0,0.42592592592592593,228.0,4.222222222222222,205.93,0.06924814814814814,111.0,0.008148148148148147,21.0,75.0,23.0,552.0,0.45549738219895286,0.34234234234234234,0.7272727272727273,0.024807615394623353,0.0006181602749125418,0.041495327102803736,0.0003028700841652866,0.009943181818181818,0.022401433691756272,0.020444444444444446,0.0281589552619497,12,0.0,0.0,0.0,0.02
LAL,1628467.0,Maxi Kleber,41,460.0,11.21951219512195,33.0,0.8048780487804879,73.0,1.7804878048780488,6.0,0.14634146341463414,26.0,0.6341463414634146,14.0,0.34146341463414637,26.0,0.6341463414634146,27.0,0.6585365853658537,84.0,2.048780487804878,17.0,0.4146341463414634,86.0,2.097560975609756,91.19,0.03546829268292683,26.0,0.012682926829268294,27.0,84.0,17.0,460.0,0.4520547945205479,0.23076923076923078,0.5384615384615384,0.010985317573135062,0.00031661625822325867,0.0097196261682243,0.0004714297097206901,0.01278409090909091,0.025089605734767026,0.015111111111111112,0.02346579605162475,13,0.0,0.0,0.0,0.02
LAL,1642355.0,Bronny James,42,377.0,8.976190476190476,47.0,1.119047619047619,115.0,2.738095238095238,22.0,0.5238095238095238,57.0,1.3571428571428572,6.0,0.14285714285714285,7.0,0.16666666666666666,51.0,1.2142857142857142,23.0,0.5476190476190477,25.0,0.5952380952380952,122.0,2.9047619047619047,130.82999999999998,0.048914285714285716,57.0,0.003333333333333333,51.0,23.0,25.0,377.0,0.40869565217391307,0.38596491228070173,0.8571428571428571,0.015760599825564863,0.00043664515388347003,0.02130841121495327,0.00012390139806761724,0.024147727272727272,0.006869772998805257,0.022222222222222223,0.01923175024230985,14,0.0,0.0,0.0,0.02
LAL,1641733.0,Nick Smith Jr.,30,375.0,12.5,70.0,2.3333333333333335,161.0,5.366666666666666,34.0,1.1333333333333333,86.0,2.8666666666666667,11.0,0.36666666666666664,15.0,0.5,31.0,1.0333333333333334,23.0,0.7666666666666667,21.0,0.7,185.0,6.166666666666667,175.35,0.10193333333333333,86.0,0.01,31.0,23.0,21.0,375.0,0.43478260869565216,0.3953488372093023,0.7333333333333333,0.021123757390604597,0.0009099324536633137,0.03214953271028037,0.00037170419420285176,0.014678030303030304,0.006869772998805257,0.018666666666666668,0.019129725042085394,15,0.0,0.0,0.0,0.02
LAL,1631166.0,Drew Timme,26,236.0,9.076923076923077,38.0,1.4615384615384615,66.0,2.5384615384615383,11.0,0.4230769230769231,25.0,0.9615384615384616,5.0,0.19230769230769232,9.0,0.34615384615384615,23.0,0.8846153846153846,33.0,1.2692307692307692,13.0,0.5,92.0,3.5384615384615383,75.71,0.05591538461538462,25.0,0.006923076923076923,23.0,33.0,13.0,236.0,0.5757575757575758,0.44,0.5555555555555556,0.009120499983134724,0.0004991421496462214,0.009345794392523364,0.0002573336729096666,0.010890151515151516,0.00985663082437276,0.011555555555555555,0.012038973626485741,16,0.0,0.0,0.0,0.02
LAL,1642876.0,Adou Thiero,25,151.0,6.04,16.0,0.64,31.0,1.24,1.0,0.04,3.0,0.12,14.0,0.56,22.0,0.88,10.0,0.4,28.0,1.12,9.0,0.36,47.0,1.88,43.18,0.030696,3.0,0.0176,10.0,28.0,9.0,151.0,0.5161290322580645,0.3333333333333333,0.6363636363636364,0.0052017327865771686,0.00027401523804103085,0.0011214953271028037,0.0006541993817970192,0.004734848484848485,0.008363201911589008,0.008,0.007702902616946386,17,0.0,0.0,0.0,0.02
LAL,1643024.0,Chris Mañon,9,47.0,5.222222222222222,2.0,0.2222222222222222,6.0,0.6666666666666666,0.0,0.0,3.0,0.3333333333333333,3.0,0.3333333333333333,4.0,0.4444444444444444,3.0,0.3333333333333333,10.0,1.1111111111111112,1.0,0.1111111111111111,7.0,0.7777777777777778,8.51,0.013644444444444445,3.0,0.008888888888888889,3.0,10.0,1.0,47.0,0.3333333333333333,0.0,0.75,0.0010251678094898495,0.00012180042000202195,0.0011214953271028037,0.0003304037281803127,0.0014204545454545455,0.002986857825567503,0.0008888888888888889,0.0023975922052747027,18,0.0,0.0,0.0,0.02
LAL,1631132.0,Christian Koloko,2,6.0,3.0,0.0,0.0,0.0,0.0,0.0,0.0,0.0,0.0,0.0,0.0,0.0,0.0,0.0,0.0,1.0,0.5,0.0,0.0,0.0,0.0,0.0,0.0,0.0,0.0,0.0,1.0,0.0,6.0,0.45,0.35,0.77,0.0,0.0,0.0,0.0,0.0,0.0002986857825567503,0.0,0.0003060756006733663,19,0.0,0.0,0.0,0.02
MEM,1642377.0,Jaylen Wells,69,1819.0,26.36231884057971,301.0,4.36231884057971,698.0,10.115942028985508,129.0,1.8695652173913044,365.0,5.2898550724637685,134.0,1.9420289855072463,171.0,2.4782608695652173,111.0,1.608695652173913,220.0,3.1884057971014492,74.0,1.0724637681159421,865.0,12.53623188405797,800.99,12.322875816993463,365.0,2.1381074168797953,111.0,220.0,74.0,1819.0,0.43123209169054444,0.35342465753424657,0.783625730994152,0.09697755565079895,0.10967133277648852,0.12223710649698594,0.10480310523709617,0.053314121037463975,0.06870705808869457,0.06739526411657559,0.09879963065558633,1,26.36231884057971,26.36231884057971,26.4,0.8627450980392156
MEM,1642285.0,Cam Spencer,72,1717.0,23.84722222222222,263.0,3.6527777777777777,556.0,7.722222222222222,146.0,2.0277777777777777,325.0,4.513888888888889,126.0,1.75,134.0,1.8611111111111112,400.0,5.555555555555555,183.0,2.5416666666666665,93.0,1.2916666666666667,798.0,11.083333333333334,714.96,9.609660493827162,325.0,1.4475308641975309,400.0,183.0,93.0,1717.0,0.47302158273381295,0.4492307692307692,0.9402985074626866,0.08656172135494228,0.08552421443980156,0.108841259209645,0.07095327778986302,0.19212295869356388,0.057151780137414114,0.08469945355191257,0.09325946445060018,2,23.84722222222222,23.84722222222222,23.8,0.7777777777777778
MEM,1642907.0,Cedric Coward,62,1602.0,25.838709677419356,305.0,4.919354838709677,648.0,10.451612903225806,93.0,1.5,275.0,4.435483870967742,140.0,2.2580645161290325,166.0,2.6774193548387095,171.0,2.7580645161290325,364.0,5.870967741935484,105.0,1.6935483870967742,843.0,13.596774193548388,763.79,12.53125606156441,275.0,2.248682268606367,171.0,364.0,105.0,1602.0,0.470679012345679,0.3381818181818182,0.8433734939759037,0.09247367286798053,0.11152587870276258,0.09209645010046885,0.11022312657493323,0.08213256484149856,0.1136789506558401,0.09562841530054644,0.08701319863125305,3,25.838709677419356,0.0,25.7,0.8398692810457515
MEM,1628991.0,Jaren Jackson Jr.,45,1383.0,30.733333333333334,318.0,7.066666666666666,670.0,14.88888888888889,79.0,1.7555555555555555,220.0,4.888888888888889,149.0,3.311111111111111,187.0,4.155555555555556,86.0,1.9111111111111112,259.0,5.7555555555555555,100.0,2.2222222222222223,864.0,19.2,773.78,20.28933333333333,220.0,4.155555555555556,86.0,259.0,100.0,1383.0,0.4746268656716418,0.35909090909090907,0.7967914438502673,0.09368318332497934,0.18057134234401426,0.07367716008037509,0.20369188319034454,0.04130643611911623,0.08088694565896315,0.09107468123861566,0.07511813589701809,4,30.733333333333334,0.0,30.6,1.0
MEM,1630583.0,Santi Aldama,43,1197.0,27.837209302325583,228.0,5.3023255813953485,476.0,11.069767441860465,70.0,1.627906976744186,200.0,4.651162790697675,76.0,1.7674418604651163,114.0,2.6511627906976742,126.0,2.9302325581395348,287.0,6.674418604651163,55.0,1.2790697674418605,602.0,14.0,557.66,14.134304985560114,200.0,2.3999088007295937,126.0,287.0,55.0,1197.0,0.4789915966386555,0.35,0.6666666666666666,0.06751707722221817,0.1257927198696663,0.06697923643670463,0.11763576170992593,0.06051873198847262,0.08963148032479701,0.05009107468123861,0.06501547987616099,5,27.837209302325583,0.0,27.7,0.9052287581699345
MEM,1641713.0,GG Jackson,54,1178.0,21.814814814814813,255.0,4.722222222222222,514.0,9.518518518518519,64.0,1.1851851851851851,193.0,3.574074074074074,112.0,2.074074074074074,151.0,2.7962962962962963,81.0,1.5,235.0,4.351851851851852,85.0,1.5740740740740742,686.0,12.703703703703704,600.69,9.619230210602758,193.0,1.9829944323408373,81.0,235.0,85.0,1178.0,0.4961089494163424,0.3316062176165803,0.7417218543046358,0.07272681045191379,0.08560938316248119,0.06463496316141996,0.09719996878383048,0.03890489913544669,0.07339163023110556,0.07741347905282331,0.06398348813209494,6,21.814814814814813,0.0,21.7,0.7091503267973855
MEM,203484.0,Kentavious Caldwell-Pope,51,1084.0,21.254901960784313,150.0,2.9411764705882355,366.0,7.176470588235294,55.0,1.0784313725490196,174.0,3.411764705882353,73.0,1.4313725490196079,80.0,1.5686274509803921,139.0,2.7254901960784315,125.0,2.450980392156863,61.0,1.196078431372549,428.0,8.392156862745098,435.95,7.010551390490837,174.0,1.0816352684864796,139.0,125.0,61.0,1084.0,0.4098360655737705,0.3160919540229885,0.9125,0.052781389762626,0.06239262051419266,0.05827193569993302,0.053018259969731134,0.06676272814601344,0.039038101186758274,0.05555555555555555,0.05887784476671555,7,21.254901960784313,0.0,21.1,0.6895424836601307
MEM,1629111.0,Jock Landale,45,1062.0,23.6,200.0,4.444444444444445,389.0,8.644444444444444,49.0,1.0888888888888888,129.0,2.8666666666666667,60.0,1.3333333333333333,89.0,1.9777777777777779,75.0,1.6666666666666667,292.0,6.488888888888889,46.0,1.0222222222222221,509.0,11.311111111111112,446.91,9.74584422657952,129.0,1.518881626724764,75.0,292.0,46.0,1062.0,0.5141388174807198,0.3798449612403101,0.6741573033707865,0.05410834017390799,0.08673622466332681,0.04320160750167448,0.07445066123040187,0.03602305475504323,0.09119300437226734,0.04189435336976321,0.057682906957796966,8,23.6,0.0,23.5,0.7679738562091503
MEM,1641765.0,Olivier-Maxence Prosper,52,983.0,18.903846153846153,192.0,3.6923076923076925,350.0,6.730769230769231,60.0,1.1538461538461537,148.0,2.8461538461538463,86.0,1.6538461538461537,114.0,2.1923076923076925,51.0,0.9807692307692307,187.0,3.5961538461538463,47.0,0.9038461538461539,530.0,10.192307692307692,412.91,6.67168426344897,148.0,1.3469079939668176,51.0,187.0,47.0,983.0,0.5485714285714286,0.40540540540540543,0.7543859649122807,0.049991888168106215,0.05937676528618075,0.04956463496316142,0.06602107037371852,0.024495677233429394,0.05840099937539038,0.042805100182149364,0.053391993916680244,9,18.903846153846153,0.0,18.8,0.6143790849673203
MEM,1642914.0,Javon Small,40,830.0,20.75,134.0,3.35,288.0,7.2,60.0,1.5,142.0,3.55,68.0,1.7,82.0,2.05,151.0,3.775,128.0,3.2,56.0,1.4,396.0,9.9,361.83,7.442591503267975,142.0,1.3800653594771242,151.0,128.0,56.0,830.0,0.4652777777777778,0.4225352112676056,0.8292682926829268,0.04380752438997813,0.06623769821235723,0.047555257870060284,0.0676463371117352,0.07252641690682037,0.03997501561524047,0.051001821493624776,0.04508174460920102,10,20.75,0.0,20.6,0.673202614379085
MEM,1642942.0,Jahmai Mashack,30,670.0,22.333333333333332,77.0,2.566666666666667,195.0,6.5,19.0,0.6333333333333333,75.0,2.5,19.0,0.6333333333333333,35.0,1.1666666666666667,69.0,2.3,81.0,2.7,49.0,1.6333333333333333,192.0,6.4,227.65,0.11186666666666667,75.0,0.023333333333333334,69.0,81.0,49.0,670.0,0.39487179487179486,0.25333333333333335,0.5428571428571428,0.02756206762119924,0.0009955927990183873,0.025117213663764234,0.0011437244778067473,0.03314121037463977,0.025296689569019364,0.044626593806921674,0.03639128781706588,11,0.0,0.0,0.0,0.02
MEM,1641707.0,Taylor Hendricks,26,628.0,24.153846153846153,105.0,4.038461538461538,227.0,8.73076923076923,39.0,1.5,114.0,4.384615384615385,26.0,1.0,40.0,1.5384615384615385,31.0,1.1923076923076923,122.0,4.6923076923076925,30.0,1.1538461538461537,275.0,10.576923076923077,252.35,0.17396153846153845,114.0,0.03076923076923077,31.0,122.0,30.0,628.0,0.46255506607929514,0.34210526315789475,0.65,0.030552548931296414,0.0015482257598194386,0.038178164768921635,0.001508208102602304,0.014889529298751201,0.038101186758276076,0.0273224043715847,0.03411004290913041,12,0.0,0.0,0.0,0.02
MEM,1642383.0,Walter Clayton Jr.,24,599.0,24.958333333333332,75.0,3.125,205.0,8.541666666666666,31.0,1.2916666666666667,101.0,4.208333333333333,51.0,2.125,59.0,2.4583333333333335,136.0,5.666666666666667,51.0,2.125,59.0,2.4583333333333335,232.0,9.666666666666666,264.96000000000004,0.16411666666666666,101.0,0.04916666666666667,136.0,51.0,59.0,599.0,0.36585365853658536,0.3069306930693069,0.864406779661017,0.03207926833697761,0.0014606082079758728,0.033824514400535834,0.002409990863949932,0.06532180595581172,0.015927545284197375,0.05373406193078324,0.03253489761555592,13,0.0,0.0,0.0,0.02
MEM,1629630.0,Ja Morant,20,568.0,28.4,132.0,6.6,322.0,16.1,20.0,1.0,85.0,4.25,105.0,5.25,117.0,5.85,161.0,8.05,65.0,3.25,71.0,3.55,389.0,19.45,413.73,0.32677,85.0,0.11699999999999999,161.0,65.0,71.0,568.0,0.40993788819875776,0.23529411764705882,0.8974358974358975,0.05009116730471672,0.0029081930178954563,0.028466175485599463,0.00573496131014526,0.07732949087415947,0.020299812617114305,0.06466302367941712,0.030851121612079736,14,0.0,0.0,0.0,0.02
MEM,1641712.0,Rayan Rupert,16,494.0,30.875,70.0,4.375,166.0,10.375,22.0,1.375,65.0,4.0625,33.0,2.0625,40.0,2.5,34.0,2.125,102.0,6.375,27.0,1.6875,195.0,12.1875,192.1,0.203625,65.0,0.05,34.0,102.0,27.0,494.0,0.42168674698795183,0.3384615384615385,0.825,0.02325795383278003,0.0018122251224682875,0.021768251841929,0.0024508381667287444,0.01633045148895293,0.03185509056839475,0.02459016393442623,0.026831785345717233,15,0.0,0.0,0.0,0.02
MEM,1629723.0,John Konchar,30,437.0,14.566666666666666,37.0,1.2333333333333334,71.0,2.3666666666666667,13.0,0.43333333333333335,39.0,1.3,8.0,0.26666666666666666,13.0,0.43333333333333335,40.0,1.3333333333333333,92.0,3.066666666666667,14.0,0.4666666666666667,95.0,3.1666666666666665,86.72,0.05078666666666667,39.0,0.008666666666666668,40.0,92.0,14.0,437.0,0.5211267605633803,0.3333333333333333,0.6153846153846154,0.010499374057150882,0.00045199201090119625,0.013060951105157401,0.00042481194889964905,0.01921229586935639,0.02873204247345409,0.012750455373406194,0.023735810113519093,16,0.0,0.0,0.0,0.02
MEM,1629660.0,Ty Jerome,15,341.0,22.733333333333334,102.0,6.8,215.0,14.333333333333334,42.0,2.8,100.0,6.666666666666667,49.0,3.2666666666666666,56.0,3.7333333333333334,85.0,5.666666666666667,42.0,2.8,27.0,1.8,295.0,19.666666666666668,260.89,0.31588,100.0,0.07466666666666667,85.0,42.0,27.0,341.0,0.4744186046511628,0.42,0.875,0.03158650481745956,0.002811274016870633,0.033489618218352314,0.0036599183289815914,0.040826128722382324,0.01311680199875078,0.02459016393442623,0.01852153603823801,17,0.0,0.0,0.0,0.02
MEM,1641744.0,Zach Edey,11,284.0,25.818181818181817,62.0,5.636363636363637,98.0,8.909090909090908,1.0,0.09090909090909091,5.0,0.45454545454545453,25.0,2.272727272727273,32.0,2.909090909090909,12.0,1.0909090909090908,122.0,11.090909090909092,26.0,2.3636363636363638,150.0,13.636363636363637,115.08,0.21458181818181818,5.0,0.05818181818181818,12.0,122.0,26.0,284.0,0.6326530612244898,0.2,0.78125,0.013932979318460832,0.0019097387930461056,0.0016744809109176155,0.0028518844121934476,0.005763688760806916,0.038101186758276076,0.023679417122040074,0.015425560806039868,18,0.0,0.0,0.0,0.02
MEM,1642380.0,Adama Bal,8,241.0,30.125,28.0,3.5,68.0,8.5,18.0,2.25,44.0,5.5,9.0,1.125,10.0,1.25,19.0,2.375,25.0,3.125,6.0,0.75,83.0,10.375,77.15,0.16975,44.0,0.025,19.0,25.0,6.0,241.0,0.4117647058823529,0.4090909090909091,0.9,0.0093407138896355,0.0015107438405843675,0.014735432016075016,0.0012254190833643722,0.009125840537944284,0.007807620237351655,0.00546448087431694,0.013090000543153549,19,0.0,0.0,0.0,0.02
MEM,1631351.0,Lucas Williamson,7,224.0,32.0,25.0,3.5714285714285716,75.0,10.714285714285714,15.0,2.142857142857143,53.0,7.571428571428571,8.0,1.1428571428571428,8.0,1.1428571428571428,18.0,2.5714285714285716,38.0,5.428571428571429,10.0,1.4285714285714286,73.0,10.428571428571429,83.02,0.18122857142857143,53.0,0.022857142857142857,18.0,38.0,10.0,224.0,0.3333333333333333,0.2830188679245283,1.0,0.010051407221225394,0.0016129010192849386,0.017749497655726726,0.0011203831619331403,0.008645533141210375,0.011867582760774516,0.009107468123861567,0.012166639508989191,20,0.0,0.0,0.0,0.02
MEM,1643253.0,Toby Okani,6,217.0,36.166666666666664,25.0,4.166666666666667,70.0,11.666666666666666,9.0,1.5,31.0,5.166666666666667,1.0,0.16666666666666666,8.0,1.3333333333333333,6.0,1.0,21.0,3.5,3.0,0.5,60.0,10.0,75.02,0.18126666666666666,31.0,0.026666666666666665,6.0,21.0,3.0,217.0,0.35714285714285715,0.2903225806451613,0.125,0.0090828302786838,0.0016132400599112005,0.010381781647689216,0.0013071136889219969,0.002881844380403458,0.00655840099937539,0.00273224043715847,0.01178643202433328,21,0.0,0.0,0.0,0.02
MEM,1630590.0,Scotty Pippen Jr.,10,212.0,21.2,43.0,4.3,96.0,9.6,10.0,1.0,32.0,3.2,18.0,1.8,23.0,2.3,47.0,4.7,22.0,2.2,27.0,2.7,114.0,11.4,117.87,0.18986,32.0,0.046,47.0,22.0,27.0,212.0,0.4479166666666667,0.3125,0.782608695652174,0.014270770527172214,0.0016897191491802531,0.010716677829872739,0.0022547711133904446,0.022574447646493755,0.006870705808869456,0.02459016393442623,0.011514855249579056,22,0.0,0.0,0.0,0.02
MEM,1631132.0,Christian Koloko,11,195.0,17.727272727272727,14.0,1.2727272727272727,35.0,3.1818181818181817,0.0,0.0,1.0,0.09090909090909091,1.0,0.09090909090909091,4.0,0.36363636363636365,10.0,0.9090909090909091,44.0,4.0,7.0,0.6363636363636364,29.0,2.6363636363636362,39.26,0.04834545454545454,1.0,0.007272727272727273,10.0,44.0,7.0,195.0,0.4,0.0,0.25,0.004753291345522873,0.00043026567113282443,0.0003348961821835231,0.00035648555152418095,0.004803073967339097,0.013741411617738912,0.006375227686703097,0.010591494215414698,23,0.0,0.0,0.0,0.02
MEM,1641727.0,Dariq Whitehead,6,183.0,30.5,37.0,6.166666666666667,93.0,15.5,19.0,3.1666666666666665,60.0,10.0,5.0,0.8333333333333334,7.0,1.1666666666666667,9.0,1.5,24.0,4.0,10.0,1.6666666666666667,98.0,16.333333333333332,98.33,0.2760666666666666,60.0,0.023333333333333334,9.0,24.0,10.0,183.0,0.3978494623655914,0.31666666666666665,0.7142857142857143,0.01190502134501437,0.002456942658364208,0.020093770931011386,0.0011437244778067473,0.004322766570605188,0.007495315427857589,0.009107468123861567,0.009939709956004562,24,0.0,0.0,0.0,0.02
MEM,201959.0,Taj Gibson,10,97.0,9.7,12.0,1.2,26.0,2.6,3.0,0.3,6.0,0.6,7.0,0.7,8.0,0.8,6.0,0.6,27.0,2.7,1.0,0.1,34.0,3.4,31.02,0.05556,6.0,0.016,6.0,27.0,1.0,97.0,0.46153846153846156,0.5,0.875,0.0037556570947050315,0.0004944738013718258,0.0020093770931011385,0.0007842682133531981,0.002881844380403458,0.008432229856339788,0.0009107468123861566,0.005268589430231926,25,0.0,0.0,0.0,0.02
MEM,203937.0,Kyle Anderson,4,89.0,22.25,15.0,3.75,19.0,4.75,1.0,0.25,1.0,0.25,6.0,1.5,8.0,2.0,3.0,0.75,14.0,3.5,7.0,1.75,37.0,9.25,23.27,0.13915,1.0,0.04,3.0,14.0,7.0,89.0,0.7894736842105263,1.0,0.75,0.002817348181617862,0.0012384094575394091,0.0003348961821835231,0.001960670533382995,0.001440922190201729,0.004372267332916927,0.006375227686703097,0.00483406659062517,26,0.0,0.0,0.0,0.02
MEM,1629646.0,Charles Bassey,2,30.0,15.0,3.0,1.5,8.0,4.0,0.0,0.0,0.0,0.0,1.0,0.5,3.0,1.5,2.0,1.0,15.0,7.5,1.0,0.5,7.0,3.5,9.82,0.0653,0.0,0.03,2.0,15.0,1.0,30.0,0.375,0.35,0.3333333333333333,0.001188928196969807,0.0005811580134913648,0.0,0.0014705029000372464,0.0009606147934678194,0.004684572142410993,0.0009107468123861566,0.0016294606485253381,27,0.0,0.0,0.0,0.02
MEM,1641790.0,PJ Hall,5,26.0,5.2,5.0,1.0,9.0,1.8,1.0,0.2,3.0,0.6,2.0,0.4,3.0,0.6,2.0,0.4,9.0,1.8,1.0,0.2,13.0,2.6,10.82,0.04152,3.0,0.012,2.0,9.0,1.0,26.0,0.5555555555555556,0.3333333333333333,0.6666666666666666,0.0013100003147875061,0.0003695203785629628,0.0010046885465505692,0.0005882011600148986,0.0009606147934678194,0.0028107432854465957,0.0009107468123861566,0.0014121992287219596,28,0.0,0.0,0.0,0.02
MEM,1629634.0,Brandon Clarke,2,21.0,10.5,3.0,1.5,9.0,4.5,0.0,0.0,0.0,0.0,2.0,1.0,4.0,2.0,1.0,0.5,6.0,3.0,0.0,0.0,8.0,4.0,11.01,0.07490000000000001,0.0,0.04,1.0,6.0,0.0,21.0,0.3333333333333333,0.35,0.5,0.001333004017172869,0.000666596251309391,0.0,0.001960670533382995,0.0004803073967339097,0.0018738288569643974,0.0,0.0011406224539677367,29,0.0,0.0,0.0,0.02
MIA,1628389.0,Bam Adebayo,73,2363.0,32.36986301369863,506.0,6.931506849315069,1145.0,15.684931506849315,127.0,1.7397260273972603,400.0,5.47945205479452,329.0,4.506849315068493,423.0,5.794520547945205,232.0,3.1780821917808217,732.0,10.027397260273972,120.0,1.643835616438356,1468.0,20.10958904109589,1389.12,21.484383561643835,400.0,5.794520547945205,232.0,732.0,120.0,2363.0,0.44192139737991265,0.3175,0.7777777777777778,0.1519170073294444,0.1815539634286014,0.1287415513356936,0.253141895284897,0.09772535804549284,0.1929362150764365,0.11152416356877323,0.1198032853376597,1,32.36986301369863,32.36986301369863,32.4,1.0
MIA,1631170.0,Jaime Jaquez Jr.,75,2123.0,28.30666666666667,464.0,6.1866666666666665,915.0,12.2,58.0,0.7733333333333333,183.0,2.44,166.0,2.2133333333333334,216.0,2.88,352.0,4.693333333333333,375.0,5.0,152.0,2.026666666666667,1152.0,15.36,1098.04,14.698356172839508,183.0,2.5155555555555558,352.0,375.0,152.0,2123.0,0.507103825136612,0.31693989071038253,0.7685185185185185,0.12008390256279021,0.1242085820804478,0.05889925973607982,0.10989563256507881,0.14827295703454085,0.09884027411702688,0.1412639405204461,0.10763536807949706,2,28.30666666666667,28.30666666666667,28.3,0.8734567901234569
MIA,203952.0,Andrew Wiggins,68,2064.0,30.352941176470587,390.0,5.735294117647059,821.0,12.073529411764707,138.0,2.0294117647058822,333.0,4.897058823529412,127.0,1.8676470588235294,162.0,2.3823529411764706,182.0,2.676470588235294,329.0,4.838235294117647,103.0,1.5147058823529411,1045.0,15.367647058823529,937.78,13.792524509803922,333.0,1.9852941176470589,182.0,329.0,103.0,2064.0,0.47503045066991473,0.4144144144144144,0.7839506172839507,0.10255754084125661,0.11655384401680428,0.10717734148696492,0.08673040529942498,0.07666385846672283,0.08671586715867159,0.09572490706319703,0.10464408842019875,3,30.352941176470587,0.0,27.0,0.8333333333333334
MIA,1630558.0,Davion Mitchell,70,1999.0,28.557142857142857,261.0,3.7285714285714286,533.0,7.614285714285714,90.0,1.2857142857142858,228.0,3.257142857142857,42.0,0.6,65.0,0.9285714285714286,453.0,6.4714285714285715,186.0,2.657142857142857,108.0,1.542857142857143,654.0,9.342857142857143,674.85,8.95383597883598,228.0,0.7279541446208113,453.0,186.0,108.0,1999.0,0.4896810506566604,0.39473684210526316,0.6461538461538462,0.0738029777098275,0.07566446601472343,0.07338268426134535,0.031801715141929074,0.19081718618365628,0.04902477596204533,0.10037174721189591,0.10134861082944636,4,28.557142857142857,0.0,25.4,0.7839506172839507
MIA,1641796.0,Pelle Larsson,70,1852.0,26.457142857142856,277.0,3.9571428571428573,559.0,7.985714285714286,62.0,0.8857142857142857,192.0,2.742857142857143,184.0,2.6285714285714286,231.0,3.3,236.0,3.3714285714285714,244.0,3.4857142857142858,101.0,1.4428571428571428,800.0,11.428571428571429,719.64,9.241571869488535,192.0,2.3935185185185186,236.0,244.0,101.0,1852.0,0.49552772808586765,0.3229166666666667,0.7965367965367965,0.07870130381432948,0.07809598057127295,0.06179594464113292,0.10456427053177587,0.09941027801179445,0.06431207169214549,0.09386617100371747,0.09389576150882174,5,26.457142857142856,0.0,23.5,0.7253086419753086
MIA,1626181.0,Norman Powell,58,1719.0,29.637931034482758,421.0,7.258620689655173,895.0,15.431034482758621,156.0,2.689655172413793,410.0,7.068965517241379,263.0,4.5344827586206895,318.0,5.482758620689655,143.0,2.4655172413793105,203.0,3.5,111.0,1.9137931034482758,1261.0,21.74137931034483,1070.67,17.490561941251595,410.0,4.46743295019157,143.0,203.0,111.0,1719.0,0.47039106145251397,0.3804878048780488,0.8270440251572327,0.1170906633245625,0.14780414033832834,0.13196009011908594,0.19516618065505342,0.06023588879528222,0.05350553505535055,0.10315985130111524,0.08715270736158993,6,29.637931034482758,0.0,26.4,0.8148148148148148
MIA,1642276.0,Kel'el Ware,77,1708.0,22.181818181818183,344.0,4.467532467532467,649.0,8.428571428571429,92.0,1.1948051948051948,233.0,3.0259740259740258,71.0,0.922077922077922,96.0,1.2467532467532467,56.0,0.7272727272727273,694.0,9.012987012987013,62.0,0.8051948051948052,851.0,11.051948051948052,705.24,7.19320847362514,233.0,0.7580567580567581,56.0,694.0,62.0,1708.0,0.5300462249614792,0.3948497854077253,0.7395833333333334,0.07712649033130138,0.06078626851953865,0.07499195365304152,0.03311679074743476,0.02358887952822241,0.18292040063257775,0.05762081784386617,0.08659501115392415,7,22.181818181818183,0.0,19.7,0.6080246913580247
MIA,1631323.0,Simone Fontecchio,70,1176.0,16.8,194.0,2.7714285714285714,471.0,6.728571428571429,123.0,1.7571428571428571,328.0,4.685714285714286,86.0,1.2285714285714286,102.0,1.457142857142857,101.0,1.4428571428571428,211.0,3.0142857142857142,49.0,0.7,597.0,8.528571428571428,541.13,4.2283677248677245,328.0,0.6701058201058201,101.0,211.0,49.0,1176.0,0.4118895966029724,0.375,0.8431372549019608,0.05917908472715262,0.03573185691275082,0.10556807209526875,0.02927452857220097,0.04254422914911542,0.05561412756984713,0.04553903345724907,0.05962279456499696,8,16.8,0.0,14.9,0.4598765432098766
MIA,1630696.0,Dru Smith,70,1146.0,16.37142857142857,135.0,1.9285714285714286,325.0,4.642857142857143,38.0,0.5428571428571428,129.0,1.8428571428571427,87.0,1.2428571428571429,105.0,1.5,180.0,2.5714285714285716,173.0,2.4714285714285715,55.0,0.7857142857142857,395.0,5.642857142857143,416.2,3.1099029982363313,129.0,0.6759259259259259,180.0,173.0,55.0,1146.0,0.4153846153846154,0.29457364341085274,0.8285714285714286,0.0455164841414095,0.026280261362318386,0.041519150305761185,0.02952878819659435,0.07582139848357203,0.0455983131259884,0.05111524163568773,0.05810180490772663,9,16.37142857142857,0.0,14.6,0.4506172839506173
MIA,1629639.0,Tyler Herro,33,1029.0,31.181818181818183,247.0,7.484848484848484,515.0,15.606060606060606,84.0,2.5454545454545454,222.0,6.7272727272727275,99.0,3.0,108.0,3.272727272727273,136.0,4.121212121212121,158.0,4.787878787878788,64.0,1.9393939393939394,677.0,20.515151515151516,596.52,17.71911382341938,222.0,2.797979797979798,136.0,158.0,64.0,1029.0,0.4796116504854369,0.3783783783783784,0.9166666666666666,0.0652366485344392,0.1497355199349349,0.07145156099130995,0.12223373843770811,0.05728727885425442,0.04164470216130733,0.05947955390334572,0.05216994524437234,10,31.181818181818183,0.0,27.7,0.8549382716049383
MIA,1642857.0,Kasparas Jakučionis,53,949.0,17.90566037735849,102.0,1.9245283018867925,238.0,4.490566037735849,66.0,1.2452830188679245,156.0,2.943396226415094,58.0,1.0943396226415094,66.0,1.2452830188679245,137.0,2.5849056603773586,138.0,2.6037735849056602,50.0,0.9433962264150944,328.0,6.188679245283019,301.29,0.09945660377358491,156.0,0.02490566037735849,137.0,138.0,50.0,949.0,0.42857142857142855,0.4230769230769231,0.8787878787878788,0.0329496912709401,0.0008404588641062578,0.0502092050209205,0.0010880392983475032,0.05770850884582982,0.03637322087506589,0.046468401486988845,0.04811397282498479,11,0.0,0.0,0.0,0.02
MIA,1631107.0,Nikola Jović,46,810.0,17.608695652173914,115.0,2.5,314.0,6.826086956521739,45.0,0.9782608695652174,167.0,3.630434782608696,69.0,1.5,101.0,2.1956521739130435,102.0,2.217391304347826,153.0,3.3260869565217392,65.0,1.4130434782608696,344.0,7.478260869565218,383.94,0.12869999999999998,167.0,0.04391304347826087,102.0,153.0,65.0,810.0,0.3662420382165605,0.2694610778443114,0.6831683168316832,0.04198846449123682,0.001087580429115798,0.05374959768265208,0.00191840394072931,0.04296545914069082,0.04032683183974697,0.0604089219330855,0.041066720746298926,12,0.0,0.0,0.0,0.02
MIA,1642066.0,Myron Gardner,44,412.0,9.363636363636363,59.0,1.3409090909090908,123.0,2.7954545454545454,26.0,0.5909090909090909,64.0,1.4545454545454546,19.0,0.4318181818181818,26.0,0.5909090909090909,44.0,1.0,121.0,2.75,17.0,0.38636363636363635,163.0,3.7045454545454546,145.44,0.05973181818181818,64.0,0.01181818181818182,44.0,121.0,17.0,412.0,0.4796747967479675,0.40625,0.7307692307692307,0.015905616178583847,0.0005047642303811084,0.020598648213710977,0.0005162941298632437,0.018534119629317607,0.031892461781760674,0.015799256505576207,0.020888257959845873,13,0.0,0.0,0.0,0.02
MIA,1642352.0,Keshad Johnson,32,279.0,8.71875,51.0,1.59375,104.0,3.25,13.0,0.40625,44.0,1.375,21.0,0.65625,29.0,0.90625,8.0,0.25,62.0,1.9375,13.0,0.40625,136.0,4.25,118.76,0.06924374999999999,44.0,0.018125,8.0,62.0,13.0,279.0,0.49038461538461536,0.29545454545454547,0.7241379310344828,0.012987836753084556,0.0005851448899657113,0.014161570646926296,0.0007918164780114169,0.003369839932603201,0.016341591987348445,0.012081784386617101,0.014145203812614074,14,0.0,0.0,0.0,0.02
MIA,1642443.0,Jahmir Young,13,58.0,4.461538461538462,10.0,0.7692307692307693,25.0,1.9230769230769231,3.0,0.23076923076923078,9.0,0.6923076923076923,2.0,0.15384615384615385,2.0,0.15384615384615385,9.0,0.6923076923076923,4.0,0.3076923076923077,3.0,0.23076923076923078,25.0,1.9230769230769231,28.13,0.03303076923076923,9.0,0.0030769230769230774,9.0,4.0,3.0,58.0,0.4,0.3333333333333333,1.0,0.003076354394276428,0.0002791267923389658,0.002896684905053106,0.00013441977345551908,0.0037910699241786015,0.0010542962572482868,0.0027881040892193307,0.0029405800040559725,15,0.0,0.0,0.0,0.02
MIA,1642884.0,Vladislav Goldin,9,23.0,2.5555555555555554,3.0,0.3333333333333333,4.0,0.4444444444444444,0.0,0.0,0.0,0.0,1.0,0.1111111111111111,1.0,0.1111111111111111,3.0,0.3333333333333333,9.0,1.0,3.0,0.3333333333333333,7.0,0.7777777777777778,5.19,0.0118,0.0,0.0022222222222222222,3.0,9.0,3.0,23.0,0.75,0.35,1.0,0.0005675890261747124,9.971599893991e-05,0.0,9.708094749565265e-05,0.0012636899747262005,0.0023721665788086453,0.0027881040892193307,0.00116609207057392,16,0.0,0.0,0.0,0.02
MIA,1631211.0,Trevor Keels,7,14.0,2.0,3.0,0.42857142857142855,12.0,1.7142857142857142,2.0,0.2857142857142857,9.0,1.2857142857142858,0.0,0.0,0.0,0.0,0.0,0.0,2.0,0.2857142857142857,0.0,0.0,8.0,1.1428571428571428,12.0,0.022285714285714284,9.0,0.0,0.0,2.0,0.0,14.0,0.25,0.2222222222222222,0.77,0.0013123445691900866,0.000188325615431307,0.002896684905053106,0.0,0.0,0.0005271481286241434,0.0,0.000709795173392821,17,0.0,0.0,0.0,0.02
MIL,1631157.0,Ryan Rollins,74,2375.0,32.0945945945946,486.0,6.5675675675675675,1030.0,13.91891891891892,184.0,2.4864864864864864,453.0,6.121621621621622,125.0,1.6891891891891893,157.0,2.1216216216216215,414.0,5.594594594594595,338.0,4.5675675675675675,201.0,2.7162162162162162,1281.0,17.31081081081081,1202.58,18.914594594594597,453.0,2.1216216216216215,414.0,338.0,201.0,2375.0,0.47184466019417476,0.40618101545253865,0.7961783439490446,0.1575517626281947,0.16609661904660492,0.15024875621890546,0.10285800223171519,0.2134020618556701,0.10575719649561953,0.1871508379888268,0.12746202973219556,1,32.0945945945946,32.0945945945946,32.1,1.0
MIL,1631260.0,AJ Green,78,2272.0,29.128205128205128,262.0,3.358974358974359,618.0,7.923076923076923,232.0,2.9743589743589745,554.0,7.102564102564102,53.0,0.6794871794871795,62.0,0.7948717948717948,152.0,1.9487179487179487,213.0,2.730769230769231,75.0,0.9615384615384616,809.0,10.371794871794872,683.28,11.473451953031393,554.0,0.7205847112389168,152.0,213.0,75.0,2272.0,0.42394822006472493,0.4187725631768953,0.8548387096774194,0.08951751099186156,0.10075296981182937,0.18374792703150913,0.03493455340076226,0.07835051546391752,0.06664580725907385,0.06983240223463687,0.12193420275854666,2,29.128205128205128,29.128205128205128,29.1,0.9065420560747663
MIL,1626167.0,Myles Turner,71,1910.0,26.901408450704224,284.0,4.0,646.0,9.098591549295774,147.0,2.0704225352112675,384.0,5.408450704225352,131.0,1.8450704225352113,177.0,2.492957746478873,103.0,1.4507042253521127,378.0,5.323943661971831,83.0,1.1690140845070423,846.0,11.915492957746478,749.63,9.524408757843007,384.0,1.8017638541529548,103.0,378.0,83.0,1910.0,0.43962848297213625,0.3828125,0.7401129943502824,0.09821012142142195,0.08363764209610354,0.12736318407960198,0.0873510284033767,0.05309278350515464,0.11827284105131414,0.07728119180633147,0.1025063060162078,3,26.901408450704224,0.0,23.2,0.7227414330218068
MIL,1628398.0,Kyle Kuzma,69,1810.0,26.231884057971016,339.0,4.913043478260869,689.0,9.985507246376812,83.0,1.2028985507246377,239.0,3.463768115942029,135.0,1.9565217391304348,186.0,2.6956521739130435,184.0,2.6666666666666665,313.0,4.536231884057971,119.0,1.7246376811594204,896.0,12.985507246376812,816.84,9.83853537405752,239.0,1.897873493159962,184.0,313.0,119.0,1810.0,0.49201741654571846,0.3472803347280335,0.7258064516129032,0.10701540170734136,0.08639611353173723,0.07927031509121062,0.09201050460908966,0.09484536082474226,0.09793491864831039,0.11080074487895716,0.0971394837116943,4,26.231884057971016,0.0,22.6,0.7040498442367601
MIL,1626171.0,Bobby Portis,67,1617.0,24.134328358208954,366.0,5.462686567164179,750.0,11.194029850746269,135.0,2.014925373134328,296.0,4.417910447761194,48.0,0.7164179104477612,68.0,1.0149253731343284,105.0,1.5671641791044777,428.0,6.388059701492537,66.0,0.9850746268656716,915.0,13.656716417910447,806.17,9.216913563025992,296.0,0.6576463477007486,105.0,428.0,66.0,1617.0,0.488,0.4560810810810811,0.7058823529411765,0.10561750941972403,0.08093740382365443,0.09817578772802653,0.031883248553896425,0.05412371134020619,0.13391739674593242,0.061452513966480445,0.08678151666398326,5,24.134328358208954,0.0,20.8,0.6479750778816199
MIL,1629018.0,Gary Trent Jr.,65,1376.0,21.16923076923077,183.0,2.8153846153846156,473.0,7.276923076923077,123.0,1.8923076923076922,342.0,5.2615384615384615,40.0,0.6153846153846154,52.0,0.8,79.0,1.2153846153846153,67.0,1.0307692307692307,41.0,0.6307692307692307,529.0,8.138461538461538,515.63,5.436016534867001,342.0,0.45607476635514016,79.0,67.0,41.0,1376.0,0.386892177589852,0.35964912280701755,0.7692307692307693,0.06755343957489401,0.04773583504564676,0.11343283582089553,0.022110888604034165,0.040721649484536084,0.020963704630788487,0.038175046554934824,0.07384747491010572,6,21.16923076923077,0.0,18.3,0.5700934579439252
MIL,1630579.0,Jericho Sims,66,1319.0,19.984848484848484,145.0,2.196969696969697,185.0,2.803030303030303,0.0,0.0,0.0,0.0,44.0,0.6666666666666666,71.0,1.0757575757575757,104.0,1.5757575757575757,370.0,5.606060606060606,75.0,1.1363636363636365,334.0,5.0606060606060606,242.24,3.448280940243557,0.0,0.5764183895025016,104.0,370.0,75.0,1319.0,0.7837837837837838,0.35,0.6197183098591549,0.03173621628420054,0.030280733897462556,0.0,0.02794524876143248,0.05360824742268041,0.11576971214017522,0.06983240223463687,0.07078838619653303,7,19.984848484848484,0.0,17.2,0.5358255451713395
MIL,1629645.0,Kevin Porter Jr.,38,1261.0,33.18421052631579,239.0,6.2894736842105265,514.0,13.526315789473685,46.0,1.2105263157894737,143.0,3.763157894736842,137.0,3.6052631578947367,156.0,4.105263157894737,280.0,7.368421052631579,198.0,5.2105263157894735,110.0,2.8947368421052633,661.0,17.394736842105264,652.64,16.536323987538943,143.0,3.6576487948844076,280.0,198.0,110.0,1261.0,0.4649805447470817,0.32167832167832167,0.8782051282051282,0.08550331983041876,0.14521207378002277,0.047429519071310114,0.17732589264408766,0.14432989690721648,0.06195244055068836,0.10242085661080075,0.0676756292599152,8,33.18421052631579,0.0,28.6,0.8909657320872274
MIL,203507.0,Giannis Antetokounmpo,36,1039.0,28.86111111111111,373.0,10.36111111111111,598.0,16.61111111111111,15.0,0.4166666666666667,45.0,1.25,232.0,6.444444444444445,357.0,9.916666666666666,196.0,5.444444444444445,352.0,9.777777777777779,115.0,3.1944444444444446,993.0,27.583333333333332,804.08,19.802567497403942,45.0,7.692367601246105,196.0,352.0,115.0,1039.0,0.6237458193979933,0.3333333333333333,0.6498599439775911,0.10534369546647941,0.17389426420489876,0.014925373134328358,0.372932456868247,0.10103092783505155,0.11013767209011265,0.10707635009310987,0.05576128374389524,9,28.86111111111111,0.0,24.9,0.7757009345794392
MIL,1631172.0,Ousmane Dieng,30,807.0,26.9,130.0,4.333333333333333,307.0,10.233333333333333,45.0,1.5,136.0,4.533333333333333,26.0,0.8666666666666667,39.0,1.3,108.0,3.6,138.0,4.6,67.0,2.2333333333333334,331.0,11.033333333333333,351.16,9.252053997923158,136.0,0.9395638629283489,108.0,138.0,67.0,807.0,0.4234527687296417,0.33088235294117646,0.6666666666666666,0.04600598460353312,0.0812459860350815,0.045107794361525705,0.0455508470148682,0.05567010309278351,0.043178973717146435,0.06238361266294227,0.04331025599742393,10,26.9,0.0,23.2,0.7227414330218068
MIL,1631250.0,Pete Nance,47,732.0,15.574468085106384,100.0,2.127659574468085,194.0,4.127659574468085,50.0,1.0638297872340425,119.0,2.5319148936170213,4.0,0.0851063829787234,11.0,0.23404255319148937,48.0,1.0212765957446808,125.0,2.6595744680851063,26.0,0.5531914893617021,254.0,5.404255319148936,210.84,0.08600425531914892,119.0,0.004680851063829788,48.0,125.0,26.0,732.0,0.5154639175257731,0.42016806722689076,0.36363636363636365,0.027622456412486965,0.00075523775890042,0.03946932006633499,0.00022693159999082852,0.024742268041237112,0.03911138923654568,0.024208566108007448,0.0392851392690388,11,0.0,0.0,0.0,0.02
MIL,203914.0,Gary Harris,48,664.0,13.833333333333334,46.0,0.9583333333333334,104.0,2.1666666666666665,28.0,0.5833333333333334,68.0,1.4166666666666667,8.0,0.16666666666666666,9.0,0.1875,51.0,1.0625,61.0,1.2708333333333333,19.0,0.3958333333333333,128.0,2.6666666666666665,120.71,0.04324583333333333,68.0,0.00375,51.0,61.0,19.0,664.0,0.4423076923076923,0.4117647058823529,0.8888888888888888,0.015814393443138404,0.0003797589564289358,0.022553897180762852,0.0001818031568108342,0.026288659793814433,0.019086357947434292,0.017690875232774673,0.035635700101969627,12,0.0,0.0,0.0,0.02
MIL,1627752.0,Taurean Prince,26,613.0,23.576923076923077,86.0,3.3076923076923075,191.0,7.346153846153846,61.0,2.3461538461538463,140.0,5.384615384615385,6.0,0.23076923076923078,6.0,0.23076923076923078,46.0,1.7692307692307692,81.0,3.1153846153846154,31.0,1.1923076923076923,239.0,9.192307692307692,205.14,0.14754615384615383,140.0,0.004615384615384616,46.0,81.0,31.0,613.0,0.450261780104712,0.4357142857142857,1.0,0.026875691085456153,0.0012956617803576897,0.04643449419568822,0.00022375773145948827,0.023711340206185566,0.025344180225281603,0.028864059590316574,0.03289862072666774,13,0.0,0.0,0.0,0.02
MIL,1641748.0,Andre Jackson Jr.,46,406.0,8.826086956521738,39.0,0.8478260869565217,119.0,2.5869565217391304,15.0,0.32608695652173914,60.0,1.3043478260869565,20.0,0.43478260869565216,32.0,0.6956521739130435,43.0,0.9347826086956522,72.0,1.565217391304348,31.0,0.6739130434782609,113.0,2.4565217391304346,143.83,0.04394347826086957,60.0,0.01391304347826087,43.0,72.0,31.0,406.0,0.3277310924369748,0.25,0.625,0.01884337841874407,0.0003858852555245505,0.01990049751243781,0.0006745160600517907,0.02216494845360825,0.02252816020025031,0.028864059590316574,0.0217892985563248,14,0.0,0.0,0.0,0.02
MIL,1629599.0,Amir Coffey,30,265.0,8.833333333333334,26.0,0.8666666666666667,55.0,1.8333333333333333,7.0,0.23333333333333334,25.0,0.8333333333333334,13.0,0.43333333333333335,15.0,0.5,11.0,0.36666666666666664,26.0,0.8666666666666667,4.0,0.13333333333333333,72.0,2.4,64.35,0.039066666666666666,25.0,0.01,11.0,26.0,4.0,265.0,0.4727272727272727,0.28,0.8666666666666667,0.00843058750779518,0.0003430600226878989,0.008291873963515755,0.00048480841816222456,0.005670103092783505,0.008135168961201502,0.0037243947858473,0.014222079106960769,15,0.0,0.0,0.0,0.02
MIL,203648.0,Thanasis Antetokounmpo,33,147.0,4.454545454545454,15.0,0.45454545454545453,32.0,0.9696969696969697,0.0,0.0,4.0,0.12121212121212122,17.0,0.5151515151515151,30.0,0.9090909090909091,15.0,0.45454545454545453,30.0,0.9090909090909091,10.0,0.30303030303030304,47.0,1.4242424242424243,48.95,0.02393939393939394,4.0,0.01818181818181818,15.0,30.0,10.0,147.0,0.46875,0.0,0.5666666666666667,0.006413011010203173,0.0002102213915012722,0.0013266998341625207,0.0008814698512040446,0.007731958762886598,0.009386733416770964,0.00931098696461825,0.007889228787634841,16,0.0,0.0,0.0,0.02
MIL,1630828.0,Alex Antetokounmpo,6,20.0,3.3333333333333335,3.0,0.5,8.0,1.3333333333333333,2.0,0.3333333333333333,7.0,1.1666666666666667,11.0,1.8333333333333333,15.0,2.5,1.0,0.16666666666666666,6.0,1.0,1.0,0.16666666666666666,19.0,3.1666666666666665,14.85,0.050166666666666665,7.0,0.05,1.0,6.0,1.0,20.0,0.375,0.2857142857142857,0.7333333333333333,0.0019455201941065805,0.00044053356155741277,0.002321724709784411,0.002424042090811123,0.0005154639175257732,0.0018773466833541927,0.000931098696461825,0.0010733644609026995,17,0.0,0.0,0.0,0.02
MIN,203944.0,Julius Randle,79,2612.0,33.063291139240505,580.0,7.341772151898734,1207.0,15.278481012658228,109.0,1.379746835443038,346.0,4.379746835443038,398.0,5.037974683544304,496.0,6.2784810126582276,398.0,5.037974683544304,532.0,6.734177215189874,217.0,2.7468354430379747,1667.0,21.10126582278481,1524.74,22.13601265822785,346.0,6.2784810126582276,398.0,532.0,217.0,2612.0,0.48053024026512015,0.315028901734104,0.8024193548387096,0.17600275188268485,0.18979743799208465,0.1143801652892562,0.269668245551716,0.18667917448405252,0.14785992217898833,0.18820468343451865,0.13260229464920298,1,33.063291139240505,33.063291139240505,33.1,1.0
MIN,1628978.0,Donte DiVincenzo,82,2497.0,30.451219512195124,339.0,4.134146341463414,835.0,10.182926829268293,244.0,2.975609756097561,644.0,7.853658536585366,78.0,0.9512195121951219,105.0,1.2804878048780488,313.0,3.817073170731707,336.0,4.097560975609756,118.0,1.4390243902439024,1000.0,12.195121951219512,959.45,13.433507110750865,644.0,1.179905681232039,313.0,336.0,118.0,2497.0,0.4059880239520958,0.37888198757763975,0.7428571428571429,0.11075058061954299,0.11518087165175499,0.21289256198347106,0.05067835585276885,0.14681050656660413,0.0933852140077821,0.1023417172593235,0.12676413849121737,2,30.451219512195124,30.451219512195124,30.5,0.9214501510574018
MIN,203497.0,Rudy Gobert,76,2378.0,31.289473684210527,335.0,4.407894736842105,491.0,6.4605263157894735,0.0,0.0,5.0,0.06578947368421052,159.0,2.0921052631578947,302.0,3.973684210526316,128.0,1.6842105263157894,872.0,11.473684210526315,106.0,1.394736842105263,829.0,10.907894736842104,655.88,10.518763714422004,5.0,3.289394180314835,128.0,872.0,106.0,2378.0,0.6822810590631364,0.0,0.5264900662251656,0.07570909460289317,0.0901894317944987,0.001652892561983471,0.14128340210715443,0.0600375234521576,0.2423568649249583,0.09193408499566348,0.12072291603208447,3,31.289473684210527,0.0,27.4,0.8277945619335346
MIN,1630183.0,Jaden McDaniels,73,2317.0,31.73972602739726,417.0,5.712328767123288,809.0,11.082191780821917,103.0,1.4109589041095891,250.0,3.4246575342465753,147.0,2.0136986301369864,176.0,2.410958904109589,199.0,2.7260273972602738,310.0,4.2465753424657535,131.0,1.7945205479452055,1084.0,14.849315068493151,936.19,13.534940197823115,250.0,2.0249141249017093,199.0,310.0,131.0,2317.0,0.515451174289246,0.412,0.8352272727272727,0.10806564810069305,0.11605057390351917,0.08264462809917356,0.08697247604224888,0.09333958724202626,0.08615897720956087,0.11361665221162186,0.11762615493958778,4,31.73972602739726,0.0,27.8,0.8398791540785498
MIN,1630162.0,Anthony Edwards,61,2134.0,34.98360655737705,602.0,9.868852459016393,1231.0,20.18032786885246,205.0,3.360655737704918,514.0,8.426229508196721,348.0,5.704918032786885,437.0,7.163934426229508,226.0,3.7049180327868854,302.0,4.950819672131147,174.0,2.8524590163934427,1757.0,28.80327868852459,1479.78,25.710166658412163,514.0,6.644495072061809,226.0,302.0,174.0,2134.0,0.4890333062550772,0.39883268482490275,0.7963386727688787,0.17081295970523458,0.22044276164173474,0.16991735537190084,0.28538898581478733,0.10600375234521577,0.0839355197331851,0.15091066782307025,0.10833587166209767,5,34.98360655737705,0.0,30.7,0.9274924471299093
MIN,1629675.0,Naz Reid,77,2009.0,26.09090909090909,397.0,5.1558441558441555,871.0,11.311688311688311,162.0,2.103896103896104,448.0,5.818181818181818,90.0,1.1688311688311688,123.0,1.5974025974025974,170.0,2.207792207792208,477.0,6.194805194805195,126.0,1.6363636363636365,1046.0,13.584415584415584,967.62,10.093493741907638,448.0,1.1051516459371442,170.0,477.0,126.0,2009.0,0.45579793340987373,0.36160714285714285,0.7317073170731707,0.11169365450943998,0.08654310431518233,0.14809917355371902,0.04746758090493631,0.07973733583489681,0.13257365202890495,0.10928013876843018,0.10199004975124377,6,26.09090909090909,0.0,22.9,0.6918429003021147
MIN,1630538.0,Bones Hyland,70,1179.0,16.84285714285714,212.0,3.0285714285714285,468.0,6.685714285714286,116.0,1.6571428571428573,299.0,4.271428571428571,64.0,0.9142857142857143,82.0,1.1714285714285715,188.0,2.6857142857142855,127.0,1.8142857142857143,70.0,1.0,604.0,8.628571428571428,551.0799999999999,4.112445403539059,299.0,0.5237807509710833,188.0,127.0,70.0,1179.0,0.452991452991453,0.3879598662207358,0.7804878048780488,0.06361189219638098,0.035260713549687926,0.09884297520661157,0.022497007776779137,0.08818011257035648,0.03529738743746526,0.060711188204683436,0.05985379226317392,7,16.84285714285714,0.0,14.8,0.4471299093655589
MIN,201144.0,Mike Conley,54,993.0,18.38888888888889,72.0,1.3333333333333333,215.0,3.9814814814814814,56.0,1.037037037037037,166.0,3.074074074074074,45.0,0.8333333333333334,50.0,0.9259259259259259,157.0,2.9074074074074074,93.0,1.7222222222222223,34.0,0.6296296296296297,245.0,4.537037037037037,276.25,3.0324639140651226,166.0,0.45037484614523887,157.0,93.0,34.0,993.0,0.33488372093023255,0.3373493975903614,0.9,0.031887902335868204,0.026000792942222992,0.05487603305785124,0.019344136640016604,0.07363977485928705,0.02584769316286826,0.029488291413703384,0.050411209259823335,8,18.38888888888889,0.0,16.1,0.486404833836858
MIN,1641740.0,Jaylen Clark,68,889.0,13.073529411764707,99.0,1.4558823529411764,228.0,3.3529411764705883,33.0,0.4852941176470588,101.0,1.4852941176470589,44.0,0.6470588235294118,67.0,0.9852941176470589,43.0,0.6323529411764706,120.0,1.7647058823529411,23.0,0.3382352941176471,275.0,4.044117647058823,268.23,1.7712391149813398,101.0,0.34232272969610805,43.0,120.0,23.0,889.0,0.4342105263157895,0.32673267326732675,0.6567164179104478,0.030962143144072144,0.015186865461511673,0.033388429752066115,0.014703169404113462,0.020168855534709193,0.033351862145636464,0.0199479618386817,0.045131485429992894,9,13.073529411764707,0.0,11.5,0.3474320241691843
MIN,1630245.0,Ayo Dosunmu,24,693.0,28.875,136.0,5.666666666666667,261.0,10.875,36.0,1.5,87.0,3.625,37.0,1.5416666666666667,40.0,1.6666666666666667,85.0,3.5416666666666665,101.0,4.208333333333333,35.0,1.4583333333333333,345.0,14.375,299.85,11.711441339375629,87.0,1.2739174219536757,85.0,101.0,35.0,693.0,0.5210727969348659,0.41379310344827586,0.925,0.0346120815037469,0.10041562569227562,0.0287603305785124,0.054716272210332685,0.039868667917448405,0.028071150639244025,0.030355594102341718,0.035181236673773986,10,28.875,0.0,25.3,0.7643504531722054
MIN,1630545.0,Terrence Shannon Jr.,43,534.0,12.418604651162791,77.0,1.7906976744186047,171.0,3.9767441860465116,31.0,0.7209302325581395,76.0,1.7674418604651163,56.0,1.302325581395349,70.0,1.627906976744186,38.0,0.8837209302325582,49.0,1.1395348837209303,24.0,0.5581395348837209,241.0,5.604651162790698,211.3,0.09072093023255814,76.0,0.03255813953488372,38.0,49.0,24.0,534.0,0.4502923976608187,0.40789473684210525,0.8,0.024390638058168154,0.0007778546387846468,0.02512396694214876,0.0013984109132604927,0.017823639774859287,0.013618677042801557,0.020815264527320035,0.027109351203167834,11,0.0,0.0,0.0,0.02
MIN,203937.0,Kyle Anderson,19,364.0,19.157894736842106,35.0,1.8421052631578947,74.0,3.8947368421052633,0.0,0.0,5.0,0.2631578947368421,17.0,0.8947368421052632,22.0,1.1578947368421053,62.0,3.263157894736842,70.0,3.6842105263157894,15.0,0.7894736842105263,87.0,4.578947368421052,99.18,0.07696842105263157,5.0,0.023157894736842106,62.0,70.0,15.0,364.0,0.47297297297297297,0.0,0.7727272727272727,0.011448478384330892,0.0006599385963332303,0.001652892561983471,0.0009946591909356587,0.029080675422138838,0.019455252918287938,0.013009540329575022,0.01847903340440654,12,0.0,0.0,0.0,0.02
MIN,1642265.0,Rob Dillingham,35,327.0,9.342857142857143,47.0,1.3428571428571427,141.0,4.0285714285714285,12.0,0.34285714285714286,33.0,0.9428571428571428,15.0,0.42857142857142855,20.0,0.5714285714285714,58.0,1.6571428571428573,41.0,1.1714285714285715,36.0,1.0285714285714285,121.0,3.4571428571428573,164.3,0.06288571428571428,33.0,0.011428571428571429,58.0,41.0,36.0,327.0,0.3333333333333333,0.36363636363636365,0.75,0.018965365986545326,0.0005391913910608658,0.01090909090909091,0.0004908707695526627,0.027204502814258912,0.011395219566425792,0.031222896790980052,0.016600670118793785,13,0.0,0.0,0.0,0.02
MIN,1642866.0,Joan Beringer,40,315.0,7.875,65.0,1.625,98.0,2.45,0.0,0.0,0.0,0.0,26.0,0.65,37.0,0.925,12.0,0.3,92.0,2.3,11.0,0.275,156.0,3.9,117.28,0.061084999999999993,0.0,0.018500000000000003,12.0,92.0,11.0,315.0,0.6632653061224489,0.35,0.7027027027027027,0.013537785288509043,0.0005237518011373714,0.0,0.0007945970582133729,0.005628517823639775,0.02556976097832129,0.009540329575021683,0.015991471215351813,14,0.0,0.0,0.0,0.02
MIN,204060.0,Joe Ingles,22,152.0,6.909090909090909,16.0,0.7272727272727273,27.0,1.2272727272727273,7.0,0.3181818181818182,16.0,0.7272727272727273,2.0,0.09090909090909091,2.0,0.09090909090909091,34.0,1.5454545454545454,19.0,0.8636363636363636,14.0,0.6363636363636364,41.0,1.8636363636363635,36.379999999999995,0.028700000000000003,16.0,0.0018181818181818182,34.0,19.0,14.0,152.0,0.5925925925925926,0.4375,1.0,0.004199391446077412,0.0002460780337667605,0.005289256198347108,7.809307697428725e-05,0.01594746716697936,0.0052807115063924406,0.012142237640936688,0.007716519443598335,15,0.0,0.0,0.0,0.02
MIN,1631159.0,Leonard Miller,19,96.0,5.052631578947368,18.0,0.9473684210526315,33.0,1.736842105263158,1.0,0.05263157894736842,12.0,0.631578947368421,7.0,0.3684210526315789,11.0,0.5789473684210527,5.0,0.2631578947368421,25.0,1.3157894736842106,9.0,0.47368421052631576,44.0,2.3157894736842106,39.09,0.037747368421052634,12.0,0.011578947368421053,5.0,25.0,9.0,96.0,0.5454545454545454,0.08333333333333333,0.6363636363636364,0.004512210325100772,0.00032365150525861104,0.003966942148760331,0.0004973295954678294,0.0023452157598499064,0.006948304613674263,0.007805724197745013,0.004873591227535791,16,0.0,0.0,0.0,0.02
MIN,1641763.0,Julian Phillips,13,93.0,7.153846153846154,14.0,1.0769230769230769,33.0,2.5384615384615383,4.0,0.3076923076923077,16.0,1.2307692307692308,9.0,0.6923076923076923,12.0,0.9230769230769231,3.0,0.23076923076923078,5.0,0.38461538461538464,4.0,0.3076923076923077,41.0,3.1538461538461537,39.03,0.052569230769230764,16.0,0.018461538461538463,3.0,5.0,4.0,93.0,0.42424242424242425,0.25,0.75,0.0045052844458604024,0.0004507363395234631,0.005289256198347108,0.0007929450892773783,0.0014071294559099437,0.0013896609227348527,0.003469210754553339,0.004721291501675297,17,0.0,0.0,0.0,0.02
MIN,1642389.0,Zyon Pullin,5,42.0,8.4,9.0,1.8,13.0,2.6,1.0,0.2,3.0,0.6,4.0,0.8,4.0,0.8,9.0,1.8,3.0,0.6,3.0,0.6,23.0,4.6,17.009999999999998,0.06996,3.0,0.016,9.0,3.0,3.0,42.0,0.6923076923076923,0.3333333333333333,1.0,0.0019634867646447715,0.0005998473603596711,0.0009917355371900827,0.0006872190773737278,0.004221388367729831,0.0008337965536409116,0.0026019080659150044,0.0021321961620469083,18,0.0,0.0,0.0,0.02
MIN,1642402.0,Enrique Freeman,4,37.0,9.25,4.0,1.0,8.0,2.0,2.0,0.5,4.0,1.0,3.0,0.75,4.0,1.0,2.0,0.5,10.0,2.5,2.0,0.5,13.0,3.25,10.26,0.0512,4.0,0.02,2.0,10.0,2.0,37.0,0.5,0.5,0.75,0.0011843253501031955,0.0004389963529218863,0.001322314049586777,0.0008590238467171598,0.0009380863039399625,0.0027793218454697055,0.0017346053772766695,0.0018783632856127525,19,0.0,0.0,0.0,0.02
MIN,1642911.0,Rocco Zikarsky,5,37.0,7.4,5.0,1.0,8.0,1.6,0.0,0.0,0.0,0.0,4.0,0.8,4.0,0.8,2.0,0.4,14.0,2.8,1.0,0.2,14.0,2.8,10.26,0.04336,0.0,0.016,2.0,14.0,1.0,37.0,0.625,0.35,1.0,0.0011843253501031955,0.00037177503638072246,0.0,0.0006872190773737278,0.0009380863039399625,0.0038910505836575876,0.0008673026886383347,0.0018783632856127525,20,0.0,0.0,0.0,0.02
NOP,1630530.0,Trey Murphy III,66,2341.0,35.46969696969697,494.0,7.484848484848484,1050.0,15.909090909090908,214.0,3.242424242424242,565.0,8.56060606060606,218.0,3.303030303030303,246.0,3.727272727272727,250.0,3.787878787878788,377.0,5.712121212121212,120.0,1.8181818181818181,1420.0,21.515151515151516,1220.74,22.621363636363636,565.0,3.727272727272727,250.0,377.0,120.0,2341.0,0.4704761904761905,0.3787610619469027,0.8861788617886179,0.1377769952574755,0.21775264435466554,0.2144212523719165,0.17058210432323676,0.12147716229348883,0.1047804335742079,0.10879419764279238,0.11820247412269629,1,35.46969696969697,35.46969696969697,35.5,1.0
NOP,1630180.0,Saddiq Bey,72,2246.0,31.194444444444443,436.0,6.055555555555555,967.0,13.430555555555555,151.0,2.0972222222222223,412.0,5.722222222222222,248.0,3.4444444444444446,295.0,4.097222222222222,182.0,2.5277777777777777,400.0,5.555555555555555,68.0,0.9444444444444444,1271.0,17.65277777777778,1142.3,16.768901408450702,412.0,3.60093896713615,182.0,400.0,68.0,2246.0,0.45087900723888313,0.36650485436893204,0.8406779661016949,0.12892398191475193,0.1614169986968914,0.15635673624288424,0.16480032224609512,0.08843537414965986,0.11117287381878821,0.061650045330915684,0.11340570562989144,2,31.194444444444443,31.194444444444443,31.2,0.8788732394366197
NOP,1642847.0,Jeremiah Fears,82,2110.0,25.73170731707317,437.0,5.329268292682927,1006.0,12.268292682926829,101.0,1.2317073170731707,306.0,3.731707317073171,194.0,2.3658536585365852,246.0,3.0,279.0,3.402439024390244,300.0,3.658536585365854,178.0,2.1707317073170733,1169.0,14.25609756097561,1183.99,10.7839556853315,306.0,2.0704225352112675,279.0,300.0,178.0,2110.0,0.43439363817097415,0.3300653594771242,0.7886178861788617,0.1336292614437951,0.10380607043996665,0.11612903225806452,0.09475481370342627,0.13556851311953352,0.08337965536409116,0.1613780598368087,0.10653875284019187,3,25.73170731707317,0.0,24.5,0.6901408450704225
NOP,1642852.0,Derik Queen,81,2028.0,25.037037037037038,354.0,4.37037037037037,748.0,9.234567901234568,23.0,0.2839506172839506,88.0,1.0864197530864197,217.0,2.6790123456790123,273.0,3.3703703703703702,298.0,3.6790123456790123,572.0,7.061728395061729,190.0,2.345679012345679,948.0,11.703703703703704,942.62,8.897583029038428,88.0,2.2595722483046425,298.0,572.0,190.0,2028.0,0.4732620320855615,0.26136363636363635,0.7948717948717948,0.1063873972095627,0.08564789745140931,0.0333965844402277,0.10341142631336891,0.14480077745383868,0.15897720956086714,0.17225747960108795,0.10239838424640242,4,25.037037037037038,0.0,23.8,0.6704225352112676
NOP,1629627.0,Zion Williamson,62,1840.0,29.677419354838708,484.0,7.806451612903226,807.0,13.016129032258064,1.0,0.016129032258064516,4.0,0.06451612903225806,333.0,5.370967741935484,465.0,7.5,199.0,3.2096774193548385,353.0,5.693548387096774,126.0,2.032258064516129,1302.0,21.0,1061.35,16.680284870513404,4.0,5.97887323943662,199.0,353.0,126.0,1840.0,0.5997521685254027,0.25,0.7161290322580646,0.1197876811741416,0.1605639782610065,0.0015180265654648956,0.2736286967149963,0.0966958211856171,0.0981100611450806,0.11423390752493201,0.09290583186064125,5,29.677419354838708,0.0,28.3,0.7971830985915493
NOP,1630529.0,Herbert Jones,56,1589.0,28.375,183.0,3.267857142857143,478.0,8.535714285714286,80.0,1.4285714285714286,259.0,4.625,50.0,0.8928571428571429,62.0,1.1071428571428572,155.0,2.767857142857143,190.0,3.392857142857143,73.0,1.3035714285714286,496.0,8.857142857142858,544.03,8.83774647887324,259.0,0.8420523138832998,155.0,190.0,73.0,1589.0,0.38284518828451886,0.3088803088803089,0.8064516129032258,0.061401132698137524,0.08507191241191395,0.098292220113852,0.0385373076140757,0.07531584062196307,0.0528071150639244,0.06618313689936536,0.0802322645796516,6,28.375,0.0,27.0,0.7605633802816901
NOP,1642274.0,Yves Missi,66,1295.0,19.62121212121212,160.0,2.4242424242424243,294.0,4.454545454545454,0.0,0.0,1.0,0.015151515151515152,57.0,0.8636363636363636,102.0,1.5454545454545454,84.0,1.2727272727272727,385.0,5.833333333333333,54.0,0.8181818181818182,377.0,5.712121212121212,359.88,3.959084507042253,1.0,0.8140845070422534,84.0,385.0,54.0,1295.0,0.54421768707483,0.0,0.5588235294117647,0.0406173182276818,0.038110042104014384,0.0003795066413662239,0.03725733491195944,0.04081632653061224,0.10700389105058365,0.04895738893925657,0.06538752840191871,7,19.62121212121212,0.0,18.7,0.5267605633802817
NOP,1629673.0,Jordan Poole,39,935.0,23.974358974358974,165.0,4.230769230769231,444.0,11.384615384615385,96.0,2.4615384615384617,288.0,7.384615384615385,98.0,2.5128205128205128,114.0,2.923076923076923,119.0,3.051282051282051,77.0,1.9743589743589745,69.0,1.7692307692307692,524.0,13.435897435897436,523.9100000000001,9.408520043336946,288.0,1.8773564463705308,119.0,77.0,69.0,935.0,0.3716216216216216,0.3333333333333333,0.8596491228070176,0.05913031897483822,0.09056616355378229,0.10929791271347249,0.08591896451349923,0.05782312925170068,0.021400778210116732,0.06255666364460562,0.04721030042918455,8,23.974358974358974,0.0,22.8,0.6422535211267606
NOP,1642877.0,Micah Peavy,61,913.0,14.967213114754099,106.0,1.7377049180327868,275.0,4.508196721311475,28.0,0.45901639344262296,108.0,1.7704918032786885,22.0,0.36065573770491804,29.0,0.47540983606557374,61.0,1.0,117.0,1.9180327868852458,20.0,0.32786885245901637,262.0,4.295081967213115,303.01,2.35455737704918,108.0,0.19016393442622948,61.0,117.0,20.0,913.0,0.38545454545454544,0.25925925925925924,0.7586206896551724,0.034198770690702075,0.02266490665103256,0.04098671726755218,0.008703029392900843,0.029640427599611274,0.032518065591995556,0.01813236627379873,0.046099469830850795,9,14.967213114754099,0.0,14.2,0.39999999999999997
NOP,1631255.0,Karlo Matković,62,910.0,14.67741935483871,142.0,2.2903225806451615,235.0,3.7903225806451615,38.0,0.6129032258064516,90.0,1.4516129032258065,30.0,0.4838709677419355,41.0,0.6612903225806451,50.0,0.8064516129032258,229.0,3.693548387096774,34.0,0.5483870967741935,352.0,5.67741935483871,265.53999999999996,2.5739391185824627,90.0,0.26079054975011356,50.0,229.0,34.0,910.0,0.6042553191489362,0.4222222222222222,0.7317073170731707,0.02996977515332507,0.024776669456755405,0.03415559772296015,0.011935322156191941,0.024295432458697766,0.06364647026125625,0.030825022665457842,0.04594799293107801,10,14.67741935483871,0.0,14.0,0.39436619718309857
NOP,1630631.0,Jose Alvarado,41,898.0,21.902439024390244,117.0,2.8536585365853657,280.0,6.829268292682927,70.0,1.7073170731707317,193.0,4.7073170731707314,20.0,0.4878048780487805,24.0,0.5853658536585366,128.0,3.1219512195121952,114.0,2.7804878048780486,47.0,1.146341463414634,324.0,7.902439024390244,322.56,0.13026341463414634,193.0,0.011707317073170732,128.0,114.0,47.0,898.0,0.41785714285714287,0.3626943005181347,0.8333333333333334,0.03640525221607492,0.0012539121626450847,0.07324478178368121,0.0005357962586714397,0.062196307094266275,0.03168426903835464,0.04261106074342702,0.04534208533198687,11,0.0,0.0,0.0,0.02
NOP,1631121.0,Bryce McGowens,42,881.0,20.976190476190474,114.0,2.7142857142857144,237.0,5.642857142857143,38.0,0.9047619047619048,93.0,2.2142857142857144,74.0,1.7619047619047619,95.0,2.261904761904762,62.0,1.4761904761904763,88.0,2.0952380952380953,17.0,0.40476190476190477,340.0,8.095238095238095,294.3,0.13033333333333333,93.0,0.04523809523809524,62.0,88.0,17.0,881.0,0.4810126582278481,0.40860215053763443,0.7789473684210526,0.03321572956098354,0.0012545851981827535,0.03529411764705882,0.0020703635193702954,0.03012633624878523,0.024458032240133407,0.015412511332728921,0.04448371623327443,12,0.0,0.0,0.0,0.02
NOP,1641722.0,Jordan Hawkins,51,689.0,13.509803921568627,94.0,1.8431372549019607,257.0,5.03921568627451,47.0,0.9215686274509803,135.0,2.6470588235294117,23.0,0.45098039215686275,27.0,0.5294117647058824,42.0,0.8235294117647058,88.0,1.7254901960784315,34.0,0.6666666666666666,258.0,5.0588235294117645,279.38,0.08706666666666667,135.0,0.010588235294117647,42.0,88.0,34.0,689.0,0.3657587548638132,0.34814814814814815,0.8518518518518519,0.031531806064381857,0.0008381014162796297,0.051233396584440226,0.0004845804398278462,0.02040816326530612,0.024458032240133407,0.030825022665457842,0.034789194647816206,13,0.0,0.0,0.0,0.02
NOP,1627749.0,Dejounte Murray,14,390.0,27.857142857142858,88.0,6.285714285714286,182.0,13.0,19.0,1.3571428571428572,62.0,4.428571428571429,39.0,2.7857142857142856,45.0,3.2142857142857144,89.0,6.357142857142857,75.0,5.357142857142857,47.0,3.357142857142857,234.0,16.714285714285715,224.05,0.27264285714285713,62.0,0.0642857142857143,89.0,75.0,47.0,390.0,0.4835164835164835,0.3064516129032258,0.8666666666666667,0.025287068325308738,0.0026244528871740428,0.023529411764705882,0.0029420955275262094,0.043245869776482024,0.02084491384102279,0.04261106074342702,0.019691996970462006,14,0.0,0.0,0.0,0.02
NOP,1626172.0,Kevon Looney,21,307.0,14.619047619047619,25.0,1.1904761904761905,60.0,2.857142857142857,2.0,0.09523809523809523,13.0,0.6190476190476191,7.0,0.3333333333333333,10.0,0.47619047619047616,34.0,1.619047619047619,118.0,5.619047619047619,9.0,0.42857142857142855,59.0,2.8095238095238093,72.9,0.04904761904761904,13.0,0.009523809523809523,34.0,118.0,9.0,307.0,0.4166666666666667,0.15384615384615385,0.7,0.008227749524280327,0.00047213107567710487,0.004933586337760911,0.00043586600407795686,0.01652089407191448,0.032795997776542525,0.008159564823209429,0.015501136076748296,15,0.0,0.0,0.0,0.02
NOP,201599.0,DeAndre Jordan,12,198.0,16.5,21.0,1.75,32.0,2.6666666666666665,0.0,0.0,0.0,0.0,11.0,0.9166666666666666,17.0,1.4166666666666667,11.0,0.9166666666666666,76.0,6.333333333333333,9.0,0.75,53.0,4.416666666666667,42.230000000000004,0.06945,0.0,0.028333333333333335,11.0,76.0,9.0,198.0,0.65625,0.35,0.6470588235294118,0.004766225821815613,0.0006685238517682269,0.0,0.001296701362131922,0.005344995140913508,0.021122846025569762,0.008159564823209429,0.009997475385003786,16,0.0,0.0,0.0,0.02
NOP,1641725.0,Trey Alexander,9,111.0,12.333333333333334,19.0,2.111111111111111,37.0,4.111111111111111,6.0,0.6666666666666666,12.0,1.3333333333333333,3.0,0.3333333333333333,5.0,0.5555555555555556,9.0,1.0,11.0,1.2222222222222223,3.0,0.3333333333333333,47.0,5.222222222222222,41.45,0.08444444444444445,12.0,0.011111111111111112,9.0,11.0,3.0,111.0,0.5135135135135135,0.5,0.6,0.004678192287810967,0.0008128599749521678,0.004554079696394687,0.0005085103380909498,0.004373177842565598,0.003057254030016676,0.0027198549410698096,0.005604645291593032,17,0.0,0.0,0.0,0.02
NOP,1642490.0,Josh Oduro,3,81.0,27.0,11.0,3.6666666666666665,17.0,5.666666666666667,0.0,0.0,2.0,0.6666666666666666,3.0,1.0,6.0,2.0,4.0,1.3333333333333333,23.0,7.666666666666667,2.0,0.6666666666666666,25.0,8.333333333333334,20.64,0.13273333333333334,2.0,0.04,4.0,23.0,2.0,81.0,0.6470588235294118,0.0,0.5,0.00232950274596908,0.0012776875343129732,0.0007590132827324478,0.001830637217127419,0.001943634596695821,0.006392440244580322,0.001813236627379873,0.004089876293865186,18,0.0,0.0,0.0,0.02
NOP,1630621.0,Hunter Dickinson,5,43.0,8.6,5.0,1.0,14.0,2.8,0.0,0.0,4.0,0.8,2.0,0.4,2.0,0.4,2.0,0.4,5.0,1.0,3.0,0.6,12.0,2.4,15.38,0.043680000000000004,4.0,0.008,2.0,5.0,3.0,43.0,0.35714285714285715,0.0,1.0,0.0017358407089633938,0.00042046251756999503,0.0015180265654648956,0.00036612744342548383,0.0009718172983479105,0.0013896609227348527,0.0027198549410698096,0.0021711688967432467,19,0.0,0.0,0.0,0.02
NYK,1628969.0,Mikal Bridges,81,2694.0,33.25925925925926,472.0,5.827160493827161,963.0,11.88888888888889,156.0,1.9259259259259258,420.0,5.185185185185185,81.0,1.0,98.0,1.2098765432098766,304.0,3.753086419753086,312.0,3.8518518518518516,83.0,1.0246913580246915,1181.0,14.580246913580247,1082.12,15.984433364988918,420.0,1.1478315922760365,304.0,312.0,83.0,2694.0,0.490134994807892,0.37142857142857144,0.826530612244898,0.1249933582984307,0.14712225290771752,0.13405681455473986,0.061520209653060764,0.1351111111111111,0.08344477132923242,0.0788224121557455,0.1362050659790687,1,33.25925925925926,33.25925925925926,33.3,0.9487179487179486
NYK,1628973.0,Jalen Brunson,74,2595.0,35.067567567567565,689.0,9.31081081081081,1475.0,19.93243243243243,195.0,2.635135135135135,528.0,7.135135135135135,354.0,4.783783783783784,421.0,5.6891891891891895,503.0,6.797297297297297,247.0,3.3378378378378377,175.0,2.364864864864865,1927.0,26.04054054054054,1785.99,26.498243243243245,528.0,5.6891891891891895,503.0,247.0,175.0,2595.0,0.46711864406779663,0.3693181818181818,0.8408551068883611,0.20629587105627312,0.24389236421614952,0.16852856686881584,0.3049228772147926,0.22355555555555556,0.06606044396897566,0.16619183285849953,0.13119975731836797,2,35.067567567567565,35.067567567567565,35.1,1.0
NYK,1626157.0,Karl-Anthony Towns,75,2321.0,30.946666666666665,517.0,6.8933333333333335,1032.0,13.76,113.0,1.5066666666666666,307.0,4.093333333333334,357.0,4.76,416.0,5.546666666666667,226.0,3.013333333333333,889.0,11.853333333333333,187.0,2.493333333333333,1504.0,20.053333333333335,1271.54,15.83179962013295,307.0,4.345679012345679,226.0,889.0,187.0,2321.0,0.500968992248062,0.36807817589576547,0.8581730769230769,0.14687285588547164,0.14571739732727904,0.0979891477816789,0.23291490295565867,0.10044444444444445,0.23776410805028084,0.17758784425451093,0.1173466808230952,3,30.946666666666665,0.0,27.5,0.7834757834757834
NYK,1628384.0,OG Anunoby,67,2226.0,33.223880597014926,389.0,5.8059701492537314,804.0,12.0,157.0,2.343283582089552,407.0,6.074626865671642,183.0,2.7313432835820897,221.0,3.298507462686567,145.0,2.1641791044776117,351.0,5.2388059701492535,123.0,1.835820895522388,1118.0,16.686567164179106,937.49,14.959925798358633,407.0,2.7722498618021003,145.0,351.0,123.0,2226.0,0.48383084577114427,0.3857493857493858,0.8280542986425339,0.10828745746423299,0.13769258731482925,0.12990743696137888,0.14858398553968302,0.06444444444444444,0.09387536774538646,0.1168091168091168,0.11254360685575611,4,33.223880597014926,0.0,29.5,0.8404558404558404
NYK,1628404.0,Josh Hart,66,1996.0,30.242424242424242,301.0,4.5606060606060606,592.0,8.969696969696969,100.0,1.5151515151515151,242.0,3.6666666666666665,90.0,1.3636363636363635,125.0,1.893939393939394,317.0,4.803030303030303,486.0,7.363636363636363,128.0,1.9393939393939394,792.0,12.0,726.25,10.48851506518173,242.0,1.4514806181472848,317.0,486.0,128.0,1996.0,0.5084459459459459,0.4132231404958678,0.72,0.08388757851646333,0.09653729543056226,0.07724225981487393,0.0777948546952879,0.1408888888888889,0.12998127841668897,0.12155745489078823,0.10091511198746145,5,30.242424242424242,0.0,26.9,0.7663817663817664
NYK,203903.0,Jordan Clarkson,72,1281.0,17.791666666666668,237.0,3.2916666666666665,526.0,7.305555555555555,70.0,0.9722222222222222,214.0,2.9722222222222223,78.0,1.0833333333333333,94.0,1.3055555555555556,96.0,1.3333333333333333,127.0,1.7638888888888888,63.0,0.875,622.0,8.63888888888889,591.36,4.2868566001899335,214.0,0.5876859765748654,96.0,127.0,63.0,1281.0,0.4505703422053232,0.32710280373831774,0.8297872340425532,0.0683067241741766,0.039456637999672924,0.06830513884455792,0.03149814374542397,0.042666666666666665,0.03396630115004012,0.05982905982905983,0.0647656605490672,6,17.791666666666668,0.0,15.8,0.45014245014245013
NYK,1629011.0,Mitchell Robinson,60,1176.0,19.6,149.0,2.4833333333333334,206.0,3.433333333333333,0.0,0.0,0.0,0.0,42.0,0.7,103.0,1.7166666666666666,52.0,0.8666666666666667,525.0,8.75,41.0,0.6833333333333333,340.0,5.666666666666667,264.32,3.4984245014245006,0.0,0.8509971509971509,52.0,525.0,41.0,1176.0,0.7233009708737864,0.35,0.4077669902912621,0.03053103580512439,0.03219983358337131,0.0,0.04561080518762363,0.02311111111111111,0.140411874832843,0.0389363722697056,0.05945699984832398,7,19.6,0.0,17.4,0.4957264957264957
NYK,1629013.0,Landry Shamet,51,1173.0,23.0,159.0,3.1176470588235294,364.0,7.137254901960785,103.0,2.019607843137255,263.0,5.1568627450980395,54.0,1.0588235294117647,76.0,1.4901960784313726,72.0,1.411764705882353,92.0,1.803921568627451,30.0,0.5882352941176471,475.0,9.313725490196079,415.44,6.158632478632478,263.0,0.866096866096866,72.0,92.0,30.0,1173.0,0.4368131868131868,0.3916349809885932,0.7105263157894737,0.0479865826077515,0.05668464213887252,0.08394510054261091,0.04642010303661728,0.032,0.02460550949451725,0.02849002849002849,0.059305323828302746,8,23.0,0.0,20.4,0.5811965811965811
NYK,1630540.0,Miles McBride,41,1080.0,26.341463414634145,171.0,4.170731707317073,404.0,9.853658536585366,112.0,2.731707317073171,271.0,6.609756097560975,37.0,0.9024390243902439,47.0,1.146341463414634,106.0,2.5853658536585367,100.0,2.4390243902439024,33.0,0.8048780487804879,491.0,11.975609756097562,451.18,8.856585365853658,271.0,0.7642276422764227,106.0,100.0,33.0,1080.0,0.42326732673267325,0.4132841328413284,0.7872340425531915,0.05211483328751522,0.08151685845479546,0.08649856367698691,0.04096022891501259,0.04711111111111111,0.026745119015779622,0.03133903133903134,0.05460336720764447,9,26.341463414634145,0.0,23.4,0.6666666666666666
NYK,1642278.0,Tyler Kolek,60,729.0,12.15,108.0,1.8,248.0,4.133333333333334,44.0,0.7333333333333333,114.0,1.9,14.0,0.23333333333333334,20.0,0.3333333333333333,170.0,2.8333333333333335,98.0,1.6333333333333333,55.0,0.9166666666666666,274.0,4.566666666666666,299.3,1.6707692307692308,114.0,0.10256410256410256,170.0,98.0,55.0,729.0,0.43548387096774194,0.38596491228070173,0.7,0.0345715005163201,0.015377919736464418,0.036386849664857966,0.005497117464862574,0.07555555555555556,0.026210216635464027,0.052231718898385564,0.036857272865160016,10,12.15,0.0,10.8,0.3076923076923077
NYK,1642885.0,Mohamed Diawara,68,635.0,9.338235294117647,90.0,1.3235294117647058,213.0,3.1323529411764706,48.0,0.7058823529411765,130.0,1.911764705882353,18.0,0.2647058823529412,24.0,0.35294117647058826,53.0,0.7794117647058824,94.0,1.3823529411764706,30.0,0.4411764705882353,246.0,3.6176470588235294,236.81,0.059849999999999993,130.0,0.007058823529411765,53.0,94.0,30.0,635.0,0.4225352112676056,0.36923076923076925,0.75,0.027353414758669443,0.0005508651220513875,0.04149377593360996,0.0003783310255228948,0.023555555555555555,0.025140411874832843,0.02849002849002849,0.03210475757116133,11,0.0,0.0,0.0,0.02
NYK,1630574.0,Ariel Hukporti,53,502.0,9.471698113207546,45.0,0.8490566037735849,80.0,1.509433962264151,1.0,0.018867924528301886,4.0,0.07547169811320754,26.0,0.49056603773584906,33.0,0.6226415094339622,29.0,0.5471698113207547,159.0,3.0,32.0,0.6037735849056604,117.0,2.207547169811321,101.77,0.03540754716981132,4.0,0.012452830188679246,29.0,159.0,32.0,502.0,0.5625,0.25,0.7878787878787878,0.011755234238375867,0.00032589444934399964,0.0012767315671879987,0.0006674330355922767,0.012888888888888889,0.0425247392350896,0.030389363722697058,0.025380454016886596,12,0.0,0.0,0.0,0.02
NYK,1630631.0,Jose Alvarado,28,473.0,16.892857142857142,70.0,2.5,169.0,6.035714285714286,31.0,1.1071428571428572,94.0,3.357142857142857,15.0,0.5357142857142857,22.0,0.7857142857142857,106.0,3.7857142857142856,57.0,2.0357142857142856,30.0,1.0714285714285714,186.0,6.642857142857143,205.18,0.11162142857142858,94.0,0.015714285714285715,106.0,57.0,30.0,473.0,0.41420118343195267,0.32978723404255317,0.6818181818181818,0.023699901356293216,0.0010273743003099457,0.03000319182891797,0.0008422369258664444,0.04711111111111111,0.015244717838994384,0.02849002849002849,0.02391425249001466,13,0.0,0.0,0.0,0.02
NYK,1627824.0,Guerschon Yabusele,41,365.0,8.902439024390244,42.0,1.024390243902439,107.0,2.6097560975609757,20.0,0.4878048780487805,68.0,1.6585365853658536,8.0,0.1951219512195122,12.0,0.2926829268292683,18.0,0.43902439024390244,87.0,2.1219512195121952,15.0,0.36585365853658536,112.0,2.731707317073171,116.78,0.04647317073170732,68.0,0.005853658536585366,18.0,87.0,15.0,365.0,0.3925233644859813,0.29411764705882354,0.6666666666666666,0.013489007117593925,0.0004277435065536663,0.021704436642195978,0.00031373792360435177,0.008,0.02326825354372827,0.014245014245014245,0.018453915769250213,14,0.0,0.0,0.0,0.02
NYK,1641755.0,Kevin McCullar Jr.,19,155.0,8.157894736842104,20.0,1.0526315789473684,47.0,2.473684210526316,8.0,0.42105263157894735,24.0,1.263157894736842,2.0,0.10526315789473684,5.0,0.2631578947368421,20.0,1.0526315789473684,28.0,1.4736842105263157,12.0,0.631578947368421,50.0,2.6315789473684212,54.2,0.044526315789473685,24.0,0.005263157894736842,20.0,28.0,12.0,155.0,0.425531914893617,0.3333333333333333,0.4,0.006260525653139158,0.00040982446753328404,0.007660389403127992,0.0002820889225390005,0.008888888888888889,0.007488633324418294,0.011396011396011397,0.00783659436776379,15,0.0,0.0,0.0,0.02
NYK,1642359.0,Pacôme Dadiet,28,138.0,4.928571428571429,16.0,0.5714285714285714,48.0,1.7142857142857142,7.0,0.25,32.0,1.1428571428571428,9.0,0.32142857142857145,11.0,0.39285714285714285,12.0,0.42857142857142855,27.0,0.9642857142857143,3.0,0.10714285714285714,48.0,1.7142857142857142,55.84,0.030007142857142854,32.0,0.007857142857142858,12.0,27.0,3.0,138.0,0.3333333333333333,0.21875,0.8181818181818182,0.006449958532680637,0.00027618861173623097,0.01021385253750399,0.0004211184629332222,0.005333333333333333,0.007221182134260497,0.002849002849002849,0.006977096920976793,16,0.0,0.0,0.0,0.02
NYK,1631110.0,Jeremy Sochan,16,111.0,6.9375,17.0,1.0625,30.0,1.875,2.0,0.125,10.0,0.625,8.0,0.5,10.0,0.625,12.0,0.75,34.0,2.125,3.0,0.1875,44.0,2.75,37.4,0.043750000000000004,10.0,0.0125,12.0,34.0,3.0,111.0,0.5666666666666667,0.2,0.8,0.004319993716372776,0.00040267918278610214,0.0031918289179699967,0.0006699611910301262,0.005333333333333333,0.009093340465365071,0.002849002849002849,0.0056120127407856815,17,0.0,0.0,0.0,0.02
NYK,1641998.0,Trey Jemison III,12,82.0,6.833333333333333,6.0,0.5,10.0,0.8333333333333334,0.0,0.0,0.0,0.0,1.0,0.08333333333333333,1.0,0.08333333333333333,5.0,0.4166666666666667,17.0,1.4166666666666667,10.0,0.8333333333333334,13.0,1.0833333333333333,11.69,0.01735,0.0,0.0016666666666666666,5.0,17.0,10.0,82.0,0.6,0.35,1.0,0.0013502868059999398,0.00015969105877345992,0.0,8.932815880401682e-05,0.0022222222222222222,0.004546670232682536,0.00949667616334283,0.004145811213913747,18,0.0,0.0,0.0,0.02
NYK,1641794.0,Dillon Jones,7,39.0,5.571428571428571,2.0,0.2857142857142857,9.0,1.2857142857142858,1.0,0.14285714285714285,5.0,0.7142857142857143,4.0,0.5714285714285714,4.0,0.5714285714285714,4.0,0.5714285714285714,7.0,1.0,0.0,0.0,9.0,1.2857142857142858,11.76,0.023114285714285716,5.0,0.011428571428571429,4.0,7.0,0.0,39.0,0.2222222222222222,0.2,1.0,0.0013583723557364666,0.00021274609559115534,0.0015959144589849984,0.0006125359460846868,0.0017777777777777779,0.0018721583311045735,0.0,0.00197178826027605,19,0.0,0.0,0.0,0.02
NYK,1641787.0,Tosan Evbuomwan,5,8.0,1.6,0.0,0.0,1.0,0.2,0.0,0.0,0.0,0.0,0.0,0.0,0.0,0.0,0.0,0.0,2.0,0.4,0.0,0.0,0.0,0.0,1.0,0.001,0.0,0.0,0.0,2.0,0.0,8.0,0.0,0.35,0.77,0.00011550785337895123,9.204095606539477e-06,0.0,0.0,0.0,0.0005349023803155924,0.0,0.0004044693867232924,20,0.0,0.0,0.0,0.02
OKC,1628983.0,Shai Gilgeous-Alexander,68,2261.0,33.25,731.0,10.75,1321.0,19.426470588235293,115.0,1.6911764705882353,298.0,4.382352941176471,540.0,7.9411764705882355,614.0,9.029411764705882,448.0,6.588235294117647,292.0,4.294117647058823,151.0,2.2205882352941178,2117.0,31.13235294117647,1703.16,29.509264705882355,298.0,9.029411764705882,448.0,292.0,151.0,2261.0,0.5533686601059803,0.3859060402684564,0.8794788273615635,0.19650070089818805,0.28131625841123437,0.09597423510466989,0.4341306180795506,0.21202082347373402,0.08070757324488667,0.1536113936927772,0.1138641285189102,1,33.25,33.25,33.2,1.0
OKC,1641717.0,Cason Wallace,77,2047.0,26.584415584415584,252.0,3.272727272727273,584.0,7.584415584415584,101.0,1.3116883116883118,288.0,3.74025974025974,55.0,0.7142857142857143,68.0,0.8831168831168831,200.0,2.5974025974025974,238.0,3.090909090909091,73.0,0.948051948051948,660.0,8.571428571428571,663.92,8.914288061336253,288.0,0.7075575027382256,200.0,238.0,73.0,2047.0,0.4315068493150685,0.3506944444444444,0.8088235294117647,0.07659923045417048,0.0849812487301712,0.0927536231884058,0.034019090500584215,0.09465215333648841,0.06578220011055833,0.07426246185147507,0.1030870725688674,2,26.584415584415584,26.584415584415584,26.6,0.8012048192771084
OKC,1631096.0,Chet Holmgren,69,1997.0,28.942028985507246,434.0,6.2898550724637685,779.0,11.289855072463768,88.0,1.2753623188405796,243.0,3.5217391304347827,225.0,3.260869565217391,284.0,4.115942028985507,115.0,1.6666666666666667,615.0,8.91304347826087,107.0,1.5507246376811594,1181.0,17.115942028985508,932.71,14.899425746464114,243.0,3.45887899423782,115.0,615.0,107.0,1997.0,0.5571245186136072,0.36213991769547327,0.7922535211267606,0.10761065826742583,0.1420384664019018,0.0782608695652174,0.1663015614705164,0.054424988168480834,0.16998341625207297,0.10885045778229908,0.10056906884222189,3,28.942028985507246,0.0,27.9,0.8403614457831324
OKC,1629652.0,Luguentz Dort,69,1850.0,26.81159420289855,202.0,2.927536231884058,524.0,7.594202898550725,128.0,1.855072463768116,372.0,5.391304347826087,44.0,0.6376811594202898,58.0,0.8405797101449275,85.0,1.2318840579710144,245.0,3.550724637681159,54.0,0.782608695652174,576.0,8.347826086956522,570.77,8.49138532390431,372.0,0.6557534485769163,85.0,245.0,54.0,1850.0,0.38549618320610685,0.34408602150537637,0.7586206896551724,0.0658521249040952,0.0809496533328617,0.11980676328502415,0.03152837165442599,0.040227165168007575,0.06771697070204533,0.054933875890132246,0.09316613788588407,4,26.81159420289855,0.0,25.9,0.7801204819277108
OKC,1630198.0,Isaiah Joe,71,1506.0,21.211267605633804,247.0,3.4788732394366195,543.0,7.647887323943662,181.0,2.5492957746478875,428.0,6.028169014084507,110.0,1.5492957746478873,123.0,1.732394366197183,94.0,1.323943661971831,181.0,2.5492957746478875,45.0,0.6338028169014085,785.0,11.056338028169014,620.62,7.293145469200745,428.0,1.0697013405735616,94.0,181.0,45.0,1506.0,0.4548802946593002,0.42289719626168226,0.8943089430894309,0.07160352814264864,0.06952665259176788,0.13784219001610307,0.05143082586608021,0.04448651206814955,0.05002763957987839,0.04577822990844354,0.07584227224656293,5,21.211267605633804,0.0,20.5,0.6174698795180722
OKC,1642349.0,Ajay Mitchell,57,1471.0,25.80701754385965,286.0,5.017543859649122,590.0,10.350877192982455,61.0,1.0701754385964912,176.0,3.087719298245614,141.0,2.473684210526316,162.0,2.8421052631578947,206.0,3.6140350877192984,190.0,3.3333333333333335,81.0,1.4210526315789473,774.0,13.578947368421053,712.78,11.087039473684209,176.0,2.131578947368421,206.0,190.0,81.0,1471.0,0.4847457627118644,0.3465909090909091,0.8703703703703703,0.08223641324726418,0.10569441470945126,0.056682769726247986,0.10248548964435816,0.09749171793658305,0.05251520176893311,0.08240081383519837,0.07407966963791106,6,25.80701754385965,0.0,24.9,0.7499999999999999
OKC,1630598.0,Aaron Wiggins,65,1417.0,21.8,231.0,3.5538461538461537,536.0,8.246153846153845,96.0,1.476923076923077,270.0,4.153846153846154,53.0,0.8153846153846154,72.0,1.1076923076923078,109.0,1.676923076923077,199.0,3.0615384615384613,81.0,1.2461538461538462,611.0,9.4,594.93,6.940996292863763,270.0,0.70064874884152,109.0,199.0,81.0,1417.0,0.43097014925373134,0.35555555555555557,0.7361111111111112,0.06863956527006211,0.0661695615331767,0.08695652173913043,0.03368692029088573,0.051585423568386184,0.05500276395798784,0.08240081383519837,0.0713602256131339,7,21.8,0.0,21.0,0.6325301204819277
OKC,1631119.0,Jaylin Williams,65,1279.0,19.676923076923078,149.0,2.292307692307692,352.0,5.415384615384616,98.0,1.5076923076923077,256.0,3.9384615384615387,73.0,1.123076923076923,92.0,1.4153846153846155,158.0,2.4307692307692306,358.0,5.507692307692308,67.0,1.0307692307692307,469.0,7.2153846153846155,431.98,4.972488415199257,256.0,0.810009267840593,158.0,358.0,67.0,1279.0,0.42329545454545453,0.3828125,0.7934782608695652,0.0498393414441387,0.04740347988671569,0.08244766505636071,0.03894493165903984,0.07477520113582584,0.09894969596462133,0.0681586978636826,0.06441053532759229,8,19.676923076923078,0.0,19.0,0.5722891566265059
OKC,1628392.0,Isaiah Hartenstein,47,1142.0,24.29787234042553,184.0,3.9148936170212765,296.0,6.297872340425532,0.0,0.0,7.0,0.14893617021276595,64.0,1.3617021276595744,105.0,2.234042553191489,166.0,3.5319148936170213,443.0,9.425531914893616,82.0,1.7446808510638299,432.0,9.191489361702128,383.7,7.643840041015124,7.0,1.5745962573699048,166.0,443.0,82.0,1142.0,0.6216216216216216,0.0,0.6095238095238096,0.04426907567969818,0.07286987668668357,0.0022544283413848632,0.07570597778137882,0.07856128726928538,0.1224433388612493,0.08341810783316378,0.05751120511658357,9,24.29787234042553,0.0,23.4,0.7048192771084336
OKC,1627936.0,Alex Caruso,56,1021.0,18.232142857142858,127.0,2.267857142857143,300.0,5.357142857142857,53.0,0.9464285714285714,181.0,3.232142857142857,41.0,0.7321428571428571,51.0,0.9107142857142857,110.0,1.9642857142857142,155.0,2.767857142857143,48.0,0.8571428571428571,348.0,6.214285714285714,349.94,4.139199655765922,181.0,0.48278829604130813,110.0,155.0,48.0,1021.0,0.42333333333333334,0.292817679558011,0.803921568627451,0.0403740431153338,0.0394596128227154,0.05829307568438003,0.023212274157353517,0.05205868433506862,0.042841348811498065,0.048830111902339775,0.051417636098101425,10,18.232142857142858,0.0,17.6,0.5301204819277109
OKC,1631114.0,Jalen Williams,33,937.0,28.393939393939394,216.0,6.545454545454546,446.0,13.515151515151516,23.0,0.696969696969697,77.0,2.3333333333333335,108.0,3.272727272727273,129.0,3.909090909090909,181.0,5.484848484848484,152.0,4.606060606060606,63.0,1.9090909090909092,563.0,17.060606060606062,548.01,0.2809030303030303,77.0,0.07818181818181819,181.0,152.0,63.0,937.0,0.484304932735426,0.2987012987012987,0.8372093023255814,0.06322620840039457,0.002677890833568407,0.024798711755233495,0.0037589515169221383,0.08566019876952201,0.04201216141514649,0.06408952187182096,0.04718738983733696,11,0.0,0.0,0.0,0.02
OKC,1629026.0,Kenrich Williams,56,854.0,15.25,140.0,2.5,296.0,5.285714285714286,50.0,0.8928571428571429,129.0,2.3035714285714284,33.0,0.5892857142857143,52.0,0.9285714285714286,79.0,1.4107142857142858,187.0,3.3392857142857144,43.0,0.7678571428571429,363.0,6.482142857142857,338.63,0.10625714285714284,129.0,0.018571428571428572,79.0,187.0,43.0,854.0,0.47297297297297297,0.3875968992248062,0.6346153846153846,0.0390691610565968,0.0010129653231271743,0.04154589371980676,0.0008929070879067538,0.03738760056791292,0.05168601437258154,0.04374364191251272,0.0430075036511054,12,0.0,0.0,0.0,0.02
OKC,1642272.0,Jared McCain,30,540.0,18.0,115.0,3.8333333333333335,249.0,8.3,54.0,1.8,138.0,4.6,29.0,0.9666666666666667,34.0,1.1333333333333333,28.0,0.9333333333333333,62.0,2.066666666666667,26.0,0.8666666666666667,313.0,10.433333333333334,270.96,0.16919333333333333,138.0,0.022666666666666665,28.0,62.0,26.0,540.0,0.46184738955823296,0.391304347826087,0.8529411764705882,0.03126178979976809,0.0016129454920633857,0.044444444444444446,0.0010898045483169608,0.013251301467108376,0.017136539524599224,0.026449643947100712,0.027194440247771567,13,0.0,0.0,0.0,0.02
OKC,1642382.0,Branden Carlson,42,491.0,11.69047619047619,98.0,2.3333333333333335,186.0,4.428571428571429,31.0,0.7380952380952381,86.0,2.0476190476190474,15.0,0.35714285714285715,26.0,0.6190476190476191,29.0,0.6904761904761905,124.0,2.9523809523809526,16.0,0.38095238095238093,242.0,5.761904761904762,204.69,0.09264761904761905,86.0,0.012380952380952381,29.0,124.0,16.0,491.0,0.5268817204301075,0.36046511627906974,0.5769230769230769,0.023615942405205682,0.0008832236858816128,0.027697262479871174,0.0005952713919378359,0.01372456223379082,0.03427307904919845,0.01627670396744659,0.024726796595658962,14,0.0,0.0,0.0,0.02
OKC,1642964.0,Brooks Barnhizer,40,349.0,8.725,27.0,0.675,71.0,1.775,7.0,0.175,24.0,0.6,7.0,0.175,10.0,0.25,22.0,0.55,78.0,1.95,10.0,0.25,68.0,1.7,80.9,0.029825,24.0,0.005,22.0,78.0,10.0,349.0,0.38028169014084506,0.2916666666666667,0.7,0.009333771755245199,0.00028432621045425635,0.007729468599033816,0.0002403980621287414,0.010411736867013724,0.02155887230514096,0.01017293997965412,0.017575666011985697,15,0.0,0.0,0.0,0.02
OKC,1631172.0,Ousmane Dieng,27,296.0,10.962962962962964,38.0,1.4074074074074074,91.0,3.3703703703703702,18.0,0.6666666666666666,49.0,1.8148148148148149,6.0,0.2222222222222222,6.0,0.2222222222222222,28.0,1.037037037037037,42.0,1.5555555555555556,8.0,0.2962962962962963,100.0,3.7037037037037037,100.64,0.06178518518518519,49.0,0.0044444444444444444,28.0,42.0,8.0,296.0,0.4175824175824176,0.3673469387755102,1.0,0.01161125821319996,0.0005890074623945739,0.015780998389694042,0.00021368716633665902,0.013251301467108376,0.011608623548922056,0.008138351983723296,0.014906582061741452,16,0.0,0.0,0.0,0.02
OKC,1642959.0,Chris Youngblood,30,176.0,5.866666666666666,20.0,0.6666666666666666,60.0,2.0,16.0,0.5333333333333333,51.0,1.7,9.0,0.3,10.0,0.3333333333333333,11.0,0.36666666666666664,28.0,0.9333333333333333,2.0,0.06666666666666667,65.0,2.1666666666666665,67.15,0.03673333333333333,51.0,0.006666666666666666,11.0,28.0,2.0,176.0,0.3333333333333333,0.3137254901960784,0.9,0.0077473766794155146,0.00035018439108196756,0.01642512077294686,0.00032053074950498853,0.005205868433506862,0.007739082365948038,0.002034587995930824,0.008863373117792214,17,0.0,0.0,0.0,0.02
OKC,1642260.0,Nikola Topić,10,160.0,16.0,22.0,2.2,51.0,5.1,6.0,0.6,15.0,1.5,2.0,0.2,5.0,0.5,44.0,4.4,19.0,1.9,25.0,2.5,52.0,5.2,64.2,0.08900000000000001,15.0,0.01,44.0,19.0,25.0,160.0,0.43137254901960786,0.4,0.4,0.007407022826782963,0.0008484503849263644,0.004830917874396135,0.0004807961242574828,0.02082347373402745,0.005251520176893312,0.0254323499491353,0.00805761192526565,18,0.0,0.0,0.0,0.02
OKC,1642362.0,Payton Sandfort,4,63.0,15.75,13.0,3.25,26.0,6.5,7.0,1.75,17.0,4.25,2.0,0.5,4.0,1.0,0.0,0.0,10.0,2.5,1.0,0.25,35.0,8.75,27.76,0.13970000000000002,17.0,0.02,0.0,10.0,1.0,63.0,0.5,0.4117647058823529,0.5,0.0032027874403659667,0.001331781109822619,0.005475040257648953,0.0009615922485149656,0.0,0.002763957987838585,0.001017293997965412,0.0031726846955733496,19,0.0,0.0,0.0,0.02
ORL,1630217.0,Desmond Bane,82,2757.0,33.6219512195122,583.0,7.109756097560975,1205.0,14.695121951219512,167.0,2.0365853658536586,427.0,5.2073170731707314,314.0,3.8292682926829267,346.0,4.219512195121951,338.0,4.121951219512195,338.0,4.121951219512195,164.0,2.0,1647.0,20.085365853658537,1441.74,20.556176284529414,427.0,4.085752442538835,338.0,338.0,164.0,2757.0,0.4838174273858921,0.3911007025761124,0.9075144508670521,0.1643394346707033,0.18636934298233707,0.1526635681086879,0.15876485690364764,0.15547378104875806,0.09513087531663383,0.1460373998219056,0.1391721352852095,1,33.6219512195122,33.6219512195122,33.6,0.968299711815562
ORL,1631094.0,Paolo Banchero,72,2499.0,34.708333333333336,529.0,7.347222222222222,1152.0,16.0,84.0,1.1666666666666667,275.0,3.8194444444444446,457.0,6.347222222222222,590.0,8.194444444444445,373.0,5.180555555555555,604.0,8.38888888888889,222.0,3.0833333333333335,1599.0,22.208333333333332,1504.85,23.43138888888889,275.0,8.194444444444445,373.0,604.0,222.0,2499.0,0.4592013888888889,0.3054545454545455,0.7745762711864407,0.17153314624287866,0.21243700637420493,0.09831962817304254,0.318421103070722,0.17157313707451702,0.16999718547706164,0.19768477292965272,0.12614840989399292,2,34.708333333333336,34.708333333333336,34.7,1.0
ORL,1628976.0,Wendell Carter Jr.,78,2290.0,29.358974358974358,326.0,4.17948717948718,637.0,8.166666666666666,72.0,0.9230769230769231,226.0,2.8974358974358974,198.0,2.5384615384615383,250.0,3.2051282051282053,154.0,1.9743589743589745,577.0,7.397435897435898,100.0,1.2820512820512822,922.0,11.820512820512821,785.5,10.634289514520061,226.0,2.5123771521466045,154.0,577.0,100.0,2290.0,0.5117739403453689,0.3185840707964602,0.792,0.08953668895489995,0.09641411527476747,0.0808008580622095,0.09762637473960419,0.07083716651333946,0.16239797354348437,0.08904719501335707,0.11559818273599193,3,29.358974358974358,0.0,27.2,0.7838616714697405
ORL,1641710.0,Anthony Black,64,1913.0,29.890625,345.0,5.390625,772.0,12.0625,100.0,1.5625,300.0,4.6875,169.0,2.640625,231.0,3.609375,236.0,3.6875,244.0,3.8125,132.0,2.0625,959.0,14.984375,932.64,13.217993966138327,300.0,2.881259005763688,236.0,244.0,132.0,1913.0,0.44689119170984454,0.3333333333333333,0.7316017316017316,0.10630871748809406,0.11983886579468932,0.10725777618877369,0.111960447967858,0.10855565777368906,0.06867435969603153,0.11754229741763135,0.09656739020696618,4,29.890625,0.0,27.7,0.7982708933717578
ORL,1641783.0,Tristan da Silva,77,1900.0,24.675324675324674,279.0,3.6233766233766236,620.0,8.051948051948052,120.0,1.5584415584415585,321.0,4.1688311688311686,84.0,1.0909090909090908,95.0,1.2337662337662338,124.0,1.6103896103896105,284.0,3.688311688311688,69.0,0.8961038961038961,762.0,9.896103896103897,692.8,7.5603772596279795,321.0,0.8106590815524534,124.0,284.0,69.0,1900.0,0.45,0.37383177570093457,0.8842105263157894,0.07897010580261576,0.06854497271634606,0.11476582052198785,0.03150072719539085,0.05703771849126035,0.07993245144947932,0.06144256455921639,0.09591115598182735,5,24.675324675324674,0.0,22.8,0.6570605187319885
ORL,1630591.0,Jalen Suggs,57,1570.0,27.54385964912281,282.0,4.947368421052632,649.0,11.385964912280702,122.0,2.1403508771929824,360.0,6.315789473684211,100.0,1.7543859649122806,117.0,2.0526315789473686,312.0,5.473684210526316,220.0,3.8596491228070176,152.0,2.6666666666666665,786.0,13.789473684210526,778.48,11.148691794327316,360.0,1.5084180191111785,312.0,220.0,152.0,1570.0,0.4345146379044684,0.3388888888888889,0.8547008547008547,0.0887365011045328,0.10107786273389222,0.12870933142652843,0.058614361570633405,0.14351425942962281,0.06191950464396285,0.13535173642030277,0.07925290257445734,6,27.54385964912281,0.0,25.5,0.7348703170028817
ORL,1630532.0,Franz Wagner,34,1019.0,29.970588235294116,244.0,7.176470588235294,507.0,14.911764705882353,48.0,1.411764705882353,139.0,4.088235294117647,163.0,4.794117647058823,198.0,5.823529411764706,113.0,3.323529411764706,177.0,5.205882352941177,58.0,1.7058823529411764,699.0,20.558823529411764,622.37,16.650991693507372,139.0,4.648754026106119,113.0,177.0,58.0,1019.0,0.4812623274161736,0.34532374100719426,0.8232323232323232,0.07094201031809176,0.1509636003782871,0.04969610296746514,0.1806420673094852,0.05197792088316467,0.049817056009006475,0.051647373107747106,0.05143866733972741,7,29.970588235294116,0.0,27.7,0.7982708933717578
ORL,1629048.0,Goga Bitadze,64,970.0,15.15625,152.0,2.375,225.0,3.515625,2.0,0.03125,11.0,0.171875,69.0,1.078125,97.0,1.515625,84.0,1.3125,320.0,5.0,43.0,0.671875,375.0,5.859375,288.68,2.687536023054755,11.0,0.6114913544668588,84.0,320.0,43.0,970.0,0.6755555555555556,0.18181818181818182,0.711340206185567,0.03290573057606686,0.02436612315078442,0.003932785126921702,0.023761434094480317,0.03863845446182153,0.09006473402758232,0.03829029385574354,0.048965169106511865,8,15.15625,0.0,14.0,0.4034582132564841
ORL,1642869.0,Noah Penda,58,761.0,13.120689655172415,82.0,1.4137931034482758,203.0,3.5,30.0,0.5172413793103449,93.0,1.603448275862069,33.0,0.5689655172413793,48.0,0.8275862068965517,70.0,1.206896551724138,187.0,3.2241379310344827,42.0,0.7241379310344828,227.0,3.913793103448276,241.62,1.7886067773029906,93.0,0.28858193381695313,70.0,187.0,42.0,761.0,0.4039408866995074,0.3225806451612903,0.6875,0.02754150831990188,0.016216122362726893,0.03324991061851984,0.011213765413294736,0.03219871205151794,0.05263157894736842,0.037399821905609976,0.038414941948510854,9,13.120689655172415,0.0,12.1,0.3487031700288184
ORL,1626145.0,Tyus Jones,48,755.0,15.729166666666666,54.0,1.125,158.0,3.2916666666666665,30.0,0.625,102.0,2.125,6.0,0.125,6.0,0.125,116.0,2.4166666666666665,53.0,1.1041666666666667,14.0,0.2916666666666667,144.0,3.0,189.64,2.030816522574447,102.0,0.052593659942363105,116.0,53.0,14.0,755.0,0.34177215189873417,0.29411764705882354,1.0,0.02161647064724026,0.018412078967950857,0.036467643904183056,0.0020436933006150963,0.05335786568537258,0.014916971573318323,0.012466607301869992,0.038112064613831396,10,15.729166666666666,0.0,14.6,0.42074927953890484
ORL,1641724.0,Jett Howard,55,699.0,12.709090909090909,105.0,1.9090909090909092,251.0,4.5636363636363635,54.0,0.9818181818181818,145.0,2.6363636363636362,37.0,0.6727272727272727,39.0,0.7090909090909091,45.0,0.8181818181818182,87.0,1.5818181818181818,15.0,0.2727272727272727,301.0,5.472727272727273,279.41,0.0900509090909091,145.0,0.014181818181818183,45.0,87.0,15.0,699.0,0.41832669322709165,0.3724137931034483,0.9487179487179487,0.03184907226083844,0.0008164324205988436,0.05184125849124061,0.0005510794806918874,0.020699172033118676,0.024486349563748944,0.013357079252003561,0.03528520949015649,11,0.0,0.0,0.0,0.02
ORL,1628975.0,Jevon Carter,30,613.0,20.433333333333334,82.0,2.7333333333333334,204.0,6.8,46.0,1.5333333333333334,137.0,4.566666666666666,5.0,0.16666666666666666,9.0,0.3,68.0,2.2666666666666666,63.0,2.1,25.0,0.8333333333333334,215.0,7.166666666666667,224.96,0.12065999999999999,137.0,0.006,68.0,63.0,25.0,613.0,0.4019607843137255,0.3357664233576642,0.5555555555555556,0.02564248701119579,0.0010939449347480425,0.04898105112620665,0.0002331490110619524,0.031278748850046,0.01773149451168027,0.02226179875333927,0.0309439676930843,12,0.0,0.0,0.0,0.02
ORL,1642859.0,Jase Richardson,54,589.0,10.907407407407407,89.0,1.6481481481481481,188.0,3.4814814814814814,28.0,0.5185185185185185,79.0,1.462962962962963,33.0,0.6111111111111112,46.0,0.8518518518518519,58.0,1.0740740740740742,63.0,1.1666666666666667,25.0,0.46296296296296297,239.0,4.425925925925926,222.74,0.07239259259259259,79.0,0.017037037037037038,58.0,63.0,25.0,589.0,0.4734042553191489,0.35443037974683544,0.717391304347826,0.025389436152532675,0.0006563360681248577,0.028244547729710405,0.0006620280561018401,0.02667893284268629,0.01773149451168027,0.02226179875333927,0.02973245835436648,13,0.0,0.0,0.0,0.02
ORL,1628371.0,Jonathan Isaac,50,520.0,10.4,46.0,0.92,109.0,2.18,7.0,0.14,38.0,0.76,35.0,0.7,58.0,1.16,22.0,0.44,132.0,2.64,18.0,0.36,134.0,2.68,140.02,0.04561200000000001,38.0,0.0232,22.0,132.0,18.0,520.0,0.42201834862385323,0.18421052631578946,0.603448275862069,0.0159604419954998,0.00041353403251887725,0.013585984983911333,0.0009015095094395491,0.010119595216191352,0.03715170278637771,0.016028495102404273,0.02624936900555275,14,0.0,0.0,0.0,0.02
ORL,1631288.0,Jamal Cain,37,483.0,13.054054054054054,74.0,2.0,152.0,4.108108108108108,28.0,0.7567567567567568,73.0,1.972972972972973,39.0,1.054054054054054,46.0,1.2432432432432432,29.0,0.7837837837837838,78.0,2.108108108108108,19.0,0.5135135135135135,215.0,5.8108108108108105,179.49,0.0930054054054054,73.0,0.024864864864864864,29.0,78.0,19.0,483.0,0.4868421052631579,0.3835616438356164,0.8478260869565217,0.02045950388353277,0.0008432188972934813,0.02609939220593493,0.0009662031089053883,0.013339466421343146,0.02195327891922319,0.016918967052537846,0.024381625441696114,15,0.0,0.0,0.0,0.02
ORL,1629021.0,Moritz Wagner,36,427.0,11.86111111111111,83.0,2.3055555555555554,195.0,5.416666666666667,22.0,0.6111111111111112,70.0,1.9444444444444444,59.0,1.6388888888888888,72.0,2.0,27.0,0.75,115.0,3.1944444444444446,19.0,0.5277777777777778,247.0,6.861111111111111,233.43,0.11381666666666666,70.0,0.04,27.0,115.0,19.0,427.0,0.4256410256410256,0.3142857142857143,0.8194444444444444,0.026607955827806867,0.0010319009281444256,0.025026814444047193,0.001554326740413016,0.012419503219871205,0.0323670137911624,0.016918967052537846,0.0215547703180212,16,0.0,0.0,0.0,0.02
ORL,1631457.0,Alex Morales,4,24.0,6.0,3.0,0.75,7.0,1.75,0.0,0.0,1.0,0.25,2.0,0.5,2.0,0.5,4.0,1.0,3.0,0.75,4.0,1.0,8.0,2.0,8.879999999999999,0.03385,1.0,0.01,4.0,3.0,4.0,24.0,0.42857142857142855,0.0,1.0,0.0010122034346524652,0.00030689570728676644,0.0003575259206292456,0.000388581685103254,0.0018399264029438822,0.0008443568815085843,0.003561887800534283,0.0012115093387178194,17,0.0,0.0,0.0,0.02
ORL,1630658.0,Colin Castleton,4,21.0,5.25,2.0,0.5,5.0,1.25,0.0,0.0,0.0,0.0,1.0,0.25,1.0,0.25,1.0,0.25,8.0,2.0,2.0,0.5,5.0,1.25,5.69,0.021800000000000003,0.0,0.005,1.0,8.0,2.0,21.0,0.4,0.35,1.0,0.0006485853089158252,0.0001976462752984198,0.0,0.000194290842551627,0.00045998160073597056,0.002251618350689558,0.0017809439002671415,0.0010600706713780918,18,0.0,0.0,0.0,0.02
PHI,1630178.0,Tyrese Maxey,70,2663.0,38.042857142857144,694.0,9.914285714285715,1501.0,21.442857142857143,220.0,3.142857142857143,599.0,8.557142857142857,372.0,5.314285714285714,417.0,5.957142857142857,461.0,6.585714285714285,290.0,4.142857142857143,171.0,2.442857142857143,1980.0,28.285714285714285,1799.73,28.387428571428572,599.0,5.957142857142857,461.0,290.0,171.0,2663.0,0.46235842771485675,0.3672787979966611,0.8920863309352518,0.2092475723640152,0.2478686065293632,0.21508078994614005,0.24817877434951693,0.23616803278688525,0.08210645526613816,0.16363636363636364,0.13721852939660947,1,38.042857142857144,36.0,36.0,1.0
PHI,1642845.0,VJ Edgecombe,75,2626.0,35.013333333333335,451.0,6.013333333333334,1030.0,13.733333333333333,149.0,1.9866666666666666,421.0,5.613333333333333,148.0,1.9733333333333334,181.0,2.4133333333333336,315.0,4.2,423.0,5.64,137.0,1.8266666666666667,1199.0,15.986666666666666,1188.39,18.025777777777776,421.0,2.3462962962962965,315.0,423.0,137.0,2626.0,0.43786407766990293,0.35391923990498814,0.8176795580110497,0.13816946015328524,0.1573944750981328,0.15116696588868941,0.0977483590774432,0.16137295081967212,0.11976217440543602,0.13110047846889952,0.13531200082444478,2,35.013333333333335,35.013333333333335,35.0,0.9722222222222222
PHI,1629656.0,Quentin Grimes,75,2212.0,29.493333333333332,340.0,4.533333333333333,755.0,10.066666666666666,127.0,1.6933333333333334,380.0,5.066666666666666,199.0,2.6533333333333333,237.0,3.16,244.0,3.2533333333333334,273.0,3.64,133.0,1.7733333333333334,1006.0,13.413333333333334,920.28,10.18212962962963,380.0,2.1944444444444446,244.0,273.0,133.0,2212.0,0.4503311258278146,0.33421052631578946,0.8396624472573839,0.10699735843440733,0.0889066185211938,0.13644524236983843,0.0914221037938202,0.125,0.07729331823329558,0.12727272727272726,0.11397949193589942,3,29.493333333333332,0.0,25.0,0.6944444444444444
PHI,1631230.0,Dominick Barlow,71,1685.0,23.732394366197184,215.0,3.028169014084507,399.0,5.619718309859155,21.0,0.29577464788732394,82.0,1.1549295774647887,94.0,1.323943661971831,131.0,1.8450704225352113,87.0,1.2253521126760563,340.0,4.788732394366197,56.0,0.7887323943661971,545.0,7.676056338028169,478.39,5.152590962441315,82.0,1.0301643192488263,87.0,340.0,56.0,1685.0,0.5388471177944862,0.25609756097560976,0.7175572519083969,0.05562053538209689,0.0449905329981724,0.029443447037701975,0.0429173723479244,0.04456967213114754,0.09626274065685164,0.053588516746411484,0.08682434173236461,4,23.732394366197184,0.0,20.1,0.5583333333333333
PHI,1626162.0,Kelly Oubre Jr.,50,1575.0,31.5,254.0,5.08,544.0,10.88,86.0,1.72,239.0,4.78,111.0,2.22,145.0,2.9,80.0,1.6,252.0,5.04,69.0,1.38,705.0,14.1,627.8,11.4988,239.0,2.1508333333333334,80.0,252.0,69.0,1575.0,0.46691176470588236,0.3598326359832636,0.7655172413793103,0.07299185207232681,0.1004033009044189,0.08581687612208258,0.08960523413614553,0.040983606557377046,0.07134767836919592,0.0660287081339713,0.08115628381511826,5,31.5,0.0,26.7,0.7416666666666667
PHI,203083.0,Andre Drummond,63,1235.0,19.603174603174605,159.0,2.5238095238095237,337.0,5.349206349206349,32.0,0.5079365079365079,90.0,1.4285714285714286,53.0,0.8412698412698413,84.0,1.3333333333333333,80.0,1.2698412698412698,532.0,8.444444444444445,61.0,0.9682539682539683,403.0,6.396825396825397,393.96,3.602229276895944,90.0,0.6148148148148148,80.0,532.0,61.0,1235.0,0.47181008902077154,0.35555555555555557,0.6309523809523809,0.0458041892997991,0.031453343828476955,0.03231597845601436,0.025613618953205318,0.040983606557377046,0.1506228765571914,0.05837320574162679,0.06363683207090225,6,19.603174603174605,0.0,16.6,0.46111111111111114
PHI,1641737.0,Adem Bona,71,1235.0,17.3943661971831,131.0,1.8450704225352113,220.0,3.0985915492957745,2.0,0.028169014084507043,6.0,0.08450704225352113,80.0,1.1267605633802817,113.0,1.591549295774648,32.0,0.4507042253521127,307.0,4.323943661971831,56.0,0.7887323943661971,344.0,4.845070422535211,277.72,2.4982237871674493,6.0,0.654303599374022,32.0,307.0,56.0,1235.0,0.5954545454545455,0.3333333333333333,0.7079646017699115,0.032289418855569615,0.02181357312324333,0.0021543985637342907,0.027258749578317865,0.01639344262295082,0.08691959229898075,0.053588516746411484,0.06363683207090225,7,17.3943661971831,0.0,14.8,0.41111111111111115
PHI,203954.0,Joel Embiid,38,1197.0,31.5,341.0,8.973684210526315,697.0,18.342105263157894,53.0,1.394736842105263,159.0,4.184210526315789,286.0,7.526315789473684,335.0,8.81578947368421,150.0,3.9473684210526314,293.0,7.7105263157894735,109.0,2.8684210526315788,1021.0,26.86842105263158,881.9,19.04697587719298,159.0,6.538377192982456,150.0,293.0,109.0,1197.0,0.48923959827833574,0.3333333333333333,0.8537313432835821,0.10253506585311407,0.166311202066043,0.05709156193895871,0.27239340685670377,0.07684426229508197,0.08295583238958097,0.10430622009569378,0.061678775699489874,8,31.5,0.0,26.7,0.7416666666666667
PHI,202331.0,Paul George,37,1132.0,30.594594594594593,225.0,6.081081081081081,513.0,13.864864864864865,100.0,2.7027027027027026,255.0,6.891891891891892,91.0,2.4594594594594597,111.0,3.0,133.0,3.5945945945945947,196.0,5.297297297297297,64.0,1.7297297297297298,641.0,17.324324324324323,595.09,13.004541666666665,255.0,2.158333333333333,133.0,196.0,64.0,1132.0,0.43859649122807015,0.39215686274509803,0.8198198198198198,0.0691887882282908,0.11355088444728029,0.09156193895870736,0.08991768942759276,0.06813524590163934,0.05549263873159683,0.06124401913875598,0.058329468748389755,9,30.594594594594593,0.0,25.9,0.7194444444444444
PHI,1642348.0,Justin Edwards,63,974.0,15.46031746031746,143.0,2.2698412698412698,320.0,5.079365079365079,67.0,1.0634920634920635,180.0,2.857142857142857,33.0,0.5238095238095238,39.0,0.6190476190476191,80.0,1.2698412698412698,94.0,1.492063492063492,36.0,0.5714285714285714,386.0,6.126984126984127,357.16,2.5396267636684304,180.0,0.22526455026455025,80.0,94.0,36.0,974.0,0.446875,0.37222222222222223,0.8461538461538461,0.041525597142644546,0.022175088716867585,0.06463195691202872,0.009384680094085338,0.040983606557377046,0.026613816534541337,0.03444976076555024,0.05018807646725408,10,15.46031746031746,0.0,13.1,0.3638888888888889
PHI,1630570.0,Trendon Watford,53,864.0,16.30188679245283,138.0,2.6037735849056602,268.0,5.056603773584905,10.0,0.18867924528301888,50.0,0.9433962264150944,60.0,1.1320754716981132,77.0,1.4528301886792452,132.0,2.490566037735849,175.0,3.30188679245283,64.0,1.2075471698113207,346.0,6.528301886792453,334.88,0.1068188679245283,50.0,0.029056603773584905,132.0,175.0,64.0,864.0,0.5149253731343284,0.2,0.7792207792207793,0.03893518863010641,0.0009327031462844641,0.017953321364452424,0.0012105186134056343,0.06762295081967214,0.049546998867497166,0.06124401913875598,0.04452001855000773,11,0.0,0.0,0.0,0.02
PHI,1631133.0,Jabari Walker,64,758.0,11.84375,97.0,1.515625,213.0,3.328125,32.0,0.5,95.0,1.484375,50.0,0.78125,68.0,1.0625,34.0,0.53125,192.0,3.0,27.0,0.421875,276.0,4.3125,251.42000000000002,0.070728125,95.0,0.02125,34.0,192.0,27.0,758.0,0.45539906103286387,0.3368421052631579,0.7352941176470589,0.029231620656298838,0.0006175720263662603,0.03411131059245961,0.0008852899924338284,0.017418032786885244,0.05436013590033975,0.02583732057416268,0.03905807182975215,12,0.0,0.0,0.0,0.02
PHI,1642272.0,Jared McCain,37,623.0,16.83783783783784,89.0,2.4054054054054053,231.0,6.243243243243243,45.0,1.2162162162162162,119.0,3.2162162162162162,22.0,0.5945945945945946,25.0,0.6756756756756757,62.0,1.6756756756756757,75.0,2.027027027027027,30.0,0.8108108108108109,245.0,6.621621621621622,257.5,0.11216216216216215,119.0,0.013513513513513514,62.0,75.0,30.0,623.0,0.3852813852813853,0.37815126050420167,0.88,0.029938518490959153,0.0009793588302829683,0.04272890484739677,0.0005629825071121325,0.031762295081967214,0.021234428086070217,0.028708133971291867,0.03210181893131344,13,0.0,0.0,0.0,0.02
PHI,1630699.0,MarJon Beauchamp,14,196.0,14.0,33.0,2.357142857142857,76.0,5.428571428571429,16.0,1.1428571428571428,47.0,3.357142857142857,13.0,0.9285714285714286,19.0,1.3571428571428572,15.0,1.0714285714285714,32.0,2.2857142857142856,13.0,0.9285714285714286,95.0,6.785714285714286,88.11,0.11155714285714285,47.0,0.027142857142857146,15.0,32.0,13.0,196.0,0.4342105263157895,0.3404255319148936,0.6842105263157895,0.010244205298013245,0.0009740760237870875,0.01687612208258528,0.0011307905785709405,0.007684426229508197,0.009060022650056626,0.012440191387559809,0.010099448652548049,14,0.0,0.0,0.0,0.02
PHI,1631207.0,Dalen Terry,14,173.0,12.357142857142858,23.0,1.6428571428571428,53.0,3.7857142857142856,5.0,0.35714285714285715,20.0,1.4285714285714286,7.0,0.5,13.0,0.9285714285714286,23.0,1.6428571428571428,22.0,1.5714285714285714,5.0,0.35714285714285715,58.0,4.142857142857143,64.47,0.07068571428571428,20.0,0.018571428571428572,23.0,22.0,5.0,173.0,0.4339622641509434,0.25,0.5384615384615384,0.007495674901406355,0.0006172017115761953,0.00718132854578097,0.0007736988169169593,0.0117827868852459,0.00622876557191393,0.004784688995215311,0.008914309269851085,15,0.0,0.0,0.0,0.02
PHI,200768.0,Kyle Lowry,14,117.0,8.357142857142858,4.0,0.2857142857142857,25.0,1.7857142857142858,4.0,0.2857142857142857,25.0,1.7857142857142858,5.0,0.35714285714285715,6.0,0.42857142857142855,11.0,0.7857142857142857,9.0,0.6428571428571429,4.0,0.2857142857142857,17.0,1.2142857142857142,30.39,0.024442857142857145,25.0,0.008571428571428572,11.0,9.0,4.0,117.0,0.16,0.16,0.8333333333333334,0.0035333265123893153,0.00021342605669096002,0.008976660682226212,0.00035709176165398123,0.0056352459016393444,0.002548131370328426,0.003827751196172249,0.0060287525119802135,16,0.0,0.0,0.0,0.02
PHI,1631213.0,Tyrese Martin,9,80.0,8.88888888888889,9.0,1.0,22.0,2.4444444444444446,2.0,0.2222222222222222,13.0,1.4444444444444444,0.0,0.0,2.0,0.2222222222222222,9.0,1.0,10.0,1.1111111111111112,7.0,0.7777777777777778,20.0,2.2222222222222223,25.13,0.03937777777777778,13.0,0.0044444444444444444,9.0,10.0,7.0,80.0,0.4090909090909091,0.15384615384615385,0.0,0.0029217668725351593,0.0003438323017331863,0.00466786355475763,0.00018515869122799026,0.004610655737704918,0.0028312570781426952,0.0066985645933014355,0.0041222239398155305,17,0.0,0.0,0.0,0.02
PHI,1641780.0,Johni Broome,11,55.0,5.0,4.0,0.36363636363636365,24.0,2.1818181818181817,0.0,0.0,5.0,0.45454545454545453,2.0,0.18181818181818182,6.0,0.5454545454545454,4.0,0.36363636363636365,16.0,1.4545454545454546,3.0,0.2727272727272727,10.0,0.9090909090909091,27.64,0.02301818181818182,5.0,0.010909090909090908,4.0,16.0,3.0,55.0,0.16666666666666666,0.0,0.3333333333333333,0.003213594761514994,0.00020098631469053587,0.0017953321364452424,0.00045448042392324877,0.0020491803278688526,0.004530011325028313,0.0028708133971291866,0.002834028958623177,18,0.0,0.0,0.0,0.02
PHI,1629646.0,Charles Bassey,1,5.0,5.0,1.0,1.0,1.0,1.0,0.0,0.0,0.0,0.0,0.0,0.0,0.0,0.0,0.0,0.0,0.0,0.0,0.0,0.0,2.0,2.0,1.0,0.028999999999999998,0.0,0.0,0.0,0.0,0.0,5.0,1.0,0.35,0.77,0.00011626609122702583,0.00025321735539605425,0.0,0.0,0.0,0.0,0.0,0.00025763899623847065,19,0.0,0.0,0.0,0.02
PHI,1631116.0,Patrick Baldwin Jr.,1,2.0,2.0,0.0,0.0,0.0,0.0,0.0,0.0,0.0,0.0,0.0,0.0,0.0,0.0,0.0,0.0,1.0,1.0,0.0,0.0,0.0,0.0,0.0,0.0,0.0,0.0,0.0,1.0,0.0,2.0,0.45,0.35,0.77,0.0,0.0,0.0,0.0,0.0,0.00028312570781426955,0.0,0.00010305559849538827,20,0.0,0.0,0.0,0.02
PHX,1631221.0,Collin Gillespie,80,2278.0,28.475,352.0,4.4,842.0,10.525,232.0,2.9,578.0,7.225,76.0,0.95,87.0,1.0875,371.0,4.6375,327.0,4.0875,125.0,1.5625,1012.0,12.65,973.03,13.9782697147651,578.0,1.0400587248322146,371.0,327.0,125.0,2278.0,0.4180522565320665,0.4013840830449827,0.8735632183908046,0.11345356942141631,0.11180783956428214,0.17346938775510204,0.04760943611003877,0.18421052631578946,0.09337521416333523,0.11343012704174228,0.11637886992949831,1,28.475,28.475,28.5,0.9563758389261745
PHX,1626220.0,Royce O'Neale,78,2213.0,28.371794871794872,263.0,3.371794871794872,625.0,8.012820512820513,212.0,2.717948717948718,520.0,6.666666666666667,27.0,0.34615384615384615,38.0,0.48717948717948717,208.0,2.6666666666666665,372.0,4.769230769230769,103.0,1.3205128205128205,765.0,9.807692307692308,693.72,11.62818964033729,520.0,0.4642918602650146,208.0,372.0,103.0,2213.0,0.4208,0.4076923076923077,0.7105263157894737,0.08088651961298719,0.09301027868682298,0.15606242496998798,0.02125329380921664,0.10327706057596822,0.10622501427755568,0.09346642468239565,0.11305813834678656,2,28.371794871794872,28.371794871794872,28.4,0.9530201342281879
PHX,1626164.0,Devin Booker,64,2148.0,33.5625,546.0,8.53125,1198.0,18.71875,122.0,1.90625,370.0,5.78125,454.0,7.09375,520.0,8.125,386.0,6.03125,248.0,3.875,201.0,3.140625,1668.0,26.0625,1523.3,25.6809375,370.0,8.125,386.0,248.0,201.0,2148.0,0.4557595993322204,0.32972972972972975,0.8730769230769231,0.1776140738719705,0.20541384580864117,0.11104441776710684,0.3719277182703977,0.1916583912611718,0.07081667618503712,0.1823956442831216,0.1097374067640748,3,33.5625,0.0,29.8,1.0
PHX,1642345.0,Oso Ighodaro,82,1810.0,22.073170731707318,239.0,2.9146341463414633,366.0,4.463414634146342,0.0,0.0,1.0,0.012195121951219513,53.0,0.6463414634146342,117.0,1.4268292682926829,185.0,2.2560975609756095,418.0,5.097560975609756,101.0,1.2317073170731707,531.0,6.475609756097561,463.73,5.326313635619578,1.0,0.9384514650515633,185.0,418.0,101.0,1810.0,0.6530054644808743,0.0,0.452991452991453,0.05407009418804496,0.042603529091397974,0.00030012004801920766,0.042958290720509516,0.09185700099304867,0.11936036550542548,0.09165154264972777,0.09246960253397364,4,22.073170731707318,0.0,19.6,0.6577181208053692
PHX,1628415.0,Dillon Brooks,56,1702.0,30.392857142857142,417.0,7.446428571428571,959.0,17.125,127.0,2.267857142857143,369.0,6.589285714285714,170.0,3.0357142857142856,202.0,3.607142857142857,99.0,1.7678571428571428,203.0,3.625,98.0,1.75,1131.0,20.196428571428573,1072.63,18.887218360498565,369.0,3.268216682646213,99.0,203.0,98.0,1702.0,0.4348279457768509,0.34417344173441733,0.8415841584158416,0.1250667524829592,0.15107299568240407,0.11074429771908763,0.14960496905721288,0.049155908639523335,0.05796687607081668,0.08892921960072596,0.08695207928885255,5,30.392857142857142,0.0,27.0,0.9060402684563759
PHX,1630692.0,Jordan Goodwin,70,1576.0,22.514285714285716,229.0,3.2714285714285714,555.0,7.928571428571429,112.0,1.6,302.0,4.314285714285714,39.0,0.5571428571428572,56.0,0.8,151.0,2.157142857142857,341.0,4.871428571428571,68.0,0.9714285714285714,609.0,8.7,617.39,6.906136145733462,302.0,0.5369127516778524,151.0,341.0,68.0,1576.0,0.4126126126126126,0.3708609271523179,0.6964285714285714,0.07198657721250959,0.055240038856571215,0.09063625450180073,0.02457756734053222,0.0749751737835154,0.09737292975442605,0.06170598911070781,0.0805149688362113,6,22.514285714285716,0.0,20.0,0.6711409395973155
PHX,1628960.0,Grayson Allen,51,1469.0,28.80392156862745,269.0,5.2745098039215685,667.0,13.07843137254902,159.0,3.1176470588235294,455.0,8.92156862745098,144.0,2.823529411764706,168.0,3.2941176470588234,195.0,3.823529411764706,155.0,3.0392156862745097,83.0,1.6274509803921569,841.0,16.49019607843137,789.67,14.918510330306617,455.0,2.8298460323726804,195.0,155.0,83.0,1469.0,0.4032983508245877,0.34945054945054943,0.8571428571428571,0.0920741191587205,0.11932853232808281,0.13655462184873948,0.12953823727715802,0.0968222442899702,0.0442604226156482,0.07531760435571688,0.07504853376928579,7,28.80392156862745,0.0,25.6,0.8590604026845637
PHX,1631109.0,Mark Williams,60,1415.0,23.583333333333332,282.0,4.7,438.0,7.3,1.0,0.016666666666666666,1.0,0.016666666666666666,135.0,2.25,175.0,2.9166666666666665,58.0,0.9666666666666667,477.0,7.95,65.0,1.0833333333333333,700.0,11.666666666666666,529.5,8.613067673378074,1.0,2.045581655480984,58.0,477.0,65.0,1415.0,0.6438356164383562,1.0,0.7714285714285715,0.061738759348262576,0.06889325418897482,0.00030012004801920766,0.09363797140416309,0.028798411122144985,0.1362078812107367,0.05898366606170599,0.07228977214672525,8,23.583333333333332,0.0,20.9,0.7013422818791946
PHX,1642346.0,Ryan Dunn,70,1356.0,19.37142857142857,164.0,2.342857142857143,362.0,5.171428571428572,56.0,0.8,169.0,2.414285714285714,23.0,0.32857142857142857,47.0,0.6714285714285714,102.0,1.457142857142857,297.0,4.242857142857143,56.0,0.8,407.0,5.814285714285714,408.18,4.29150719079578,169.0,0.38753595397890694,102.0,297.0,56.0,1356.0,0.4530386740331492,0.33136094674556216,0.48936170212765956,0.04759306287209409,0.03432643361936453,0.0507202881152461,0.01773973699829129,0.0506454816285998,0.08480868075385493,0.050816696914700546,0.06927556963318689,9,19.37142857142857,0.0,17.2,0.5771812080536912
PHX,1630224.0,Jalen Green,32,829.0,25.90625,216.0,6.75,512.0,16.0,71.0,2.21875,227.0,7.09375,65.0,2.03125,87.0,2.71875,91.0,2.84375,116.0,3.625,72.0,2.25,568.0,17.75,573.03,14.20061870805369,227.0,2.0983640939597317,91.0,116.0,72.0,829.0,0.421875,0.31277533039647576,0.7471264367816092,0.06681428001762965,0.11358634012809876,0.06812725090036015,0.09605412548516595,0.0451837140019861,0.03312392918332382,0.06533575317604355,0.042352099724123835,10,25.90625,0.0,23.0,0.7718120805369127
PHX,1642853.0,Rasheer Fleming,55,677.0,12.309090909090909,87.0,1.5818181818181818,215.0,3.909090909090909,45.0,0.8181818181818182,130.0,2.3636363636363638,19.0,0.34545454545454546,34.0,0.6181818181818182,16.0,0.2909090909090909,124.0,2.2545454545454544,29.0,0.5272727272727272,238.0,4.327272727272727,233.96,0.07283272727272727,130.0,0.012363636363636363,16.0,124.0,29.0,677.0,0.4046511627906977,0.34615384615384615,0.5588235294117647,0.02727932037227481,0.0005825663728134074,0.039015606242496996,0.0005659543461233464,0.007944389275074478,0.03540833809251856,0.02631578947368421,0.034586696638397876,11,0.0,0.0,0.0,0.02
PHX,1631123.0,Jamaree Bouyea,46,644.0,14.0,108.0,2.347826086956522,236.0,5.130434782608695,23.0,0.5,78.0,1.6956521739130435,24.0,0.5217391304347826,35.0,0.7608695652173914,82.0,1.7826086956521738,82.0,1.7826086956521738,30.0,0.6521739130434783,263.0,5.717391304347826,271.9,0.09593478260869566,78.0,0.015217391304347827,82.0,82.0,30.0,644.0,0.4576271186440678,0.2948717948717949,0.6857142857142857,0.031703056972223975,0.0007673525408668637,0.0234093637454982,0.0006965870308743235,0.0407149950347567,0.023415191319246145,0.02722323049001815,0.03290078675794421,12,0.0,0.0,0.0,0.02
PHX,1642863.0,Khaman Maluach,46,410.0,8.91304347826087,56.0,1.2173913043478262,105.0,2.282608695652174,5.0,0.10869565217391304,21.0,0.45652173913043476,22.0,0.4782608695652174,31.0,0.6739130434782609,6.0,0.13043478260869565,133.0,2.891304347826087,25.0,0.5434782608695652,139.0,3.0217391304347827,120.14,0.04915652173913044,21.0,0.013478260869565217,6.0,133.0,25.0,410.0,0.5333333333333333,0.23809523809523808,0.7096774193548387,0.01400811057242732,0.00039318775558761665,0.0063025210084033615,0.0006169770844886864,0.0029791459781529296,0.03797829811536265,0.022686025408348458,0.020946153060181875,13,0.0,0.0,0.0,0.02
PHX,1630587.0,Isaiah Livers,36,349.0,9.694444444444445,22.0,0.6111111111111112,64.0,1.7777777777777777,12.0,0.3333333333333333,40.0,1.1111111111111112,9.0,0.25,12.0,0.3333333333333333,21.0,0.5833333333333334,61.0,1.6944444444444444,12.0,0.3333333333333333,65.0,1.8055555555555556,74.53,0.03128888888888889,40.0,0.006666666666666666,21.0,61.0,12.0,349.0,0.34375,0.3,0.75,0.008690065598160547,0.00025027010784734507,0.012004801920768308,0.0003051714611449417,0.010427010923535254,0.017418617932609938,0.010889292196007259,0.017829774190252376,14,0.0,0.0,0.0,0.02
PHX,1630208.0,Nick Richards,27,256.0,9.481481481481481,35.0,1.2962962962962963,71.0,2.6296296296296298,0.0,0.0,0.0,0.0,19.0,0.7037037037037037,28.0,1.037037037037037,8.0,0.2962962962962963,91.0,3.3703703703703702,25.0,0.9259259259259259,89.0,3.2962962962962963,85.32,0.054985185185185186,0.0,0.02074074074074074,8.0,91.0,25.0,256.0,0.49295774647887325,0.35,0.6785714285714286,0.009948160429827692,0.00043980942484631686,0.0,0.0009494223235620409,0.003972194637537239,0.025985151342090233,0.022686025408348458,0.01307857361806478,15,0.0,0.0,0.0,0.02
PHX,1629599.0,Amir Coffey,16,226.0,14.125,29.0,1.8125,58.0,3.625,10.0,0.625,24.0,1.5,9.0,0.5625,13.0,0.8125,16.0,1.0,31.0,1.9375,5.0,0.3125,77.0,4.8125,67.72,0.0776625,24.0,0.01625,16.0,31.0,5.0,226.0,0.5,0.4166666666666667,0.6923076923076923,0.00789603169606108,0.0006211982253417967,0.007202881152460984,0.0007438554365407955,0.007944389275074478,0.00885208452312964,0.004537205081669692,0.011545928272197813,16,0.0,0.0,0.0,0.02
PHX,1629312.0,Haywood Highsmith,6,91.0,15.166666666666666,12.0,2.0,23.0,3.8333333333333335,8.0,1.3333333333333333,14.0,2.3333333333333335,6.0,1.0,7.0,1.1666666666666667,7.0,1.1666666666666667,13.0,2.1666666666666665,0.0,0.0,38.0,6.333333333333333,27.83,0.09773333333333334,14.0,0.023333333333333334,7.0,13.0,0.0,91.0,0.5217391304347826,0.5714285714285714,0.8571428571428571,0.003244928560268456,0.0007817385897106703,0.004201680672268907,0.001068100114007296,0.003475670307845084,0.0037121644774414622,0.0,0.004649024215796465,17,0.0,0.0,0.0,0.02
PHX,1642886.0,Koby Brea,12,85.0,7.083333333333333,15.0,1.25,36.0,3.0,13.0,1.0833333333333333,30.0,2.5,2.0,0.16666666666666666,2.0,0.16666666666666666,10.0,0.8333333333333334,8.0,0.6666666666666666,4.0,0.3333333333333333,45.0,3.75,39.38,0.06036666666666667,30.0,0.003333333333333333,10.0,8.0,4.0,85.0,0.4166666666666667,0.43333333333333335,1.0,0.004591638041802796,0.000482854224408603,0.00900360144057623,0.00015258573057247085,0.004965243296921549,0.002284408909194746,0.003629764065335753,0.004342495146623071,18,0.0,0.0,0.0,0.02
PHX,1643047.0,CJ Huntley,4,40.0,10.0,6.0,1.5,11.0,2.75,0.0,0.0,3.0,0.75,0.0,0.0,0.0,0.0,2.0,0.5,5.0,1.25,0.0,0.0,12.0,3.0,11.5,0.049749999999999996,3.0,0.0,2.0,5.0,0.0,40.0,0.5454545454545454,0.0,0.77,0.0013408795703588662,0.0003979348039369629,0.000900360144057623,0.0,0.0009930486593843098,0.0014277555682467161,0.0,0.0020435271278226217,19,0.0,0.0,0.0,0.02
POR,1641739.0,Toumani Camara,82,2729.0,33.28048780487805,392.0,4.780487804878049,891.0,10.865853658536585,219.0,2.6707317073170733,592.0,7.219512195121951,97.0,1.1829268292682926,137.0,1.670731707317073,201.0,2.451219512195122,421.0,5.134146341463414,144.0,1.7560975609756098,1100.0,13.414634146341463,1001.53,15.944024390243902,592.0,1.670731707317073,201.0,421.0,144.0,2729.0,0.4399551066217733,0.36993243243243246,0.708029197080292,0.11522315116387427,0.1399154403825388,0.17494089834515367,0.06887404229454828,0.09828850855745722,0.11335487345180398,0.10786516853932585,0.14059763008758372,1,33.28048780487805,33.28048780487805,33.3,1.0
POR,1630166.0,Deni Avdija,66,2201.0,33.34848484848485,492.0,7.454545454545454,1064.0,16.12121212121212,125.0,1.893939393939394,393.0,5.954545454545454,489.0,7.409090909090909,610.0,9.242424242424242,442.0,6.696969696969697,454.0,6.878787878787879,253.0,3.8333333333333335,1598.0,24.21212121212121,1442.9,24.569242424242418,393.0,9.242424242424242,442.0,454.0,253.0,2201.0,0.462406015037594,0.31806615776081426,0.8016393442622951,0.1660015025155055,0.2156053132831821,0.11613475177304965,0.38100858168251556,0.21613691931540344,0.12224017232094776,0.1895131086142322,0.11339515713549717,2,33.34848484848485,33.34848484848485,33.3,1.0
POR,1642270.0,Donovan Clingan,77,2093.0,27.181818181818183,356.0,4.623376623376624,684.0,8.883116883116884,84.0,1.0909090909090908,246.0,3.1948051948051948,138.0,1.7922077922077921,203.0,2.6363636363636362,162.0,2.103896103896104,892.0,11.584415584415584,95.0,1.2337662337662338,934.0,12.12987012987013,813.82,9.64951444951445,246.0,1.9000819000819003,162.0,892.0,95.0,2093.0,0.52046783625731,0.34146341463414637,0.6798029556650246,0.09362765456869407,0.08467849964577434,0.0726950354609929,0.07832874696530227,0.07921760391198043,0.24017232094776522,0.07116104868913857,0.10783101494075219,3,27.181818181818183,0.0,24.0,0.7207207207207208
POR,203924.0,Jerami Grant,57,1697.0,29.771929824561404,331.0,5.807017543859649,730.0,12.807017543859649,136.0,2.3859649122807016,350.0,6.140350877192983,262.0,4.5964912280701755,322.0,5.649122807017544,122.0,2.1403508771929824,198.0,3.473684210526316,119.0,2.087719298245614,1060.0,18.596491228070175,902.1800000000001,14.947603129445236,350.0,4.461619514251093,122.0,198.0,119.0,1697.0,0.4534246575342466,0.38857142857142857,0.8136645962732919,0.10379321889211916,0.13117142970500387,0.10342789598108747,0.18392526447000268,0.05965770171149144,0.05331179321486268,0.08913857677902622,0.08742916022668727,4,29.771929824561404,0.0,26.3,0.7897897897897899
POR,201950.0,Jrue Holiday,53,1558.0,29.39622641509434,320.0,6.037735849056604,709.0,13.377358490566039,137.0,2.5849056603773586,362.0,6.830188679245283,88.0,1.6603773584905661,105.0,1.9811320754716981,322.0,6.0754716981132075,245.0,4.622641509433962,146.0,2.7547169811320753,865.0,16.32075471698113,835.7,13.472151396679697,362.0,1.5468298487166412,322.0,245.0,146.0,1558.0,0.4513399153737659,0.3784530386740331,0.8380952380952381,0.09614488575244849,0.11822372755024617,0.10697399527186761,0.06376632702689294,0.15745721271393642,0.06596661281637049,0.10936329588014981,0.08026790314270994,5,29.39622641509434,0.0,26.0,0.7807807807807808
POR,1631101.0,Shaedon Sharpe,50,1471.0,29.42,392.0,7.84,868.0,17.36,103.0,2.06,306.0,6.12,155.0,3.1,197.0,3.94,132.0,2.64,217.0,4.34,147.0,2.94,1042.0,20.84,987.6800000000001,16.534906906906908,306.0,3.0762762762762765,132.0,217.0,147.0,1471.0,0.45161290322580644,0.3366013071895425,0.7868020304568528,0.1136297484264429,0.14510068003783153,0.09042553191489362,0.12681604199767416,0.06454767726161369,0.058427571351642435,0.1101123595505618,0.07578567748583205,6,29.42,0.0,26.0,0.7807807807807808
POR,1631321.0,Sidy Cissoko,75,1434.0,19.12,133.0,1.7733333333333334,334.0,4.453333333333333,59.0,0.7866666666666666,198.0,2.64,58.0,0.7733333333333333,88.0,1.1733333333333333,110.0,1.4666666666666666,166.0,2.2133333333333334,70.0,0.9333333333333333,383.0,5.1066666666666665,400.22,3.472061861861862,198.0,0.5954754754754755,110.0,166.0,70.0,1434.0,0.39820359281437123,0.29797979797979796,0.6590909090909091,0.0460441619909596,0.030468785831453973,0.05851063829787234,0.024547809144727453,0.05378973105134474,0.044695745826602046,0.052434456928838954,0.07387944358578052,7,19.12,0.0,16.9,0.5075075075075075
POR,1631200.0,Kris Murray,57,1337.0,23.45614035087719,129.0,2.263157894736842,276.0,4.842105263157895,34.0,0.5964912280701754,122.0,2.1403508771929824,39.0,0.6842105263157895,57.0,1.0,81.0,1.4210526315789473,206.0,3.6140350877192984,47.0,0.8245614035087719,331.0,5.807017543859649,321.33,4.916863442389758,122.0,0.6216216216216216,81.0,206.0,47.0,1337.0,0.4673913043478261,0.2786885245901639,0.6842105263157895,0.03696809397969878,0.043147520162081544,0.03605200945626478,0.025625654718389835,0.03960880195599022,0.05546580506192784,0.03520599250936329,0.06888201957753735,8,23.45614035087719,0.0,20.7,0.6216216216216216
POR,1631126.0,Caleb Love,49,1015.0,20.714285714285715,190.0,3.877551020408163,490.0,10.0,93.0,1.8979591836734695,292.0,5.959183673469388,36.0,0.7346938775510204,49.0,1.0,123.0,2.510204081632653,114.0,2.326530612244898,62.0,1.2653061224489797,509.0,10.387755102040817,542.31,6.367989520132378,292.0,0.5495495495495496,123.0,114.0,62.0,1015.0,0.3877551020408163,0.3184931506849315,0.7346938775510204,0.062391208558586014,0.05588175458423793,0.08628841607565012,0.022654564316257685,0.060146699266503664,0.030694668820678513,0.04644194756554307,0.05229263266357548,9,20.714285714285715,0.0,18.3,0.5495495495495496
POR,1629057.0,Robert Williams III,59,1008.0,17.084745762711865,177.0,3.0,250.0,4.237288135593221,9.0,0.15254237288135594,23.0,0.3898305084745763,34.0,0.576271186440678,57.0,0.9661016949152542,60.0,1.0169491525423728,415.0,7.033898305084746,49.0,0.8305084745762712,397.0,6.728813559322034,290.08,3.3863365908281167,23.0,0.43808214994655675,60.0,415.0,49.0,1008.0,0.708,0.391304347826087,0.5964912280701754,0.03337287119668572,0.029716510950594018,0.0067966903073286055,0.018059445685841426,0.029339853300733496,0.11173936456650511,0.03670411985018727,0.05193199381761979,10,17.084745762711865,0.0,15.1,0.4534534534534535
POR,1630703.0,Scoot Henderson,30,747.0,24.9,143.0,4.766666666666667,342.0,11.4,57.0,1.9,162.0,5.4,84.0,2.8,100.0,3.3333333333333335,112.0,3.7333333333333334,80.0,2.6666666666666665,73.0,2.433333333333333,427.0,14.233333333333333,414.0,0.23513333333333333,162.0,0.06666666666666667,112.0,80.0,73.0,747.0,0.41812865497076024,0.35185185185185186,0.84,0.047629511429357035,0.002063392721732054,0.047872340425531915,0.002748258621972243,0.05476772616136919,0.021540118470651588,0.05468164794007491,0.03848531684698609,11,0.0,0.0,0.0,0.02
POR,1641712.0,Rayan Rupert,48,577.0,12.020833333333334,53.0,1.1041666666666667,147.0,3.0625,22.0,0.4583333333333333,71.0,1.4791666666666667,9.0,0.1875,14.0,0.2916666666666667,34.0,0.7083333333333334,86.0,1.7916666666666667,28.0,0.5833333333333334,137.0,2.8541666666666665,161.66,0.05020416666666667,71.0,0.005833333333333334,34.0,86.0,28.0,577.0,0.36054421768707484,0.30985915492957744,0.6428571428571429,0.01859851888326053,0.0004405624274197179,0.02098108747044917,0.0002404726294225713,0.016625916870415647,0.023155627355950458,0.020973782771535582,0.029726944873776404,12,0.0,0.0,0.0,0.02
POR,1629680.0,Matisse Thybulle,30,481.0,16.033333333333335,58.0,1.9333333333333333,134.0,4.466666666666667,37.0,1.2333333333333334,93.0,3.1,21.0,0.7,25.0,0.8333333333333334,27.0,0.9,59.0,1.9666666666666666,28.0,0.9333333333333333,174.0,5.8,151.75,0.09376666666666666,93.0,0.016666666666666666,27.0,59.0,28.0,481.0,0.43283582089552236,0.3978494623655914,0.84,0.017458401834311424,0.0008228414695537665,0.0274822695035461,0.0006870646554930608,0.013202933985330073,0.015885837372105548,0.020973782771535582,0.02478104070066976,13,0.0,0.0,0.0,0.02
POR,1630249.0,Vít Krejčí,19,364.0,19.157894736842106,49.0,2.5789473684210527,121.0,6.368421052631579,27.0,1.4210526315789473,89.0,4.684210526315789,11.0,0.5789473684210527,15.0,0.7894736842105263,32.0,1.6842105263157894,51.0,2.6842105263157894,11.0,0.5789473684210527,136.0,7.157894736842105,135.6,0.11947368421052632,89.0,0.015789473684210527,32.0,51.0,11.0,364.0,0.4049586776859504,0.30337078651685395,0.7333333333333333,0.015600390700050275,0.0010484312323724718,0.026300236406619385,0.0006509033578355314,0.015647921760391197,0.013731825525040387,0.008239700374531835,0.01875321998969603,14,0.0,0.0,0.0,0.02
POR,1631104.0,Blake Wesley,31,363.0,11.709677419354838,56.0,1.8064516129032258,124.0,4.0,10.0,0.3225806451612903,36.0,1.1612903225806452,26.0,0.8387096774193549,47.0,1.5161290322580645,62.0,2.0,39.0,1.2580645161290323,31.0,1.0,148.0,4.774193548387097,160.18,0.08062580645161291,36.0,0.03032258064516129,62.0,39.0,31.0,363.0,0.45161290322580644,0.2777777777777778,0.5531914893617021,0.01842824913225703,0.000707524959807352,0.010638297872340425,0.0012500144054776979,0.030317848410757946,0.01050080775444265,0.023220973782771534,0.018701700154559506,15,0.0,0.0,0.0,0.02
POR,1642905.0,Yang Hansen,43,301.0,7.0,31.0,0.7209302325581395,100.0,2.3255813953488373,5.0,0.11627906976744186,42.0,0.9767441860465116,28.0,0.6511627906976745,34.0,0.7906976744186046,22.0,0.5116279069767442,66.0,1.5348837209302326,32.0,0.7441860465116279,95.0,2.2093023255813953,120.46000000000001,0.039879069767441856,42.0,0.01581395348837209,22.0,66.0,32.0,301.0,0.31,0.11904761904761904,0.8235294117647058,0.013858577166136109,0.00034995541100475334,0.012411347517730497,0.0006519125103282995,0.010757946210268949,0.017770597738287562,0.02397003745318352,0.015507470376094797,16,0.0,0.0,0.0,0.02
POR,1643257.0,Jayson Kent,5,23.0,4.6,4.0,0.8,7.0,1.4,1.0,0.2,4.0,0.8,1.0,0.2,1.0,0.2,0.0,0.0,5.0,1.0,0.0,0.0,10.0,2.0,7.44,0.03144,4.0,0.004,0.0,5.0,0.0,23.0,0.5714285714285714,0.25,1.0,0.0008559506401797497,0.00027589906650661664,0.001182033096926714,0.0001648955173183346,0.0,0.0013462574044157242,0.0,0.0011849562081401338,17,0.0,0.0,0.0,0.02
POR,1642959.0,Chris Youngblood,2,11.0,5.5,2.0,1.0,3.0,1.5,2.0,1.0,3.0,1.5,0.0,0.0,0.0,0.0,1.0,0.5,0.0,0.0,0.0,0.0,6.0,3.0,3.25,0.0435,3.0,0.0,1.0,0.0,0.0,11.0,0.6666666666666666,0.6666666666666666,0.77,0.0003739031694333584,0.0003817305786589638,0.0008865248226950354,0.0,0.0004889975550122249,0.0,0.0,0.0005667181865018032,18,0.0,0.0,0.0,0.02
SAC,201942.0,DeMar DeRozan,77,2411.0,31.31168831168831,499.0,6.48051948051948,1005.0,13.051948051948052,47.0,0.6103896103896104,147.0,1.9090909090909092,374.0,4.857142857142857,431.0,5.597402597402597,316.0,4.103896103896104,226.0,2.935064935064935,96.0,1.2467532467532467,1419.0,18.428571428571427,1273.64,19.630844155844155,147.0,5.597402597402597,316.0,226.0,96.0,2411.0,0.49651741293532337,0.3197278911564626,0.8677494199535963,0.14781030368864256,0.17614265347651045,0.05965909090909091,0.2654458825675267,0.15105162523900573,0.06541244573082489,0.0854853072128228,0.12254752465182474,1,31.31168831168831,31.31168831168831,31.3,1.0
SAC,1642875.0,Maxime Raynaud,74,1968.0,26.594594594594593,383.0,5.175675675675675,671.0,9.067567567567568,24.0,0.32432432432432434,74.0,1.0,132.0,1.7837837837837838,168.0,2.27027027027027,100.0,1.3513513513513513,556.0,7.513513513513513,94.0,1.2702702702702702,922.0,12.45945945945946,769.92,11.882719108885244,74.0,1.9293670667472584,100.0,556.0,94.0,1968.0,0.5707898658718331,0.32432432432432434,0.7857142857142857,0.08935186474667856,0.1066206658123754,0.030032467532467532,0.09149646374679202,0.04780114722753346,0.1609261939218524,0.08370436331255565,0.10003049710277524,2,26.594594594594593,26.594594594594593,26.6,0.8498402555910544
SAC,1642363.0,Nique Clifford,75,1882.0,25.093333333333334,249.0,3.32,596.0,7.946666666666666,77.0,1.0266666666666666,231.0,3.08,70.0,0.9333333333333333,97.0,1.2933333333333332,179.0,2.3866666666666667,282.0,3.76,116.0,1.5466666666666666,645.0,8.6,683.43,7.576252822151225,231.0,0.9214483493077742,179.0,282.0,116.0,1882.0,0.41778523489932884,0.3333333333333333,0.7216494845360825,0.07931440269615353,0.06797982118895957,0.09375,0.043697887737411234,0.0855640535372849,0.08162083936324167,0.10329474621549421,0.09565924570499136,3,25.093333333333334,0.0,22.3,0.7124600638977636
SAC,201566.0,Russell Westbrook,64,1853.0,28.953125,358.0,5.59375,839.0,13.109375,128.0,2.0,379.0,5.921875,127.0,1.984375,183.0,2.859375,426.0,6.65625,348.0,5.4375,209.0,3.265625,971.0,15.171875,1026.02,13.588977635782749,379.0,2.3477935303514377,426.0,348.0,209.0,1853.0,0.4266984505363528,0.33773087071240104,0.6939890710382514,0.11907315080448246,0.12193049671209122,0.15381493506493507,0.11133952130576782,0.20363288718929254,0.10072358900144718,0.1861086375779163,0.09418521907085493,4,28.953125,0.0,25.7,0.8210862619808307
SAC,1630173.0,Precious Achiuwa,73,1749.0,23.958904109589042,316.0,4.328767123287672,598.0,8.191780821917808,27.0,0.3698630136986301,97.0,1.3287671232876712,77.0,1.0547945205479452,139.0,1.904109589041096,101.0,1.3835616438356164,492.0,6.739726027397261,65.0,0.8904109589041096,736.0,10.082191780821917,684.41,7.8270438531226745,97.0,1.2957678673027266,101.0,492.0,65.0,1749.0,0.5284280936454849,0.27835051546391754,0.5539568345323741,0.07942813506763595,0.07023010636838063,0.03936688311688312,0.061449259572363545,0.0482791586998088,0.14240231548480464,0.0578806767586821,0.08889905458981397,5,23.958904109589042,0.0,21.3,0.6805111821086262
SAC,1628370.0,Malik Monk,62,1363.0,21.983870967741936,277.0,4.467741935483871,632.0,10.193548387096774,124.0,2.0,314.0,5.064516129032258,94.0,1.5161290322580645,107.0,1.7258064516129032,185.0,2.9838709677419355,117.0,1.8870967741935485,91.0,1.467741935483871,772.0,12.451612903225806,725.33,8.182644542924868,314.0,1.0751829331134701,185.0,117.0,91.0,1363.0,0.43829113924050633,0.39490445859872614,0.8785046728971962,0.08417704184422845,0.07342082239580061,0.12743506493506493,0.050988450023995886,0.08843212237093691,0.03386396526772793,0.08103294746215495,0.06927925180441191,6,21.983870967741936,0.0,19.5,0.6230031948881789
SAC,203897.0,Zach LaVine,39,1226.0,31.435897435897434,262.0,6.717948717948718,547.0,14.025641025641026,99.0,2.5384615384615383,254.0,6.512820512820513,125.0,3.2051282051282053,142.0,3.641025641025641,89.0,2.282051282051282,108.0,2.769230769230769,74.0,1.8974358974358974,748.0,19.17948717948718,631.73,17.470583681494222,254.0,3.2455148685180633,89.0,108.0,74.0,1226.0,0.4789762340036563,0.38976377952755903,0.8802816901408451,0.07331443983325442,0.1567591766819508,0.10308441558441558,0.15391220189513966,0.04254302103250478,0.03125904486251809,0.06589492430988424,0.06231574667073295,7,31.435897435897434,0.0,27.9,0.8913738019169328
SAC,203471.0,Dennis Schröder,40,1054.0,26.35,172.0,4.3,422.0,10.55,57.0,1.425,166.0,4.15,109.0,2.725,133.0,3.325,211.0,5.275,122.0,3.05,79.0,1.975,510.0,12.75,533.27,10.5885,166.0,2.485782747603834,211.0,122.0,79.0,1054.0,0.4075829383886256,0.3433734939759036,0.8195488721804511,0.061887818102479834,0.0950079615287858,0.06737012987012987,0.11788339034519722,0.10086042065009561,0.035311143270622285,0.07034728406055209,0.05357324387516519,8,26.35,0.0,23.4,0.7476038338658146
SAC,1642928.0,Dylan Cardwell,44,911.0,20.704545454545453,105.0,2.3863636363636362,179.0,4.068181818181818,2.0,0.045454545454545456,4.0,0.09090909090909091,26.0,0.5909090909090909,51.0,1.1590909090909092,62.0,1.4090909090909092,332.0,7.545454545454546,39.0,0.8863636363636364,238.0,5.409090909090909,216.94,4.203194888178913,4.0,0.6813825152483299,62.0,332.0,39.0,911.0,0.5865921787709497,0.5,0.5098039215686274,0.025176633336118616,0.037714216200036954,0.0016233766233766235,0.03231323457242555,0.029636711281070746,0.09609261939218523,0.034728406055209264,0.04630476771373386,9,20.704545454545453,0.0,18.4,0.5878594249201278
SAC,1631342.0,Daeqwon Plowden,32,843.0,26.34375,120.0,3.75,279.0,8.71875,62.0,1.9375,186.0,5.8125,42.0,1.3125,49.0,1.53125,41.0,1.28125,97.0,3.03125,26.0,0.8125,344.0,10.75,310.81,9.20160143769968,186.0,1.1447683706070286,41.0,97.0,26.0,843.0,0.43010752688172044,0.3333333333333333,0.8571428571428571,0.036070569775970444,0.08256366769572566,0.07548701298701299,0.054288403448446085,0.01959847036328872,0.028075253256150505,0.02315227070347284,0.04284842939920708,10,26.34375,0.0,23.4,0.7476038338658146
SAC,1631099.0,Keegan Murray,23,795.0,34.56521739130435,126.0,5.478260869565218,300.0,13.043478260869565,31.0,1.3478260869565217,112.0,4.869565217391305,38.0,1.6521739130434783,49.0,2.130434782608696,38.0,1.6521739130434783,132.0,5.739130434782608,27.0,1.173913043478261,321.0,13.956521739130435,331.06,0.23738260869565217,112.0,0.042608695652173914,38.0,132.0,27.0,795.0,0.42,0.2767857142857143,0.7755102040816326,0.03842065194180617,0.0021299747607838064,0.045454545454545456,0.0020206341469328724,0.018164435946462717,0.038205499276410995,0.02404274265360641,0.040408661177188165,11,0.0,0.0,0.0,0.02
SAC,1631165.0,Keon Ellis,43,755.0,17.558139534883722,83.0,1.930232558139535,209.0,4.8604651162790695,53.0,1.2325581395348837,144.0,3.3488372093023258,20.0,0.46511627906976744,32.0,0.7441860465116279,26.0,0.6046511627906976,55.0,1.2790697674418605,21.0,0.4883720930232558,239.0,5.558139534883721,229.58,0.0926372093023256,144.0,0.014883720930232559,26.0,55.0,21.0,755.0,0.39712918660287083,0.3680555555555556,0.625,0.026643548821361263,0.0008312105036151889,0.05844155844155844,0.0007058313868735616,0.0124282982791587,0.015918958031837915,0.018699910952804988,0.03837552099217241,12,0.0,0.0,0.0,0.02
SAC,1642269.0,Devin Carter,38,701.0,18.44736842105263,121.0,3.1842105263157894,292.0,7.684210526315789,30.0,0.7894736842105263,114.0,3.0,67.0,1.763157894736842,94.0,2.473684210526316,101.0,2.6578947368421053,125.0,3.289473684210526,54.0,1.4210526315789473,339.0,8.921052631578947,358.61,0.1509157894736842,114.0,0.04947368421052632,101.0,125.0,54.0,701.0,0.4143835616438356,0.2631578947368421,0.7127659574468085,0.041617924221745636,0.001354129623686275,0.04626623376623377,0.0023461928172228094,0.0482791586998088,0.0361794500723589,0.04808548530721282,0.03563078174240114,13,0.0,0.0,0.0,0.02
SAC,1627734.0,Domantas Sabonis,19,565.0,29.736842105263158,120.0,6.315789473684211,221.0,11.631578947368421,5.0,0.2631578947368421,27.0,1.4210526315789473,56.0,2.9473684210526314,77.0,4.052631578947368,78.0,4.105263157894737,216.0,11.368421052631579,51.0,2.6842105263157894,301.0,15.842105263157896,274.38,0.25717894736842106,27.0,0.08105263157894736,78.0,216.0,51.0,565.0,0.5429864253393665,0.18518518518518517,0.7272727272727273,0.0318427429462719,0.0023076023551581977,0.010957792207792208,0.0038437627005565166,0.0372848948374761,0.06251808972503618,0.04541406945681211,0.028718105113347565,14,0.0,0.0,0.0,0.02
SAC,1629234.0,Drew Eubanks,42,554.0,13.19047619047619,93.0,2.2142857142857144,156.0,3.7142857142857144,1.0,0.023809523809523808,7.0,0.16666666666666666,32.0,0.7619047619047619,57.0,1.3571428571428572,19.0,0.4523809523809524,127.0,3.0238095238095237,30.0,0.7142857142857143,219.0,5.214285714285714,185.83,0.08412857142857143,7.0,0.027142857142857146,19.0,127.0,30.0,554.0,0.5961538461538461,0.14285714285714285,0.5614035087719298,0.02156621080875322,0.0007548646246170299,0.002840909090909091,0.0012871969711511157,0.009082217973231358,0.03675832127351664,0.026714158504007122,0.028158991562468233,15,0.0,0.0,0.0,0.02
SAC,203926.0,Doug McDermott,29,439.0,15.137931034482758,54.0,1.8620689655172413,139.0,4.793103448275862,48.0,1.6551724137931034,123.0,4.241379310344827,8.0,0.27586206896551724,9.0,0.3103448275862069,22.0,0.7586206896551724,37.0,1.2758620689655173,13.0,0.4482758620689655,164.0,5.655172413793103,148.46,0.0925103448275862,123.0,0.0062068965517241385,22.0,37.0,13.0,439.0,0.38848920863309355,0.3902439024390244,0.8888888888888888,0.017229293745183786,0.0008300721804215911,0.04991883116883117,0.0002943499425862806,0.010516252390057362,0.010709117221418235,0.01157613535173642,0.02231371353054793,16,0.0,0.0,0.0,0.02
SAC,1630165.0,Killian Hayes,23,405.0,17.608695652173914,42.0,1.826086956521739,138.0,6.0,17.0,0.7391304347826086,63.0,2.739130434782609,26.0,1.1304347826086956,28.0,1.2173913043478262,81.0,3.5217391304347827,54.0,2.347826086956522,28.0,1.2173913043478262,127.0,5.521739130434782,170.57,0.09893913043478261,63.0,0.024347826086956525,81.0,54.0,28.0,405.0,0.30434782608695654,0.2698412698412698,0.9285714285714286,0.019795235309955528,0.0008877560653576377,0.02556818181818182,0.0011546480839616415,0.038718929254302106,0.015629522431259046,0.024933214603739984,0.02058554437328454,17,0.0,0.0,0.0,0.02
SAC,1631116.0,Patrick Baldwin Jr.,6,89.0,14.833333333333334,8.0,1.3333333333333333,23.0,3.8333333333333335,4.0,0.6666666666666666,11.0,1.8333333333333333,3.0,0.5,5.0,0.8333333333333334,5.0,0.8333333333333334,21.0,3.5,4.0,0.6666666666666666,23.0,3.8333333333333335,26.45,0.06699999999999999,11.0,0.016666666666666666,5.0,21.0,4.0,89.0,0.34782608695652173,0.36363636363636365,0.6,0.003069613495622464,0.0006011742383178587,0.004464285714285714,0.0007903841050927903,0.002390057361376673,0.006078147612156295,0.003561887800534283,0.004523736911660059,18,0.0,0.0,0.0,0.02
SAC,1629631.0,De'Andre Hunter,2,51.0,25.5,4.0,2.0,19.0,9.5,2.0,1.0,9.0,4.5,5.0,2.5,6.0,3.0,1.0,0.5,3.0,1.5,4.0,2.0,15.0,7.5,21.89,0.1441,9.0,0.06,1.0,3.0,4.0,51.0,0.21052631578947367,0.2222222222222222,0.8333333333333334,0.002540409807908346,0.0012929732498746785,0.0036525974025974025,0.002845382778334045,0.0004780114722753346,0.0008683068017366136,0.003561887800534283,0.00259225373589509,19,0.0,0.0,0.0,0.02
SAC,1641815.0,Isaiah Stevens,3,43.0,14.333333333333334,3.0,1.0,7.0,2.3333333333333335,0.0,0.0,1.0,0.3333333333333333,4.0,1.3333333333333333,4.0,1.3333333333333333,10.0,3.3333333333333335,3.0,1.0,2.0,0.6666666666666666,10.0,3.3333333333333335,11.26,0.0546,1.0,0.026666666666666665,10.0,3.0,2.0,43.0,0.42857142857142855,0.0,1.0,0.0013067617376449508,0.0004899121404799267,0.00040584415584415587,0.0012646145681484643,0.004780114722753346,0.0008683068017366136,0.0017809439002671415,0.0021856256988919387,20,0.0,0.0,0.0,0.02
SAC,1642403.0,Isaac Jones,3,17.0,5.666666666666667,1.0,0.3333333333333333,2.0,0.6666666666666666,0.0,0.0,1.0,0.3333333333333333,1.0,0.3333333333333333,2.0,0.6666666666666666,1.0,0.3333333333333333,2.0,0.6666666666666666,0.0,0.0,3.0,1.0,3.13,0.0168,1.0,0.013333333333333332,1.0,2.0,0.0,17.0,0.5,0.0,0.5,0.0003632472681020156,0.00015074219707074667,0.00040584415584415587,0.0006323072840742322,0.0004780114722753346,0.0005788712011577424,0.0,0.0008640845786316967,21,0.0,0.0,0.0,0.02
SAS,1630577.0,Julian Champagnie,82,2267.0,27.646341463414632,301.0,3.6707317073170733,689.0,8.402439024390244,195.0,2.3780487804878048,512.0,6.2439024390243905,114.0,1.3902439024390243,135.0,1.646341463414634,127.0,1.548780487804878,473.0,5.7682926829268295,69.0,0.8414634146341463,911.0,11.109756097560975,780.15,11.652151062155783,512.0,1.4657749803304485,127.0,473.0,69.0,2267.0,0.43686502177068215,0.380859375,0.8444444444444444,0.08833930263868585,0.0987720746641131,0.1647891857096878,0.06271070101562558,0.055193394176445025,0.12266597510373443,0.0665380906460945,0.11485459519708177,1,27.646341463414632,27.646341463414632,27.6,0.8903225806451613
SAS,1628368.0,De'Aaron Fox,72,2232.0,31.0,509.0,7.069444444444445,1047.0,14.541666666666666,131.0,1.8194444444444444,395.0,5.486111111111111,187.0,2.5972222222222223,246.0,3.4166666666666665,445.0,6.180555555555555,270.0,3.75,164.0,2.2777777777777777,1336.0,18.555555555555557,1266.49,19.794583333333332,395.0,3.4166666666666665,445.0,270.0,164.0,2232.0,0.48615090735434574,0.33164556962025316,0.7601626016260162,0.14340939998573254,0.16779322998094423,0.12713228194399742,0.1461762990081081,0.1933941764450239,0.0700207468879668,0.15814850530376084,0.11308136589320093,2,31.0,31.0,31.0,1.0
SAS,1630170.0,Devin Vassell,67,2045.0,30.52238805970149,330.0,4.925373134328358,755.0,11.26865671641791,166.0,2.4776119402985075,432.0,6.447761194029851,106.0,1.5820895522388059,130.0,1.9402985074626866,167.0,2.4925373134328357,269.0,4.014925373134329,60.0,0.8955223880597015,932.0,13.91044776119403,853.95,14.453947038998555,432.0,1.7900818488204142,167.0,269.0,60.0,2045.0,0.4370860927152318,0.38425925925925924,0.8153846153846154,0.09669595268641387,0.12252212733182423,0.1390408754425491,0.07658562134111994,0.07257714037375054,0.06976141078838174,0.05785920925747348,0.1036072550410376,3,30.52238805970149,0.0,28.6,0.9225806451612903
SAS,1642264.0,Stephon Castle,68,2036.0,29.941176470588236,385.0,5.661764705882353,817.0,12.014705882352942,81.0,1.1911764705882353,244.0,3.588235294117647,282.0,4.147058823529412,384.0,5.647058823529412,502.0,7.382352941176471,362.0,5.323529411764706,217.0,3.1911764705882355,1133.0,16.66176470588235,1111.46,16.097210626185955,244.0,5.100569259962049,502.0,362.0,217.0,2036.0,0.47123623011015914,0.3319672131147541,0.734375,0.12585477319847949,0.13645162008047584,0.0785323463147731,0.21821922066022748,0.21816601477618427,0.09387966804979253,0.20925747348119575,0.10315128179146824,4,29.941176470588236,0.0,28.0,0.9032258064516129
SAS,203084.0,Harrison Barnes,77,1989.0,25.83116883116883,262.0,3.4025974025974026,575.0,7.467532467532467,139.0,1.8051948051948052,358.0,4.64935064935065,102.0,1.3246753246753247,123.0,1.5974025974025974,148.0,1.922077922077922,213.0,2.7662337662337664,61.0,0.7922077922077922,765.0,9.935064935064934,666.12,9.08174193548387,358.0,1.2470046082949309,148.0,213.0,61.0,1989.0,0.45565217391304347,0.388268156424581,0.8292682926829268,0.0754272592112817,0.07698342458374037,0.11522368844544577,0.05335098102047079,0.06431986093003042,0.055238589211618255,0.058823529411764705,0.10077008815482826,5,25.83116883116883,0.0,24.2,0.7806451612903226
SAS,1629640.0,Keldon Johnson,82,1910.0,23.29268292682927,414.0,5.048780487804878,797.0,9.71951219512195,99.0,1.2073170731707317,273.0,3.3292682926829267,154.0,1.8780487804878048,194.0,2.3658536585365852,111.0,1.353658536585366,440.0,5.365853658536586,70.0,0.8536585365853658,1081.0,13.182926829268293,910.11,9.753656176239181,273.0,1.663729346970889,111.0,440.0,70.0,1910.0,0.5194479297365119,0.3626373626373626,0.7938144329896907,0.10305515955200202,0.08267905650627105,0.08786610878661087,0.07117984346089203,0.048239895697522815,0.11410788381742738,0.06750241080038573,0.09676765629749721,6,23.29268292682927,0.0,21.8,0.7032258064516129
SAS,1641705.0,Victor Wembanyama,64,1867.0,29.171875,553.0,8.640625,1080.0,16.875,122.0,1.90625,350.0,5.46875,372.0,5.8125,450.0,7.03125,199.0,3.109375,736.0,11.5,155.0,2.421875,1600.0,25.0,1327.75,21.21226512096774,350.0,6.19203629032258,199.0,736.0,155.0,1867.0,0.5120370370370371,0.3485714285714286,0.8266666666666667,0.1503460989277897,0.17981052795719207,0.1126488574187319,0.2649157897297317,0.08648413733159496,0.1908713692946058,0.14946962391513982,0.09458911743844362,7,29.171875,0.0,27.3,0.8806451612903226
SAS,1642844.0,Dylan Harper,69,1559.0,22.594202898550726,331.0,4.797101449275362,656.0,9.507246376811594,61.0,0.8840579710144928,178.0,2.579710144927536,90.0,1.3043478260869565,119.0,1.7246376811594204,266.0,3.8550724637681157,234.0,3.391304347826087,99.0,1.434782608695652,813.0,11.782608695652174,774.86,8.712997896213185,178.0,1.1738662926601215,266.0,234.0,99.0,1559.0,0.5045731707317073,0.34269662921348315,0.7563025210084033,0.08774029615152486,0.07385768294303319,0.05728999034438365,0.05022188200724642,0.1156019122120817,0.060684647302904564,0.09546769527483125,0.07898469956429223,8,22.594202898550726,0.0,21.1,0.6806451612903226
SAS,1628436.0,Luke Kornet,68,1428.0,21.0,175.0,2.573529411764706,272.0,4.0,0.0,0.0,0.0,0.0,94.0,1.3823529411764706,114.0,1.6764705882352942,126.0,1.8529411764705883,414.0,6.088235294117647,28.0,0.4117647058823529,444.0,6.529411764705882,353.66,5.084656546489564,0.0,1.0599620493358635,126.0,414.0,28.0,1428.0,0.6433823529411765,0.35,0.8245614035087719,0.04004624465961371,0.043101232842953016,0.0,0.04534868179345353,0.054758800521512385,0.10736514522821576,0.02700096432015429,0.07234775559833823,9,21.0,0.0,19.6,0.6322580645161291
SAS,1642868.0,Carter Bryant,71,817.0,11.507042253521126,108.0,1.5211267605633803,265.0,3.732394366197183,52.0,0.7323943661971831,155.0,2.183098591549296,30.0,0.4225352112676056,42.0,0.5915492957746479,47.0,0.6619718309859155,178.0,2.507042253521127,33.0,0.4647887323943662,298.0,4.197183098591549,295.23,1.7894829622898683,155.0,0.2060881417537483,47.0,178.0,33.0,817.0,0.4075471698113208,0.33548387096774196,0.7142857142857143,0.03342999720312661,0.015168954111443882,0.04988735114258127,0.00881713224322574,0.020425901781833986,0.04616182572614108,0.03182256509161042,0.041392238322018444,10,11.507042253521126,0.0,10.8,0.34838709677419355
SAS,203482.0,Kelly Olynyk,41,362.0,8.829268292682928,47.0,1.146341463414634,96.0,2.341463414634146,12.0,0.2926829268292683,47.0,1.146341463414634,27.0,0.6585365853658537,38.0,0.926829268292683,49.0,1.1951219512195121,76.0,1.853658536585366,24.0,0.5853658536585366,133.0,3.2439024390243905,124.97,0.05267317073170732,47.0,0.01853658536585366,49.0,76.0,24.0,362.0,0.4895833333333333,0.2553191489361702,0.7105263157894737,0.014150820548300417,0.0004464959580900957,0.015127132281943997,0.0007930564229351256,0.021295089091699262,0.01970954356846473,0.023143683702989394,0.018340257371567536,11,0.0,0.0,0.0,0.02
SAS,1631110.0,Jeremy Sochan,28,359.0,12.821428571428571,47.0,1.6785714285714286,99.0,3.5357142857142856,9.0,0.32142857142857145,35.0,1.25,11.0,0.39285714285714285,16.0,0.5714285714285714,28.0,1.0,73.0,2.607142857142857,18.0,0.6428571428571429,114.0,4.071428571428571,113.04,0.06779285714285714,35.0,0.011428571428571429,28.0,73.0,18.0,359.0,0.47474747474747475,0.2571428571428571,0.6875,0.012799942024324872,0.0005746613746843232,0.01126488574187319,0.0004889520803058668,0.012168622338113864,0.018931535269709542,0.017357762777242044,0.018188266288377747,12,0.0,0.0,0.0,0.02
SAS,1630322.0,Lindy Waters III,40,287.0,7.175,33.0,0.825,88.0,2.2,27.0,0.675,79.0,1.975,2.0,0.05,3.0,0.075,19.0,0.475,29.0,0.725,7.0,0.175,95.0,2.375,94.07,0.039665,79.0,0.0015,19.0,29.0,7.0,287.0,0.375,0.34177215189873417,0.6666666666666666,0.010651897967341123,0.00033622927823828,0.025426456388799486,6.417496054014502e-05,0.008257279443720122,0.007520746887966805,0.006750241080038573,0.01454048029182288,13,0.0,0.0,0.0,0.02
SAS,1629162.0,Jordan McLaughlin,44,283.0,6.431818181818182,33.0,0.75,79.0,1.7954545454545454,17.0,0.38636363636363635,40.0,0.9090909090909091,6.0,0.13636363636363635,7.0,0.1590909090909091,38.0,0.8636363636363636,32.0,0.7272727272727273,15.0,0.3409090909090909,89.0,2.022727272727273,91.58,0.0336,40.0,0.003181818181818182,38.0,32.0,15.0,283.0,0.4177215189873418,0.425,0.8571428571428571,0.010369945953535666,0.0002848179440011649,0.012874155133569359,0.0001361287041760652,0.016514558887440245,0.008298755186721992,0.01446480231436837,0.014337825514236497,14,0.0,0.0,0.0,0.02
SAS,202687.0,Bismack Biyombo,25,144.0,5.76,9.0,0.36,15.0,0.6,0.0,0.0,0.0,0.0,5.0,0.2,7.0,0.28,5.0,0.2,26.0,1.04,8.0,0.32,23.0,0.92,19.33,0.014656,0.0,0.005600000000000001,5.0,26.0,8.0,144.0,0.6,0.35,0.7142857142857143,0.0021888082035580302,0.00012423487462146052,0.0,0.00023958651934987478,0.0021729682746631897,0.006742738589211619,0.007714561234329798,0.0072955719931097375,15,0.0,0.0,0.0,0.02
SAS,1642357.0,David Jones Garcia,11,70.0,6.363636363636363,13.0,1.1818181818181819,25.0,2.272727272727273,3.0,0.2727272727272727,5.0,0.45454545454545453,3.0,0.2727272727272727,6.0,0.5454545454545454,18.0,1.6363636363636365,13.0,1.1818181818181819,5.0,0.45454545454545453,32.0,2.909090909090909,32.14,0.04747272727272727,5.0,0.010909090909090908,18.0,13.0,5.0,70.0,0.52,0.6,0.5,0.0036393324191596015,0.00040241323148649437,0.0016092693916961698,0.0004667269857465092,0.007822685788787484,0.0033713692946058093,0.0048216007714561235,0.003546458607761678,16,0.0,0.0,0.0,0.02
SAS,203486.0,Mason Plumlee,6,48.0,8.0,2.0,0.3333333333333333,2.0,0.3333333333333333,0.0,0.0,0.0,0.0,1.0,0.16666666666666666,2.0,0.3333333333333333,4.0,0.6666666666666666,13.0,2.1666666666666665,3.0,0.5,5.0,0.8333333333333334,3.88,0.0124,0.0,0.006666666666666666,4.0,13.0,3.0,48.0,1.0,0.35,0.5,0.00043934691307838375,0.00010511138409566801,0.0,0.00028522204684508897,0.001738374619730552,0.0033713692946058093,0.0028929604628736743,0.002431857331036579,17,0.0,0.0,0.0,0.02
SAS,1631127.0,Harrison Ingram,7,26.0,3.7142857142857144,5.0,0.7142857142857143,6.0,0.8571428571428571,1.0,0.14285714285714285,1.0,0.14285714285714285,0.0,0.0,0.0,0.0,1.0,0.14285714285714285,3.0,0.42857142857142855,1.0,0.14285714285714285,11.0,1.5714285714285714,6.25,0.023142857142857142,1.0,0.0,1.0,3.0,1.0,26.0,0.8333333333333334,1.0,0.77,0.000707710878025747,0.00019617562469467992,0.000321853878339234,0.0,0.000434593654932638,0.0007780082987551867,0.0009643201542912247,0.0013172560543114804,18,0.0,0.0,0.0,0.02
SAS,1642434.0,Riley Minix,3,9.0,3.0,4.0,1.3333333333333333,6.0,2.0,1.0,0.3333333333333333,3.0,1.0,0.0,0.0,0.0,0.0,1.0,0.3333333333333333,2.0,0.6666666666666666,0.0,0.0,9.0,3.0,6.25,0.046,3.0,0.0,1.0,2.0,0.0,9.0,0.6666666666666666,0.3333333333333333,0.77,0.000707710878025747,0.000389929328096833,0.0009655616350177019,0.0,0.000434593654932638,0.0005186721991701245,0.0,0.0004559732495693586,19,0.0,0.0,0.0,0.02
TOR,1630567.0,Scottie Barnes,80,2681.0,33.5125,569.0,7.1125,1123.0,14.0375,68.0,0.85,224.0,2.8,242.0,3.025,297.0,3.7125,474.0,5.925,600.0,7.5,210.0,2.625,1448.0,18.1,1372.18,19.626985946745563,224.0,3.6795488165680474,474.0,600.0,210.0,2681.0,0.5066785396260017,0.30357142857142855,0.8148148148148148,0.15799551637146184,0.1811740523894731,0.0850740600075959,0.17733325528123967,0.19676214196762143,0.1740139211136891,0.19980970504281637,0.13579496530415844,1,33.5125,33.5125,33.5,0.9911242603550297
TOR,1627742.0,Brandon Ingram,77,2602.0,33.79220779220779,614.0,7.974025974025974,1288.0,16.727272727272727,135.0,1.7532467532467533,353.0,4.584415584415584,292.0,3.792207792207792,356.0,4.623376623376624,284.0,3.688311688311688,430.0,5.584415584415584,187.0,2.4285714285714284,1655.0,21.493506493506494,1515.64,22.656493506493508,353.0,4.623376623376624,284.0,430.0,187.0,2602.0,0.4767080745341615,0.38243626062322944,0.8202247191011236,0.1745137842216345,0.209139026880887,0.13406760349411317,0.22282036953086862,0.1178912411789124,0.12470997679814386,0.1779257849666984,0.1317935470799777,2,33.79220779220779,33.79220779220779,33.8,1.0
TOR,1630193.0,Immanuel Quickley,70,2237.0,31.957142857142856,401.0,5.728571428571429,905.0,12.928571428571429,178.0,2.5428571428571427,476.0,6.8,170.0,2.4285714285714284,207.0,2.9571428571428573,415.0,5.928571428571429,282.0,4.0285714285714285,102.0,1.457142857142857,1150.0,16.428571428571427,1099.83,15.504213017751479,476.0,2.5721893491124264,415.0,282.0,102.0,2237.0,0.4430939226519337,0.3739495798319328,0.821256038647343,0.12663659925871595,0.14311729315735428,0.1807823775161413,0.12396484819660067,0.17227065172270653,0.08178654292343387,0.09705042816365367,0.11330598186699083,3,31.957142857142856,0.0,29.4,0.8698224852071006
TOR,1642347.0,Jamal Shead,82,1847.0,22.524390243902438,185.0,2.2560975609756095,504.0,6.146341463414634,84.0,1.024390243902439,262.0,3.1951219512195124,91.0,1.1097560975609757,116.0,1.4146341463414633,444.0,5.414634146341464,143.0,1.7439024390243902,112.0,1.3658536585365855,545.0,6.646341463414634,666.04,5.380162721893491,262.0,0.8663587819310146,444.0,143.0,112.0,1847.0,0.36706349206349204,0.32061068702290074,0.7844827586206896,0.07668916157067471,0.049663554326936706,0.09950626661602735,0.04175354933451125,0.1843088418430884,0.04147331786542923,0.1065651760228354,0.09355214506407335,4,22.524390243902438,0.0,20.7,0.6124260355029586
TOR,1630572.0,Sandro Mamukelashvili,80,1752.0,21.9,330.0,4.125,631.0,7.8875,115.0,1.4375,296.0,3.7,118.0,1.475,158.0,1.975,151.0,1.8875,395.0,4.9375,67.0,0.8375,893.0,11.1625,738.27,7.077593565088758,296.0,1.1744822485207103,151.0,395.0,67.0,1752.0,0.5229793977812995,0.3885135135135135,0.7468354430379747,0.08500586648366767,0.06533230883397093,0.112419293581466,0.056603342089769436,0.06268161062681611,0.11455916473317865,0.06374881065651761,0.08874031302233704,5,21.9,0.0,20.1,0.5946745562130178
TOR,1629628.0,RJ Barrett,57,1724.0,30.24561403508772,401.0,7.035087719298246,816.0,14.31578947368421,96.0,1.6842105263157894,283.0,4.964912280701754,200.0,3.508771929824561,279.0,4.894736842105263,189.0,3.3157894736842106,300.0,5.2631578947368425,99.0,1.736842105263158,1098.0,19.263157894736842,986.01,16.322435378386796,283.0,4.025848645281844,189.0,300.0,99.0,1724.0,0.49142156862745096,0.3392226148409894,0.7168458781362007,0.11353113957164881,0.15067019308983534,0.10748195974173946,0.19402293083402428,0.0784557907845579,0.08700696055684455,0.09419600380589914,0.08732208884161476,6,30.24561403508772,0.0,27.8,0.8224852071005918
TOR,1642266.0,Ja'Kobe Walter,72,1471.0,20.430555555555557,180.0,2.5,404.0,5.611111111111111,110.0,1.5277777777777777,269.0,3.736111111111111,71.0,0.9861111111111112,90.0,1.25,86.0,1.1944444444444444,185.0,2.5694444444444446,37.0,0.5138888888888888,541.0,7.513888888888889,465.1,4.932836949375411,269.0,0.6952662721893492,86.0,185.0,37.0,1471.0,0.44554455445544555,0.40892193308550184,0.7888888888888889,0.053552532950754926,0.04553435062927011,0.10216483099126472,0.03350786671980809,0.0356994603569946,0.05365429234338747,0.035204567078972404,0.07450742035151699,7,20.430555555555557,0.0,18.8,0.5562130177514794
TOR,1642867.0,Collin Murray-Boyles,57,1245.0,21.842105263157894,198.0,3.473684210526316,342.0,6.0,17.0,0.2982456140350877,50.0,0.8771929824561403,71.0,1.2456140350877194,108.0,1.894736842105263,106.0,1.8596491228070176,285.0,5.0,59.0,1.0350877192982457,484.0,8.491228070175438,416.02,5.838608688881969,50.0,1.126751790719402,106.0,285.0,59.0,1245.0,0.5789473684210527,0.34,0.6574074074074074,0.04790136477783931,0.05389540703556339,0.0189897455374098,0.05430300640191071,0.044001660440016604,0.08265661252900232,0.056137012369172214,0.06306032517854429,8,21.842105263157894,0.0,20.1,0.5946745562130178
TOR,1627751.0,Jakob Poeltl,46,1150.0,25.0,217.0,4.717391304347826,310.0,6.739130434782608,0.0,0.0,0.0,0.0,59.0,1.2826086956521738,98.0,2.130434782608696,93.0,2.0217391304347827,323.0,7.021739130434782,57.0,1.2391304347826086,493.0,10.717391304347826,376.37,8.029289940828402,0.0,1.4497041420118344,93.0,323.0,57.0,1150.0,0.7,0.35,0.6020408163265306,0.043335985436842896,0.07411728934524071,0.0,0.06986746677747219,0.038605230386052306,0.09367749419953596,0.05423406279733587,0.05824849313680798,9,25.0,0.0,23.0,0.6804733727810651
TOR,1641711.0,Gradey Dick,76,1067.0,14.039473684210526,161.0,2.1184210526315788,384.0,5.052631578947368,56.0,0.7368421052631579,186.0,2.4473684210526314,77.0,1.013157894736842,88.0,1.1578947368421053,51.0,0.6710526315789473,147.0,1.9342105263157894,43.0,0.5657894736842105,455.0,5.9868421052631575,435.47,2.6401611647461856,186.0,0.4419184054811586,51.0,147.0,43.0,1067.0,0.4192708333333333,0.3010752688172043,0.875,0.05014087620740754,0.024370970584899794,0.07064185339916446,0.021297945296935135,0.021170610211706103,0.04263341067285383,0.04091341579448145,0.05404447145823836,10,14.039473684210526,0.0,12.9,0.3816568047337279
TOR,1630534.0,Ochai Agbaji,42,653.0,15.547619047619047,72.0,1.7142857142857142,170.0,4.0476190476190474,12.0,0.2857142857142857,65.0,1.5476190476190477,25.0,0.5952380952380952,29.0,0.6904761904761905,30.0,0.7142857142857143,95.0,2.261904761904762,19.0,0.4523809523809524,181.0,4.309523809523809,190.26,0.07347142857142856,65.0,0.01380952380952381,30.0,95.0,19.0,653.0,0.4235294117647059,0.18461538461538463,0.8620689655172413,0.021906912318233995,0.0006782048188777862,0.024686669198632737,0.0006655402423253472,0.012453300124533,0.027552204176334107,0.01807802093244529,0.03307501392898749,11,0.0,0.0,0.0,0.02
TOR,1642419.0,Jamison Battle,60,519.0,8.65,74.0,1.2333333333333334,145.0,2.4166666666666665,35.0,0.5833333333333334,85.0,1.4166666666666667,9.0,0.15,14.0,0.23333333333333334,24.0,0.4,89.0,1.4833333333333334,19.0,0.31666666666666665,192.0,3.2,157.16,0.05099666666666666,85.0,0.004666666666666667,24.0,89.0,19.0,519.0,0.5103448275862069,0.4117647058823529,0.6428571428571429,0.01809571291881454,0.00047074333183018185,0.032282567413596655,0.00022490670257891047,0.009962640099626401,0.025812064965197216,0.01807802093244529,0.02628779820695943,12,0.0,0.0,0.0,0.02
TOR,1642367.0,Jonathan Mogbo,37,250.0,6.756756756756757,26.0,0.7027027027027027,44.0,1.1891891891891893,0.0,0.0,1.0,0.02702702702702703,9.0,0.24324324324324326,14.0,0.3783783783783784,25.0,0.6756756756756757,68.0,1.837837837837838,14.0,0.3783783783783784,61.0,1.6486486486486487,56.41,0.026562162162162162,1.0,0.007567567567567568,25.0,68.0,14.0,250.0,0.5909090909090909,0.0,0.6428571428571429,0.00649515885562693,0.0002451917259329983,0.00037979491074819596,0.00036471357174958454,0.0103777501037775,0.019721577726218097,0.013320647002854425,0.012662715899306082,13,0.0,0.0,0.0,0.02
TOR,1630639.0,A.J. Lawson,23,226.0,9.826086956521738,34.0,1.4782608695652173,78.0,3.391304347826087,19.0,0.8260869565217391,45.0,1.9565217391304348,14.0,0.6086956521739131,18.0,0.782608695652174,7.0,0.30434782608695654,43.0,1.8695652173913044,6.0,0.2608695652173913,101.0,4.391304347826087,87.67,0.07137391304347826,45.0,0.01565217391304348,7.0,43.0,6.0,226.0,0.4358974358974359,0.4222222222222222,0.7777777777777778,0.010094497019549956,0.0006588429367640623,0.017090770983668818,0.0007543454620659109,0.0029057700290577005,0.012470997679814385,0.005708848715509039,0.0114470951729727,14,0.0,0.0,0.0,0.02
TOR,1642918.0,Alijah Martin,23,145.0,6.304347826086956,16.0,0.6956521739130435,50.0,2.1739130434782608,4.0,0.17391304347826086,21.0,0.9130434782608695,15.0,0.6521739130434783,19.0,0.8260869565217391,12.0,0.5217391304347826,21.0,0.9130434782608695,8.0,0.34782608695652173,51.0,2.217391304347826,61.36,0.039295652173913044,21.0,0.01652173913043478,12.0,21.0,8.0,145.0,0.32,0.19047619047619047,0.7894736842105263,0.00706511163590265,0.0003627328498095514,0.007975693125712115,0.0007962535432917947,0.0049813200498132005,0.006090487238979118,0.007611798287345386,0.007344375221597528,15,0.0,0.0,0.0,0.02
TOR,1631218.0,Trayce Jackson-Davis,16,88.0,5.5,11.0,0.6875,22.0,1.375,0.0,0.0,0.0,0.0,9.0,0.5625,22.0,1.375,7.0,0.4375,32.0,2.0,4.0,0.25,31.0,1.9375,33.43,0.03315,0.0,0.0275,7.0,32.0,4.0,88.0,0.5,0.35,0.4090909090909091,0.0038491962514378354,0.00030600316589653957,0.0,0.0013253430687685795,0.0029057700290577005,0.009280742459396751,0.003805899143672693,0.004457275996555742,16,0.0,0.0,0.0,0.02
TOR,202066.0,Garrett Temple,22,73.0,3.3181818181818183,4.0,0.18181818181818182,15.0,0.6818181818181818,3.0,0.13636363636363635,12.0,0.5454545454545454,6.0,0.2727272727272727,9.0,0.4090909090909091,9.0,0.4090909090909091,9.0,0.4090909090909091,7.0,0.3181818181818182,17.0,0.7727272727272727,21.21,0.013581818181818181,12.0,0.008181818181818182,9.0,9.0,7.0,73.0,0.26666666666666666,0.25,0.6666666666666666,0.002442161306999596,0.00012537192646357607,0.004557538928978352,0.00039431694607990796,0.0037359900373599006,0.0026102088167053363,0.006660323501427212,0.003697513042597376,17,0.0,0.0,0.0,0.02
TOR,1642935.0,Chucky Hepburn,2,13.0,6.5,0.0,0.0,6.0,3.0,0.0,0.0,5.0,2.5,0.0,0.0,0.0,0.0,2.0,1.0,1.0,0.5,1.0,0.5,0.0,0.0,6.5,0.015,5.0,0.0,2.0,1.0,1.0,13.0,0.0,0.0,0.77,0.0007484228427862977,0.0001384629709939093,0.0018989745537409798,0.0,0.0008302200083022001,0.0002900232018561485,0.0009514747859181732,0.0006584612267639163,18,0.0,0.0,0.0,0.02
UTA,1642846.0,Ace Bailey,72,1984.0,27.555555555555557,395.0,5.486111111111111,892.0,12.38888888888889,137.0,1.9027777777777777,398.0,5.527777777777778,66.0,0.9166666666666666,88.0,1.2222222222222223,131.0,1.8194444444444444,302.0,4.194444444444445,107.0,1.4861111111111112,993.0,13.791666666666666,963.47,13.88578778135048,398.0,1.084673097534834,131.0,302.0,107.0,1984.0,0.4428251121076233,0.3442211055276382,0.75,0.10970988319262855,0.11272865489462301,0.13743093922651933,0.04202665434122184,0.05499580184718724,0.08680655360735844,0.0884297520661157,0.10304887549992209,1,27.555555555555557,27.555555555555557,27.6,0.887459807073955
UTA,1642271.0,Kyle Filipowski,77,1802.0,23.4025974025974,323.0,4.194805194805195,657.0,8.532467532467532,74.0,0.961038961038961,228.0,2.961038961038961,159.0,2.064935064935065,212.0,2.7532467532467533,198.0,2.5714285714285716,552.0,7.1688311688311686,125.0,1.6233766233766234,879.0,11.415584415584416,799.78,9.627350398797343,228.0,2.0715747275232803,198.0,552.0,125.0,1802.0,0.4916286149162861,0.32456140350877194,0.75,0.09107057861666731,0.07815748575051944,0.0787292817679558,0.08026506346796876,0.08312342569269521,0.15866628341477437,0.10330578512396695,0.09359580325144133,2,23.4025974025974,23.4025974025974,23.4,0.7524115755627009
UTA,1641718.0,Keyonte George,54,1786.0,33.074074074074076,402.0,7.444444444444445,881.0,16.314814814814813,134.0,2.4814814814814814,361.0,6.685185185185185,337.0,6.2407407407407405,378.0,7.0,332.0,6.148148148148148,199.0,3.685185185185185,166.0,3.074074074074074,1275.0,23.61111111111111,1130.32,22.593603667976655,361.0,6.729903536977492,332.0,199.0,166.0,1786.0,0.45629965947786605,0.37119113573407203,0.8915343915343915,0.1287090155067536,0.1834211058686886,0.12465469613259668,0.2607562871625809,0.13937867338371115,0.057200344926703076,0.1371900826446281,0.09276476393289358,3,33.074074074074076,0.0,29.9,0.9614147909967845
UTA,1641729.0,Brice Sensabaugh,74,1763.0,23.824324324324323,394.0,5.324324324324325,857.0,11.58108108108108,162.0,2.189189189189189,442.0,5.972972972972973,166.0,2.2432432432432434,201.0,2.7162162162162162,143.0,1.9324324324324325,231.0,3.1216216216216215,124.0,1.6756756756756757,1116.0,15.08108108108108,981.19,10.753259754931781,442.0,1.8865038672112628,143.0,231.0,124.0,1763.0,0.4597432905484247,0.3665158371040724,0.8258706467661692,0.11172765139524346,0.08729792842823132,0.1526243093922652,0.07309432318442824,0.0600335852225021,0.06639839034205232,0.1024793388429752,0.09157014491248117,4,23.824324324324323,0.0,21.6,0.6945337620578779
UTA,1642262.0,Cody Williams,67,1629.0,24.313432835820894,238.0,3.5522388059701493,509.0,7.597014925373134,28.0,0.417910447761194,131.0,1.955223880597015,84.0,1.2537313432835822,119.0,1.7761194029850746,137.0,2.044776119402985,198.0,2.955223880597015,73.0,1.0895522388059702,588.0,8.776119402985074,595.61,7.541047175697076,131.0,1.2564188702788308,137.0,198.0,73.0,1629.0,0.4675834970530452,0.21374045801526717,0.7058823529411765,0.06782183516701246,0.061220300785163696,0.04523480662983426,0.04868110188129849,0.05751469353484467,0.05691290600747341,0.0603305785123967,0.08461019061964369,5,24.313432835820894,0.0,22.0,0.7073954983922829
UTA,1642268.0,Isaiah Collier,59,1518.0,25.728813559322035,255.0,4.322033898305085,515.0,8.728813559322035,27.0,0.4576271186440678,100.0,1.694915254237288,151.0,2.559322033898305,209.0,3.542372881355932,423.0,7.169491525423729,150.0,2.542372881355932,148.0,2.5084745762711864,688.0,11.661016949152541,712.71,9.78710474685269,100.0,2.6539320943920646,423.0,150.0,148.0,1518.0,0.49514563106796117,0.27,0.722488038277512,0.08115595799580505,0.07945441560811338,0.034530386740331494,0.10282903395463654,0.17758186397984888,0.04311583788444955,0.12231404958677686,0.07884485534721862,6,25.728813559322035,0.0,23.3,0.7491961414790996
UTA,1628374.0,Lauri Markkanen,42,1444.0,34.38095238095238,384.0,9.142857142857142,805.0,19.166666666666668,115.0,2.738095238095238,324.0,7.714285714285714,240.0,5.714285714285714,268.0,6.380952380952381,89.0,2.119047619047619,289.0,6.880952380952381,63.0,1.5,1123.0,26.738095238095237,945.17,26.20142857142857,324.0,6.380952380952381,89.0,289.0,63.0,1444.0,0.47701863354037266,0.3549382716049383,0.8955223880597015,0.10762607065832534,0.21271042346921315,0.11187845303867404,0.2472358544630264,0.03736356003358522,0.08306984765737281,0.05206611570247934,0.07500129849893523,7,34.38095238095238,0.0,31.1,1.0
UTA,1629004.0,Svi Mykhailiuk,50,1154.0,23.08,173.0,3.46,362.0,7.24,98.0,1.96,240.0,4.8,25.0,0.5,28.0,0.56,93.0,1.86,124.0,2.48,42.0,0.84,469.0,9.38,397.57,7.146724758842442,240.0,0.3763344051446945,93.0,124.0,42.0,1154.0,0.47790055248618785,0.4083333333333333,0.8928571428571429,0.045271111981580466,0.05801908265143124,0.08287292817679558,0.014581421810563055,0.03904282115869018,0.035642425984478296,0.03471074380165289,0.0599387108502571,8,23.08,0.0,20.9,0.6720257234726688
UTA,203994.0,Jusuf Nurkić,41,1084.0,26.4390243902439,180.0,4.390243902439025,358.0,8.731707317073171,25.0,0.6097560975609756,71.0,1.7317073170731707,62.0,1.5121951219512195,113.0,2.7560975609756095,196.0,4.780487804878049,425.0,10.365853658536585,101.0,2.4634146341463414,447.0,10.902439024390244,456.72,9.692611167751547,71.0,2.118029958434632,196.0,425.0,101.0,1084.0,0.5027932960893855,0.352112676056338,0.5486725663716814,0.05200649511841294,0.07868729067174088,0.02451657458563536,0.08206501401186093,0.08228379513014274,0.12216154067260707,0.0834710743801653,0.05630291383161066,9,26.4390243902439,0.0,23.9,0.7684887459807073
UTA,1642383.0,Walter Clayton Jr.,45,812.0,18.044444444444444,102.0,2.2666666666666666,256.0,5.688888888888889,44.0,0.9777777777777777,143.0,3.1777777777777776,58.0,1.288888888888889,62.0,1.3777777777777778,143.0,3.1777777777777776,88.0,1.9555555555555555,57.0,1.2666666666666666,306.0,6.8,319.03,4.244697034655234,143.0,0.7221150410861021,143.0,88.0,57.0,812.0,0.3984375,0.3076923076923077,0.9354838709677419,0.036327798514685754,0.03445962121029495,0.04937845303867403,0.02797900980055256,0.0600335852225021,0.025294624892210404,0.047107438016528926,0.04217524541629876,10,18.044444444444444,0.0,16.3,0.5241157556270096
UTA,1629723.0,John Konchar,26,679.0,26.115384615384617,57.0,2.1923076923076925,128.0,4.923076923076923,15.0,0.5769230769230769,60.0,2.3076923076923075,24.0,0.9230769230769231,31.0,1.1923076923076923,78.0,3.0,148.0,5.6923076923076925,21.0,0.8076923076923077,153.0,5.884615384615385,161.14,0.09785384615384617,60.0,0.023846153846153847,78.0,148.0,21.0,679.0,0.4453125,0.25,0.7741935483870968,0.018348937255607503,0.0007944045110644511,0.020718232044198894,0.0009239411093882329,0.0327455919395466,0.04254096004599023,0.017355371900826446,0.035267231080870515,11,0.0,0.0,0.0,0.02
UTA,201567.0,Kevin Love,37,610.0,16.486486486486488,79.0,2.135135135135135,199.0,5.378378378378378,53.0,1.4324324324324325,142.0,3.8378378378378377,37.0,1.0,44.0,1.1891891891891893,67.0,1.8108108108108107,215.0,5.8108108108108105,30.0,0.8108108108108109,248.0,6.702702702702703,235.11,0.10994054054054055,142.0,0.023783783783783787,67.0,215.0,30.0,610.0,0.3969849246231156,0.3732394366197183,0.8409090909090909,0.026771866936613386,0.0008925276295931959,0.04903314917127072,0.0009215245240977669,0.028127623845507977,0.0617993676343777,0.024793388429752067,0.0316833740196333,12,0.0,0.0,0.0,0.02
UTA,1641989.0,Elijah Harkless,26,545.0,20.96153846153846,54.0,2.076923076923077,161.0,6.1923076923076925,21.0,0.8076923076923077,88.0,3.3846153846153846,49.0,1.8846153846153846,64.0,2.4615384615384617,75.0,2.8846153846153846,53.0,2.0384615384615383,26.0,1.0,178.0,6.846153846153846,207.91,0.11853076923076923,88.0,0.04923076923076924,75.0,53.0,26.0,545.0,0.33540372670807456,0.23863636363636365,0.765625,0.023674615519506993,0.0009622654752764819,0.03038674033149171,0.001907491322607965,0.031486146095717885,0.015234262719172175,0.021487603305785124,0.028307276788033034,13,0.0,0.0,0.0,0.02
UTA,1641707.0,Taylor Hendricks,33,495.0,15.0,58.0,1.7575757575757576,128.0,3.878787878787879,24.0,0.7272727272727273,70.0,2.121212121212121,23.0,0.696969696969697,32.0,0.9696969696969697,24.0,0.7272727272727273,99.0,3.0,20.0,0.6060606060606061,163.0,4.9393939393939394,148.08,0.0808,70.0,0.019393939393939394,24.0,99.0,20.0,495.0,0.453125,0.34285714285714286,0.71875,0.016861801097246866,0.0006559566845547515,0.024171270718232045,0.0007514359755728346,0.010075566750629723,0.028456453003736705,0.01652892561983471,0.025710278917571286,14,0.0,0.0,0.0,0.02
UTA,1643016.0,Bez Mbeng,15,493.0,32.86666666666667,50.0,3.3333333333333335,100.0,6.666666666666667,6.0,0.4,31.0,2.066666666666667,16.0,1.0666666666666667,25.0,1.6666666666666667,62.0,4.133333333333334,57.0,3.8,22.0,1.4666666666666666,122.0,8.133333333333333,126.5,0.13460000000000003,31.0,0.03333333333333333,62.0,57.0,22.0,493.0,0.5,0.1935483870967742,0.64,0.0144044964802926,0.0010927199225379898,0.010704419889502763,0.0012915305830158094,0.026028547439126783,0.01638401839609083,0.01818181818181818,0.025606399002752817,15,0.0,0.0,0.0,0.02
UTA,1631131.0,Oscar Tshiebwe,27,447.0,16.555555555555557,92.0,3.4074074074074074,145.0,5.37037037037037,0.0,0.0,0.0,0.0,27.0,1.0,49.0,1.8148148148148149,32.0,1.1851851851851851,179.0,6.62962962962963,21.0,0.7777777777777778,211.0,7.814814814814815,174.56,0.12462222222222223,0.0,0.0362962962962963,32.0,179.0,21.0,447.0,0.6344827586206897,0.35,0.5510204081632653,0.019877066447429852,0.0010117175706774056,0.0,0.0014063333015061038,0.01343408900083963,0.0514515665421098,0.017355371900826446,0.02321716096192801,16,0.0,0.0,0.0,0.02
UTA,203937.0,Kyle Anderson,20,402.0,20.1,57.0,2.85,109.0,5.45,3.0,0.15,5.0,0.25,25.0,1.25,38.0,1.9,61.0,3.05,66.0,3.3,17.0,0.85,142.0,7.1,140.97,0.11663000000000001,5.0,0.038,61.0,66.0,17.0,402.0,0.5229357798165137,0.6,0.6578947368421053,0.016052188686378244,0.000946834506430949,0.0017265193370165745,0.0014723448646380226,0.025608732157850547,0.018970968669157803,0.014049586776859505,0.02087986287851244,17,0.0,0.0,0.0,0.02
UTA,1631113.0,Kennedy Chandler,11,354.0,32.18181818181818,61.0,5.545454545454546,137.0,12.454545454545455,15.0,1.3636363636363635,38.0,3.4545454545454546,28.0,2.5454545454545454,43.0,3.909090909090909,74.0,6.7272727272727275,37.0,3.3636363636363638,23.0,2.090909090909091,165.0,15.0,174.42000000000002,0.25087272727272725,38.0,0.07818181818181819,74.0,37.0,23.0,354.0,0.44525547445255476,0.39473684210526316,0.6511627906976745,0.01986112471219475,0.0020366539904334967,0.013121546961325966,0.0030292262765279896,0.031066330814441646,0.010635240011497557,0.019008264462809916,0.018386744922869163,18,0.0,0.0,0.0,0.02
UTA,1631117.0,Walker Kessler,5,155.0,31.0,26.0,5.2,37.0,7.4,6.0,1.2,8.0,1.6,14.0,2.8,20.0,4.0,15.0,3.0,54.0,10.8,16.0,3.2,72.0,14.4,49.55,0.2186,8.0,0.08,15.0,54.0,16.0,155.0,0.7027027027027027,0.75,0.7,0.005642235577853741,0.0017746550896493647,0.0027624309392265192,0.003099673399237943,0.006297229219143577,0.015521701638401839,0.013223140495867768,0.008050693398431414,19,0.0,0.0,0.0,0.02
UTA,1628991.0,Jaren Jackson Jr.,3,72.0,24.0,24.0,8.0,49.0,16.333333333333332,5.0,1.6666666666666667,15.0,5.0,14.0,4.666666666666667,16.0,5.333333333333333,8.0,2.6666666666666665,13.0,4.333333333333333,7.0,2.3333333333333335,67.0,22.333333333333332,58.04,0.3614,15.0,0.10666666666666666,8.0,13.0,7.0,72.0,0.4897959183673469,0.3333333333333333,0.875,0.006608987950325553,0.002933944873738703,0.0051795580110497235,0.00413289786565059,0.0033585222502099076,0.0037367059499856282,0.005785123966942148,0.0037396769334649147,20,0.0,0.0,0.0,0.02
UTA,1643060.0,Hayden Gray,1,25.0,25.0,2.0,2.0,3.0,3.0,0.0,0.0,1.0,1.0,2.0,2.0,2.0,2.0,1.0,1.0,0.0,0.0,1.0,1.0,6.0,6.0,4.13,0.0914,1.0,0.04,1.0,0.0,1.0,25.0,0.6666666666666666,0.0,1.0,0.00047028118943563983,0.0007420104080235679,0.0003453038674033149,0.0015498366996189714,0.00041981528127623844,0.0,0.0008264462809917355,0.0012984989352308731,21,0.0,0.0,0.0,0.02
WAS,1642267.0,Bub Carrington,82,2272.0,27.70731707317073,314.0,3.8292682926829267,741.0,9.036585365853659,169.0,2.0609756097560976,414.0,5.048780487804878,81.0,0.9878048780487805,111.0,1.353658536585366,381.0,4.646341463414634,276.0,3.3658536585365852,191.0,2.3292682926829267,878.0,10.707317073170731,885.09,12.031841504200996,414.0,1.2540582429235665,381.0,276.0,191.0,2272.0,0.42375168690958165,0.4082125603864734,0.7297297297297297,0.10576371562132554,0.10712495532612439,0.14163530619226822,0.06944831578750314,0.19203629032258066,0.08595453129866085,0.16090985678180286,0.1203963753908113,1,27.70731707317073,27.70731707317073,27.7,0.9264214046822743
WAS,1642860.0,Will Riley,74,1631.0,22.04054054054054,271.0,3.6621621621621623,618.0,8.35135135135135,78.0,1.054054054054054,247.0,3.3378378378378377,144.0,1.945945945945946,180.0,2.4324324324324325,146.0,1.972972972972973,212.0,2.864864864864865,94.0,1.2702702702702702,764.0,10.324324324324325,733.7,8.719063545150503,247.0,1.7897496158365724,146.0,212.0,94.0,1631.0,0.43851132686084143,0.3157894736842105,0.8,0.08767338705822747,0.07762978696434497,0.08450222374273007,0.09911429329742573,0.07358870967741936,0.0660230457801308,0.07919123841617523,0.08642891208732977,2,22.04054054054054,22.04054054054054,22.0,0.7357859531772576
WAS,1641731.0,Bilal Coulibaly,56,1469.0,26.232142857142858,230.0,4.107142857142857,541.0,9.660714285714286,65.0,1.1607142857142858,204.0,3.642857142857143,132.0,2.357142857142857,177.0,3.1607142857142856,145.0,2.5892857142857144,243.0,4.339285714285714,81.0,1.4464285714285714,657.0,11.732142857142858,655.13,11.56349259436216,204.0,2.6850215002388915,145.0,243.0,81.0,1469.0,0.42513863216266173,0.31862745098039214,0.7457627118644068,0.07828467502174807,0.10295503204164573,0.06979131029763941,0.14869342958913206,0.07308467741935484,0.07567735907816879,0.06823925863521482,0.07784431137724551,3,26.232142857142858,0.0,25.4,0.8494983277591973
WAS,1642848.0,Tre Johnson,60,1438.0,23.966666666666665,271.0,4.516666666666667,647.0,10.783333333333333,115.0,1.9166666666666667,321.0,5.35,76.0,1.2666666666666666,87.0,1.45,122.0,2.033333333333333,170.0,2.8333333333333335,93.0,1.55,733.0,12.216666666666667,715.78,10.603201783723524,321.0,1.1250836120401337,122.0,170.0,93.0,1438.0,0.4188562596599691,0.3582554517133956,0.8735632183908046,0.08553203896488763,0.09440512634734004,0.1098186794389326,0.06230584776840396,0.06149193548387097,0.052943008408595456,0.07834877843302443,0.07620157914259976,4,23.966666666666665,0.0,23.2,0.7759197324414716
WAS,1642273.0,Kyshawn George,48,1389.0,28.9375,253.0,5.270833333333333,577.0,12.020833333333334,99.0,2.0625,260.0,5.416666666666667,105.0,2.1875,131.0,2.7291666666666665,214.0,4.458333333333333,245.0,5.104166666666667,125.0,2.6041666666666665,710.0,14.791666666666666,688.14,15.339520624303232,260.0,2.5557413600891863,214.0,245.0,125.0,1389.0,0.43847487001733104,0.38076923076923075,0.8015267175572519,0.08222920072270498,0.13657472640650206,0.08894970920287376,0.14153404281516657,0.10786290322580645,0.07630021800062287,0.10530749789385004,0.0736050023846113,5,28.9375,0.0,28.0,0.9364548494983278
WAS,1630551.0,Justin Champagnie,68,1377.0,20.25,232.0,3.411764705882353,462.0,6.794117647058823,53.0,0.7794117647058824,166.0,2.4411764705882355,80.0,1.1764705882352942,102.0,1.5,84.0,1.2352941176470589,384.0,5.647058823529412,45.0,0.6617647058823529,597.0,8.779411764705882,527.88,6.601841432225065,166.0,0.9832775919732444,84.0,384.0,45.0,1377.0,0.5021645021645021,0.3192771084337349,0.7843137254901961,0.0630789526513522,0.05877919587374351,0.056790968183373244,0.054452792044919054,0.04233870967741935,0.11958891311118032,0.037910699241786014,0.07296910603571617,6,20.25,0.0,19.6,0.6555183946488295
WAS,1642259.0,Alex Sarr,48,1306.0,27.208333333333332,316.0,6.583333333333333,656.0,13.666666666666666,50.0,1.0416666666666667,150.0,3.125,101.0,2.1041666666666665,146.0,3.0416666666666665,130.0,2.7083333333333335,355.0,7.395833333333333,82.0,1.7083333333333333,783.0,16.3125,752.74,15.378683110367895,150.0,2.6754459308807137,130.0,355.0,82.0,1306.0,0.4817073170731707,0.3333333333333333,0.6917808219178082,0.08994856940740104,0.13692340782560755,0.05131713992473486,0.14816314547483003,0.0655241935483871,0.11055745873559639,0.06908171861836562,0.06920671930475332,7,27.208333333333332,0.0,26.3,0.8795986622073579
WAS,203468.0,CJ McCollum,35,1082.0,30.914285714285715,240.0,6.857142857142857,529.0,15.114285714285714,96.0,2.742857142857143,244.0,6.9714285714285715,82.0,2.342857142857143,102.0,2.914285714285714,126.0,3.6,124.0,3.5428571428571427,58.0,1.6571428571428573,658.0,18.8,605.38,19.864142857142856,244.0,2.914285714285714,126.0,124.0,58.0,1082.0,0.45368620037807184,0.39344262295081966,0.803921568627451,0.07233980517556186,0.17685949531667244,0.08347588094423537,0.16138982038736063,0.06350806451612903,0.03861725319215198,0.04886267902274642,0.05733665412537756,8,30.914285714285715,0.0,29.9,1.0
WAS,1642364.0,Jamir Watkins,48,1029.0,21.4375,132.0,2.75,296.0,6.166666666666667,47.0,0.9791666666666666,158.0,3.2916666666666665,57.0,1.1875,82.0,1.7083333333333333,67.0,1.3958333333333333,194.0,4.041666666666667,40.0,0.8333333333333334,368.0,7.666666666666667,348.83,6.531634615384615,158.0,1.1826923076923077,67.0,194.0,40.0,1029.0,0.44594594594594594,0.2974683544303797,0.6951219512195121,0.04168339594864588,0.05815411266308148,0.05405405405405406,0.06549615165606971,0.03377016129032258,0.06041731547804422,0.03369839932603201,0.05452811191775741,9,21.4375,0.0,20.7,0.6923076923076923
WAS,1630264.0,Anthony Gill,54,953.0,17.64814814814815,135.0,2.5,215.0,3.9814814814814814,17.0,0.3148148148148148,48.0,0.8888888888888888,34.0,0.6296296296296297,46.0,0.8518518518518519,69.0,1.2777777777777777,158.0,2.925925925925926,36.0,0.6666666666666666,321.0,5.944444444444445,252.49,4.12958751393534,48.0,0.4871794871794872,69.0,158.0,36.0,953.0,0.627906976744186,0.3541666666666667,0.7391304347826086,0.03017126004951868,0.036767595200716686,0.016421484775915155,0.026979444584614085,0.03477822580645161,0.049205854873871066,0.030328559393428812,0.050500768374754916,10,17.64814814814815,0.0,17.1,0.5719063545150502
WAS,203114.0,Khris Middleton,34,827.0,24.323529411764707,130.0,3.823529411764706,300.0,8.823529411764707,33.0,0.9705882352941176,99.0,2.911764705882353,58.0,1.7058823529411764,69.0,2.0294117647058822,111.0,3.264705882352941,134.0,3.9411764705882355,57.0,1.6764705882352942,351.0,10.323529411764707,358.11,0.17246470588235294,99.0,0.04058823529411765,111.0,134.0,57.0,827.0,0.43333333333333335,0.3333333333333333,0.8405797101449275,0.042792308354125445,0.0015355316895198027,0.03386931235032501,0.002247730197436424,0.05594758064516129,0.0417315478044223,0.04802021903959562,0.04382385671135605,11,0.0,0.0,0.0,0.02
WAS,1628963.0,Marvin Bagley III,38,733.0,19.289473684210527,154.0,4.052631578947368,246.0,6.473684210526316,8.0,0.21052631578947367,19.0,0.5,69.0,1.8157894736842106,97.0,2.5526315789473686,56.0,1.4736842105263157,216.0,5.684210526315789,44.0,1.1578947368421053,385.0,10.131578947368421,302.68,0.15956315789473682,19.0,0.05105263157894737,56.0,216.0,44.0,733.0,0.6260162601626016,0.42105263157894735,0.711340206185567,0.03616870763906813,0.001420663341949843,0.006500171057133082,0.0028272365336175923,0.028225806451612902,0.06726876362503893,0.03706823925863521,0.03884266864501086,12,0.0,0.0,0.0,0.02
WAS,1630536.0,Sharife Cooper,41,701.0,17.097560975609756,127.0,3.097560975609756,247.0,6.024390243902439,29.0,0.7073170731707317,76.0,1.853658536585366,50.0,1.2195121951219512,60.0,1.4634146341463414,124.0,3.024390243902439,86.0,2.097560975609756,61.0,1.4878048780487805,333.0,8.121951219512194,304.4,0.13080487804878047,76.0,0.029268292682926828,124.0,86.0,61.0,701.0,0.5141700404858299,0.3815789473684211,0.8333333333333334,0.03637423881766994,0.0011646153012007522,0.026000684228532328,0.0016208446810782272,0.0625,0.02678293366552476,0.051390058972198824,0.03714694504795718,13,0.0,0.0,0.0,0.02
WAS,1641774.0,Tristan Vukcevic,49,670.0,13.673469387755102,152.0,3.1020408163265305,317.0,6.469387755102041,50.0,1.0204081632653061,144.0,2.938775510204082,87.0,1.7755102040816326,111.0,2.2653061224489797,55.0,1.1224489795918366,147.0,3.0,62.0,1.2653061224489797,441.0,9.0,379.59000000000003,0.14533061224489796,144.0,0.045306122448979594,55.0,147.0,62.0,670.0,0.4794952681388013,0.3472222222222222,0.7837837837837838,0.04535905818922253,0.0012939445170398183,0.04926445432774547,0.002509001409383338,0.027721774193548387,0.045780130800373714,0.05223251895534962,0.03550421281331143,14,0.0,0.0,0.0,0.02
WAS,1630702.0,Jaden Hardy,23,471.0,20.47826086956522,104.0,4.521739130434782,235.0,10.217391304347826,58.0,2.5217391304347827,138.0,6.0,24.0,1.0434782608695652,35.0,1.5217391304347827,29.0,1.2608695652173914,39.0,1.6956521739130435,35.0,1.5217391304347827,290.0,12.608695652173912,257.65,0.20573913043478256,138.0,0.030434782608695653,29.0,39.0,35.0,471.0,0.4425531914893617,0.42028985507246375,0.6857142857142857,0.030787853585324116,0.00183178901990742,0.047211768730756075,0.0016854435632951133,0.014616935483870967,0.012145748987854251,0.02948609941027801,0.024958931694133855,15,0.0,0.0,0.0,0.02
WAS,1641778.0,Leaky Black,15,432.0,28.8,40.0,2.6666666666666665,103.0,6.866666666666666,19.0,1.2666666666666666,55.0,3.6666666666666665,7.0,0.4666666666666667,8.0,0.5333333333333333,22.0,1.4666666666666666,75.0,5.0,14.0,0.9333333333333333,106.0,7.066666666666666,112.02,0.12030666666666666,55.0,0.010666666666666666,22.0,75.0,14.0,432.0,0.3883495145631068,0.34545454545454546,0.875,0.013385815480799564,0.0010711449521340294,0.01881628463906945,0.0005907078393262873,0.011088709677419355,0.023357209592027407,0.011794439764111205,0.022892268560224683,16,0.0,0.0,0.0,0.02
WAS,1630557.0,Corey Kispert,19,370.0,19.473684210526315,59.0,3.1052631578947367,119.0,6.2631578947368425,30.0,1.5789473684210527,76.0,4.0,26.0,1.368421052631579,34.0,1.7894736842105263,32.0,1.6842105263157894,44.0,2.3157894736842106,14.0,0.7368421052631579,174.0,9.157894736842104,141.96,0.1451473684210526,76.0,0.03578947368421053,32.0,44.0,14.0,370.0,0.4957983193277311,0.39473684210526316,0.7647058823529411,0.016963491926926498,0.0012923130139622248,0.026000684228532328,0.0019819802503710958,0.016129032258064516,0.013702896293989412,0.011794439764111205,0.019606804090933176,17,0.0,0.0,0.0,0.02
WAS,1641715.0,Cam Whitmore,21,354.0,16.857142857142858,77.0,3.6666666666666665,169.0,8.047619047619047,16.0,0.7619047619047619,56.0,2.6666666666666665,23.0,1.0952380952380953,31.0,1.4761904761904763,15.0,0.7142857142857143,58.0,2.761904761904762,18.0,0.8571428571428571,193.0,9.19047619047619,186.39,0.15377142857142856,56.0,0.029523809523809525,15.0,58.0,18.0,354.0,0.4556213017751479,0.2857142857142857,0.7419354838709677,0.022272649057902435,0.0013690969425085128,0.01915839890523435,0.0016349949124209737,0.007560483870967742,0.01806290875116786,0.015164279696714406,0.01875894229240634,18,0.0,0.0,0.0,0.02
WAS,1642358.0,AJ Johnson,25,216.0,8.64,27.0,1.08,83.0,3.32,7.0,0.28,25.0,1.0,9.0,0.36,12.0,0.48,22.0,0.88,31.0,1.24,18.0,0.72,70.0,2.8,93.78,0.051255999999999996,25.0,0.0096,22.0,31.0,18.0,216.0,0.3253012048192771,0.28,0.75,0.01120622902865009,0.00045635547212608175,0.008552856654122478,0.0005316370553936585,0.011088709677419355,0.009654313298037995,0.015164279696714406,0.011446134280112341,19,0.0,0.0,0.0,0.02
WAS,1629027.0,Trae Young,5,103.0,20.6,25.0,5.0,42.0,8.4,9.0,1.8,21.0,4.2,17.0,3.4,24.0,4.8,31.0,6.2,15.0,3.0,13.0,2.6,76.0,15.2,60.31,0.23496,21.0,0.096,31.0,15.0,13.0,103.0,0.5952380952380952,0.42857142857142855,0.7083333333333334,0.007206735686904319,0.0020919557072487938,0.007184399589462881,0.005316370553936586,0.015625,0.004671441918405481,0.010951979780960405,0.005458110328016534,20,0.0,0.0,0.0,0.02
WAS,1642933.0,Keshon Gilbert,3,48.0,16.0,1.0,0.3333333333333333,4.0,1.3333333333333333,0.0,0.0,2.0,0.6666666666666666,4.0,1.3333333333333333,4.0,1.3333333333333333,3.0,1.0,5.0,1.6666666666666667,6.0,2.0,6.0,2.0,6.51,0.0336,2.0,0.026666666666666665,3.0,5.0,6.0,48.0,0.25,0.0,1.0,0.0007779116120336116,0.0002991560766239337,0.0006842285323297981,0.001476769598315718,0.0015120967741935483,0.0015571473061351605,0.005054759898904802,0.0025435853955805203,21,0.0,0.0,0.0,0.02
